Analysis & Synthesis report for HFTTop
Fri Sep 11 13:48:20 2026
Quartus Prime Version 25.1std.0 Build 1129 10/21/2025 SC Lite Edition


---------------------
; Table of Contents ;
---------------------
  1. Legal Notice
  2. Analysis & Synthesis Summary
  3. Analysis & Synthesis Settings
  4. Parallel Compilation
  5. Analysis & Synthesis Source Files Read
  6. Analysis & Synthesis Resource Usage Summary
  7. Analysis & Synthesis Resource Utilization by Entity
  8. Analysis & Synthesis RAM Summary
  9. Analysis & Synthesis DSP Block Usage Summary
 10. Analysis & Synthesis IP Cores Summary
 11. State Machine - |HFTTop|FSMtrial:FSM|state
 12. State Machine - |HFTTop|HPSfgpa2:u0|HPSfgpa2_mm_interconnect_0:mm_interconnect_0|altera_merlin_burst_adapter:onchip_memory2_0_s1_burst_adapter|altera_merlin_burst_adapter_13_1:altera_merlin_burst_adapter_13_1.burst_adapter|state
 13. Registers Protected by Synthesis
 14. Registers Removed During Synthesis
 15. Removed Registers Triggering Further Register Optimizations
 16. General Register Statistics
 17. Inverted Register Statistics
 18. Multiplexer Restructuring Statistics (Restructuring Performed)
 19. Source assignments for HPSfgpa2:u0|HPSfgpa2_hps_0:hps_0|HPSfgpa2_hps_0_hps_io:hps_io|HPSfgpa2_hps_0_hps_io_border:border|hps_sdram:hps_sdram_inst|hps_sdram_pll:pll
 20. Source assignments for HPSfgpa2:u0|HPSfgpa2_hps_0:hps_0|HPSfgpa2_hps_0_hps_io:hps_io|HPSfgpa2_hps_0_hps_io_border:border|hps_sdram:hps_sdram_inst|hps_sdram_p0:p0
 21. Source assignments for HPSfgpa2:u0|HPSfgpa2_hps_0:hps_0|HPSfgpa2_hps_0_hps_io:hps_io|HPSfgpa2_hps_0_hps_io_border:border|hps_sdram:hps_sdram_inst|hps_sdram_p0:p0|hps_sdram_p0_acv_hard_memphy:umemphy|hps_sdram_p0_acv_hard_io_pads:uio_pads|hps_sdram_p0_acv_hard_addr_cmd_pads:uaddr_cmd_pads|altddio_out:clock_gen[0].umem_ck_pad
 22. Source assignments for HPSfgpa2:u0|HPSfgpa2_hps_0:hps_0|HPSfgpa2_hps_0_hps_io:hps_io|HPSfgpa2_hps_0_hps_io_border:border|hps_sdram:hps_sdram_inst|hps_sdram_p0:p0|hps_sdram_p0_acv_hard_memphy:umemphy|hps_sdram_p0_acv_hard_io_pads:uio_pads|hps_sdram_p0_acv_hard_addr_cmd_pads:uaddr_cmd_pads|altddio_out:clock_gen[0].umem_ck_pad|ddio_out_uqe:auto_generated
 23. Source assignments for HPSfgpa2:u0|HPSfgpa2_hps_0:hps_0|HPSfgpa2_hps_0_hps_io:hps_io|HPSfgpa2_hps_0_hps_io_border:border|hps_sdram:hps_sdram_inst|hps_sdram_p0:p0|hps_sdram_p0_acv_hard_memphy:umemphy|hps_sdram_p0_acv_hard_io_pads:uio_pads|hps_sdram_p0_altdqdqs:dq_ddio[0].ubidir_dq_dqs|altdq_dqs2_acv_connect_to_hard_phy_cyclonev:altdq_dqs2_inst
 24. Source assignments for HPSfgpa2:u0|HPSfgpa2_hps_0:hps_0|HPSfgpa2_hps_0_hps_io:hps_io|HPSfgpa2_hps_0_hps_io_border:border|hps_sdram:hps_sdram_inst|altera_mem_if_hard_memory_controller_top_cyclonev:c0
 25. Source assignments for HPSfgpa2:u0|HPSfgpa2_hps_0:hps_0|HPSfgpa2_hps_0_hps_io:hps_io|HPSfgpa2_hps_0_hps_io_border:border|hps_sdram:hps_sdram_inst|altera_mem_if_oct_cyclonev:oct
 26. Source assignments for HPSfgpa2:u0|HPSfgpa2_hps_0:hps_0|HPSfgpa2_hps_0_hps_io:hps_io|HPSfgpa2_hps_0_hps_io_border:border|hps_sdram:hps_sdram_inst|altera_mem_if_dll_cyclonev:dll
 27. Source assignments for HPSfgpa2:u0|HPSfgpa2_onchip_memory2_0:onchip_memory2_0|altsyncram:the_altsyncram|altsyncram_m872:auto_generated
 28. Source assignments for HPSfgpa2:u0|HPSfgpa2_mm_interconnect_0:mm_interconnect_0|HPSfgpa2_mm_interconnect_0_cmd_demux:cmd_demux
 29. Source assignments for HPSfgpa2:u0|HPSfgpa2_mm_interconnect_0:mm_interconnect_0|HPSfgpa2_mm_interconnect_0_cmd_demux:cmd_demux_001
 30. Source assignments for HPSfgpa2:u0|HPSfgpa2_mm_interconnect_0:mm_interconnect_0|HPSfgpa2_mm_interconnect_0_rsp_demux:rsp_demux
 31. Source assignments for HPSfgpa2:u0|altera_reset_controller:rst_controller
 32. Source assignments for HPSfgpa2:u0|altera_reset_controller:rst_controller|altera_reset_synchronizer:alt_rst_sync_uq1
 33. Source assignments for HPSfgpa2:u0|altera_reset_controller:rst_controller|altera_reset_synchronizer:alt_rst_req_sync_uq1
 34. Source assignments for HPSfgpa2:u0|altera_reset_controller:rst_controller_001|altera_reset_synchronizer:alt_rst_sync_uq1
 35. Source assignments for HPSfgpa2:u0|altera_reset_controller:rst_controller_001|altera_reset_synchronizer:alt_rst_req_sync_uq1
 36. Parameter Settings for User Entity Instance: HPSfgpa2:u0|HPSfgpa2_hps_0:hps_0
 37. Parameter Settings for User Entity Instance: HPSfgpa2:u0|HPSfgpa2_hps_0:hps_0|HPSfgpa2_hps_0_hps_io:hps_io|HPSfgpa2_hps_0_hps_io_border:border|hps_sdram:hps_sdram_inst|hps_sdram_pll:pll
 38. Parameter Settings for User Entity Instance: HPSfgpa2:u0|HPSfgpa2_hps_0:hps_0|HPSfgpa2_hps_0_hps_io:hps_io|HPSfgpa2_hps_0_hps_io_border:border|hps_sdram:hps_sdram_inst|hps_sdram_p0:p0
 39. Parameter Settings for User Entity Instance: HPSfgpa2:u0|HPSfgpa2_hps_0:hps_0|HPSfgpa2_hps_0_hps_io:hps_io|HPSfgpa2_hps_0_hps_io_border:border|hps_sdram:hps_sdram_inst|hps_sdram_p0:p0|hps_sdram_p0_acv_hard_memphy:umemphy
 40. Parameter Settings for User Entity Instance: HPSfgpa2:u0|HPSfgpa2_hps_0:hps_0|HPSfgpa2_hps_0_hps_io:hps_io|HPSfgpa2_hps_0_hps_io_border:border|hps_sdram:hps_sdram_inst|hps_sdram_p0:p0|hps_sdram_p0_acv_hard_memphy:umemphy|hps_sdram_p0_acv_ldc:memphy_ldc
 41. Parameter Settings for User Entity Instance: HPSfgpa2:u0|HPSfgpa2_hps_0:hps_0|HPSfgpa2_hps_0_hps_io:hps_io|HPSfgpa2_hps_0_hps_io_border:border|hps_sdram:hps_sdram_inst|hps_sdram_p0:p0|hps_sdram_p0_acv_hard_memphy:umemphy|hps_sdram_p0_acv_hard_io_pads:uio_pads
 42. Parameter Settings for User Entity Instance: HPSfgpa2:u0|HPSfgpa2_hps_0:hps_0|HPSfgpa2_hps_0_hps_io:hps_io|HPSfgpa2_hps_0_hps_io_border:border|hps_sdram:hps_sdram_inst|hps_sdram_p0:p0|hps_sdram_p0_acv_hard_memphy:umemphy|hps_sdram_p0_acv_hard_io_pads:uio_pads|hps_sdram_p0_acv_hard_addr_cmd_pads:uaddr_cmd_pads
 43. Parameter Settings for User Entity Instance: HPSfgpa2:u0|HPSfgpa2_hps_0:hps_0|HPSfgpa2_hps_0_hps_io:hps_io|HPSfgpa2_hps_0_hps_io_border:border|hps_sdram:hps_sdram_inst|hps_sdram_p0:p0|hps_sdram_p0_acv_hard_memphy:umemphy|hps_sdram_p0_acv_hard_io_pads:uio_pads|hps_sdram_p0_acv_hard_addr_cmd_pads:uaddr_cmd_pads|hps_sdram_p0_acv_ldc:address_gen[0].acv_ac_ldc
 44. Parameter Settings for User Entity Instance: HPSfgpa2:u0|HPSfgpa2_hps_0:hps_0|HPSfgpa2_hps_0_hps_io:hps_io|HPSfgpa2_hps_0_hps_io_border:border|hps_sdram:hps_sdram_inst|hps_sdram_p0:p0|hps_sdram_p0_acv_hard_memphy:umemphy|hps_sdram_p0_acv_hard_io_pads:uio_pads|hps_sdram_p0_acv_hard_addr_cmd_pads:uaddr_cmd_pads|hps_sdram_p0_acv_ldc:address_gen[1].acv_ac_ldc
 45. Parameter Settings for User Entity Instance: HPSfgpa2:u0|HPSfgpa2_hps_0:hps_0|HPSfgpa2_hps_0_hps_io:hps_io|HPSfgpa2_hps_0_hps_io_border:border|hps_sdram:hps_sdram_inst|hps_sdram_p0:p0|hps_sdram_p0_acv_hard_memphy:umemphy|hps_sdram_p0_acv_hard_io_pads:uio_pads|hps_sdram_p0_acv_hard_addr_cmd_pads:uaddr_cmd_pads|hps_sdram_p0_acv_ldc:address_gen[2].acv_ac_ldc
 46. Parameter Settings for User Entity Instance: HPSfgpa2:u0|HPSfgpa2_hps_0:hps_0|HPSfgpa2_hps_0_hps_io:hps_io|HPSfgpa2_hps_0_hps_io_border:border|hps_sdram:hps_sdram_inst|hps_sdram_p0:p0|hps_sdram_p0_acv_hard_memphy:umemphy|hps_sdram_p0_acv_hard_io_pads:uio_pads|hps_sdram_p0_acv_hard_addr_cmd_pads:uaddr_cmd_pads|hps_sdram_p0_acv_ldc:address_gen[3].acv_ac_ldc
 47. Parameter Settings for User Entity Instance: HPSfgpa2:u0|HPSfgpa2_hps_0:hps_0|HPSfgpa2_hps_0_hps_io:hps_io|HPSfgpa2_hps_0_hps_io_border:border|hps_sdram:hps_sdram_inst|hps_sdram_p0:p0|hps_sdram_p0_acv_hard_memphy:umemphy|hps_sdram_p0_acv_hard_io_pads:uio_pads|hps_sdram_p0_acv_hard_addr_cmd_pads:uaddr_cmd_pads|hps_sdram_p0_acv_ldc:address_gen[4].acv_ac_ldc
 48. Parameter Settings for User Entity Instance: HPSfgpa2:u0|HPSfgpa2_hps_0:hps_0|HPSfgpa2_hps_0_hps_io:hps_io|HPSfgpa2_hps_0_hps_io_border:border|hps_sdram:hps_sdram_inst|hps_sdram_p0:p0|hps_sdram_p0_acv_hard_memphy:umemphy|hps_sdram_p0_acv_hard_io_pads:uio_pads|hps_sdram_p0_acv_hard_addr_cmd_pads:uaddr_cmd_pads|hps_sdram_p0_acv_ldc:address_gen[5].acv_ac_ldc
 49. Parameter Settings for User Entity Instance: HPSfgpa2:u0|HPSfgpa2_hps_0:hps_0|HPSfgpa2_hps_0_hps_io:hps_io|HPSfgpa2_hps_0_hps_io_border:border|hps_sdram:hps_sdram_inst|hps_sdram_p0:p0|hps_sdram_p0_acv_hard_memphy:umemphy|hps_sdram_p0_acv_hard_io_pads:uio_pads|hps_sdram_p0_acv_hard_addr_cmd_pads:uaddr_cmd_pads|hps_sdram_p0_acv_ldc:address_gen[6].acv_ac_ldc
 50. Parameter Settings for User Entity Instance: HPSfgpa2:u0|HPSfgpa2_hps_0:hps_0|HPSfgpa2_hps_0_hps_io:hps_io|HPSfgpa2_hps_0_hps_io_border:border|hps_sdram:hps_sdram_inst|hps_sdram_p0:p0|hps_sdram_p0_acv_hard_memphy:umemphy|hps_sdram_p0_acv_hard_io_pads:uio_pads|hps_sdram_p0_acv_hard_addr_cmd_pads:uaddr_cmd_pads|hps_sdram_p0_acv_ldc:address_gen[7].acv_ac_ldc
 51. Parameter Settings for User Entity Instance: HPSfgpa2:u0|HPSfgpa2_hps_0:hps_0|HPSfgpa2_hps_0_hps_io:hps_io|HPSfgpa2_hps_0_hps_io_border:border|hps_sdram:hps_sdram_inst|hps_sdram_p0:p0|hps_sdram_p0_acv_hard_memphy:umemphy|hps_sdram_p0_acv_hard_io_pads:uio_pads|hps_sdram_p0_acv_hard_addr_cmd_pads:uaddr_cmd_pads|hps_sdram_p0_acv_ldc:address_gen[8].acv_ac_ldc
 52. Parameter Settings for User Entity Instance: HPSfgpa2:u0|HPSfgpa2_hps_0:hps_0|HPSfgpa2_hps_0_hps_io:hps_io|HPSfgpa2_hps_0_hps_io_border:border|hps_sdram:hps_sdram_inst|hps_sdram_p0:p0|hps_sdram_p0_acv_hard_memphy:umemphy|hps_sdram_p0_acv_hard_io_pads:uio_pads|hps_sdram_p0_acv_hard_addr_cmd_pads:uaddr_cmd_pads|hps_sdram_p0_acv_ldc:address_gen[9].acv_ac_ldc
 53. Parameter Settings for User Entity Instance: HPSfgpa2:u0|HPSfgpa2_hps_0:hps_0|HPSfgpa2_hps_0_hps_io:hps_io|HPSfgpa2_hps_0_hps_io_border:border|hps_sdram:hps_sdram_inst|hps_sdram_p0:p0|hps_sdram_p0_acv_hard_memphy:umemphy|hps_sdram_p0_acv_hard_io_pads:uio_pads|hps_sdram_p0_acv_hard_addr_cmd_pads:uaddr_cmd_pads|hps_sdram_p0_acv_ldc:address_gen[10].acv_ac_ldc
 54. Parameter Settings for User Entity Instance: HPSfgpa2:u0|HPSfgpa2_hps_0:hps_0|HPSfgpa2_hps_0_hps_io:hps_io|HPSfgpa2_hps_0_hps_io_border:border|hps_sdram:hps_sdram_inst|hps_sdram_p0:p0|hps_sdram_p0_acv_hard_memphy:umemphy|hps_sdram_p0_acv_hard_io_pads:uio_pads|hps_sdram_p0_acv_hard_addr_cmd_pads:uaddr_cmd_pads|hps_sdram_p0_acv_ldc:address_gen[11].acv_ac_ldc
 55. Parameter Settings for User Entity Instance: HPSfgpa2:u0|HPSfgpa2_hps_0:hps_0|HPSfgpa2_hps_0_hps_io:hps_io|HPSfgpa2_hps_0_hps_io_border:border|hps_sdram:hps_sdram_inst|hps_sdram_p0:p0|hps_sdram_p0_acv_hard_memphy:umemphy|hps_sdram_p0_acv_hard_io_pads:uio_pads|hps_sdram_p0_acv_hard_addr_cmd_pads:uaddr_cmd_pads|hps_sdram_p0_acv_ldc:address_gen[12].acv_ac_ldc
 56. Parameter Settings for User Entity Instance: HPSfgpa2:u0|HPSfgpa2_hps_0:hps_0|HPSfgpa2_hps_0_hps_io:hps_io|HPSfgpa2_hps_0_hps_io_border:border|hps_sdram:hps_sdram_inst|hps_sdram_p0:p0|hps_sdram_p0_acv_hard_memphy:umemphy|hps_sdram_p0_acv_hard_io_pads:uio_pads|hps_sdram_p0_acv_hard_addr_cmd_pads:uaddr_cmd_pads|hps_sdram_p0_acv_ldc:address_gen[13].acv_ac_ldc
 57. Parameter Settings for User Entity Instance: HPSfgpa2:u0|HPSfgpa2_hps_0:hps_0|HPSfgpa2_hps_0_hps_io:hps_io|HPSfgpa2_hps_0_hps_io_border:border|hps_sdram:hps_sdram_inst|hps_sdram_p0:p0|hps_sdram_p0_acv_hard_memphy:umemphy|hps_sdram_p0_acv_hard_io_pads:uio_pads|hps_sdram_p0_acv_hard_addr_cmd_pads:uaddr_cmd_pads|hps_sdram_p0_acv_ldc:address_gen[14].acv_ac_ldc
 58. Parameter Settings for User Entity Instance: HPSfgpa2:u0|HPSfgpa2_hps_0:hps_0|HPSfgpa2_hps_0_hps_io:hps_io|HPSfgpa2_hps_0_hps_io_border:border|hps_sdram:hps_sdram_inst|hps_sdram_p0:p0|hps_sdram_p0_acv_hard_memphy:umemphy|hps_sdram_p0_acv_hard_io_pads:uio_pads|hps_sdram_p0_acv_hard_addr_cmd_pads:uaddr_cmd_pads|hps_sdram_p0_acv_ldc:address_gen[15].acv_ac_ldc
 59. Parameter Settings for User Entity Instance: HPSfgpa2:u0|HPSfgpa2_hps_0:hps_0|HPSfgpa2_hps_0_hps_io:hps_io|HPSfgpa2_hps_0_hps_io_border:border|hps_sdram:hps_sdram_inst|hps_sdram_p0:p0|hps_sdram_p0_acv_hard_memphy:umemphy|hps_sdram_p0_acv_hard_io_pads:uio_pads|hps_sdram_p0_acv_hard_addr_cmd_pads:uaddr_cmd_pads|hps_sdram_p0_acv_ldc:address_gen[16].acv_ac_ldc
 60. Parameter Settings for User Entity Instance: HPSfgpa2:u0|HPSfgpa2_hps_0:hps_0|HPSfgpa2_hps_0_hps_io:hps_io|HPSfgpa2_hps_0_hps_io_border:border|hps_sdram:hps_sdram_inst|hps_sdram_p0:p0|hps_sdram_p0_acv_hard_memphy:umemphy|hps_sdram_p0_acv_hard_io_pads:uio_pads|hps_sdram_p0_acv_hard_addr_cmd_pads:uaddr_cmd_pads|hps_sdram_p0_acv_ldc:address_gen[17].acv_ac_ldc
 61. Parameter Settings for User Entity Instance: HPSfgpa2:u0|HPSfgpa2_hps_0:hps_0|HPSfgpa2_hps_0_hps_io:hps_io|HPSfgpa2_hps_0_hps_io_border:border|hps_sdram:hps_sdram_inst|hps_sdram_p0:p0|hps_sdram_p0_acv_hard_memphy:umemphy|hps_sdram_p0_acv_hard_io_pads:uio_pads|hps_sdram_p0_acv_hard_addr_cmd_pads:uaddr_cmd_pads|hps_sdram_p0_acv_ldc:address_gen[18].acv_ac_ldc
 62. Parameter Settings for User Entity Instance: HPSfgpa2:u0|HPSfgpa2_hps_0:hps_0|HPSfgpa2_hps_0_hps_io:hps_io|HPSfgpa2_hps_0_hps_io_border:border|hps_sdram:hps_sdram_inst|hps_sdram_p0:p0|hps_sdram_p0_acv_hard_memphy:umemphy|hps_sdram_p0_acv_hard_io_pads:uio_pads|hps_sdram_p0_acv_hard_addr_cmd_pads:uaddr_cmd_pads|hps_sdram_p0_acv_ldc:address_gen[19].acv_ac_ldc
 63. Parameter Settings for User Entity Instance: HPSfgpa2:u0|HPSfgpa2_hps_0:hps_0|HPSfgpa2_hps_0_hps_io:hps_io|HPSfgpa2_hps_0_hps_io_border:border|hps_sdram:hps_sdram_inst|hps_sdram_p0:p0|hps_sdram_p0_acv_hard_memphy:umemphy|hps_sdram_p0_acv_hard_io_pads:uio_pads|hps_sdram_p0_acv_hard_addr_cmd_pads:uaddr_cmd_pads|hps_sdram_p0_acv_ldc:address_gen[20].acv_ac_ldc
 64. Parameter Settings for User Entity Instance: HPSfgpa2:u0|HPSfgpa2_hps_0:hps_0|HPSfgpa2_hps_0_hps_io:hps_io|HPSfgpa2_hps_0_hps_io_border:border|hps_sdram:hps_sdram_inst|hps_sdram_p0:p0|hps_sdram_p0_acv_hard_memphy:umemphy|hps_sdram_p0_acv_hard_io_pads:uio_pads|hps_sdram_p0_acv_hard_addr_cmd_pads:uaddr_cmd_pads|hps_sdram_p0_acv_ldc:address_gen[21].acv_ac_ldc
 65. Parameter Settings for User Entity Instance: HPSfgpa2:u0|HPSfgpa2_hps_0:hps_0|HPSfgpa2_hps_0_hps_io:hps_io|HPSfgpa2_hps_0_hps_io_border:border|hps_sdram:hps_sdram_inst|hps_sdram_p0:p0|hps_sdram_p0_acv_hard_memphy:umemphy|hps_sdram_p0_acv_hard_io_pads:uio_pads|hps_sdram_p0_acv_hard_addr_cmd_pads:uaddr_cmd_pads|hps_sdram_p0_acv_ldc:address_gen[22].acv_ac_ldc
 66. Parameter Settings for User Entity Instance: HPSfgpa2:u0|HPSfgpa2_hps_0:hps_0|HPSfgpa2_hps_0_hps_io:hps_io|HPSfgpa2_hps_0_hps_io_border:border|hps_sdram:hps_sdram_inst|hps_sdram_p0:p0|hps_sdram_p0_acv_hard_memphy:umemphy|hps_sdram_p0_acv_hard_io_pads:uio_pads|hps_sdram_p0_acv_hard_addr_cmd_pads:uaddr_cmd_pads|hps_sdram_p0_generic_ddio:uaddress_pad
 67. Parameter Settings for User Entity Instance: HPSfgpa2:u0|HPSfgpa2_hps_0:hps_0|HPSfgpa2_hps_0_hps_io:hps_io|HPSfgpa2_hps_0_hps_io_border:border|hps_sdram:hps_sdram_inst|hps_sdram_p0:p0|hps_sdram_p0_acv_hard_memphy:umemphy|hps_sdram_p0_acv_hard_io_pads:uio_pads|hps_sdram_p0_acv_hard_addr_cmd_pads:uaddr_cmd_pads|hps_sdram_p0_generic_ddio:ubank_pad
 68. Parameter Settings for User Entity Instance: HPSfgpa2:u0|HPSfgpa2_hps_0:hps_0|HPSfgpa2_hps_0_hps_io:hps_io|HPSfgpa2_hps_0_hps_io_border:border|hps_sdram:hps_sdram_inst|hps_sdram_p0:p0|hps_sdram_p0_acv_hard_memphy:umemphy|hps_sdram_p0_acv_hard_io_pads:uio_pads|hps_sdram_p0_acv_hard_addr_cmd_pads:uaddr_cmd_pads|hps_sdram_p0_generic_ddio:ucmd_pad
 69. Parameter Settings for User Entity Instance: HPSfgpa2:u0|HPSfgpa2_hps_0:hps_0|HPSfgpa2_hps_0_hps_io:hps_io|HPSfgpa2_hps_0_hps_io_border:border|hps_sdram:hps_sdram_inst|hps_sdram_p0:p0|hps_sdram_p0_acv_hard_memphy:umemphy|hps_sdram_p0_acv_hard_io_pads:uio_pads|hps_sdram_p0_acv_hard_addr_cmd_pads:uaddr_cmd_pads|hps_sdram_p0_generic_ddio:ureset_n_pad
 70. Parameter Settings for User Entity Instance: HPSfgpa2:u0|HPSfgpa2_hps_0:hps_0|HPSfgpa2_hps_0_hps_io:hps_io|HPSfgpa2_hps_0_hps_io_border:border|hps_sdram:hps_sdram_inst|hps_sdram_p0:p0|hps_sdram_p0_acv_hard_memphy:umemphy|hps_sdram_p0_acv_hard_io_pads:uio_pads|hps_sdram_p0_acv_hard_addr_cmd_pads:uaddr_cmd_pads|altddio_out:clock_gen[0].umem_ck_pad
 71. Parameter Settings for User Entity Instance: HPSfgpa2:u0|HPSfgpa2_hps_0:hps_0|HPSfgpa2_hps_0_hps_io:hps_io|HPSfgpa2_hps_0_hps_io_border:border|hps_sdram:hps_sdram_inst|hps_sdram_p0:p0|hps_sdram_p0_acv_hard_memphy:umemphy|hps_sdram_p0_acv_hard_io_pads:uio_pads|hps_sdram_p0_altdqdqs:dq_ddio[0].ubidir_dq_dqs
 72. Parameter Settings for User Entity Instance: HPSfgpa2:u0|HPSfgpa2_hps_0:hps_0|HPSfgpa2_hps_0_hps_io:hps_io|HPSfgpa2_hps_0_hps_io_border:border|hps_sdram:hps_sdram_inst|hps_sdram_p0:p0|hps_sdram_p0_acv_hard_memphy:umemphy|hps_sdram_p0_acv_hard_io_pads:uio_pads|hps_sdram_p0_altdqdqs:dq_ddio[0].ubidir_dq_dqs|altdq_dqs2_acv_connect_to_hard_phy_cyclonev:altdq_dqs2_inst
 73. Parameter Settings for User Entity Instance: HPSfgpa2:u0|HPSfgpa2_hps_0:hps_0|HPSfgpa2_hps_0_hps_io:hps_io|HPSfgpa2_hps_0_hps_io_border:border|hps_sdram:hps_sdram_inst|altera_mem_if_hhp_qseq_synth_top:seq
 74. Parameter Settings for User Entity Instance: HPSfgpa2:u0|HPSfgpa2_hps_0:hps_0|HPSfgpa2_hps_0_hps_io:hps_io|HPSfgpa2_hps_0_hps_io_border:border|hps_sdram:hps_sdram_inst|altera_mem_if_hard_memory_controller_top_cyclonev:c0
 75. Parameter Settings for User Entity Instance: HPSfgpa2:u0|HPSfgpa2_hps_0:hps_0|HPSfgpa2_hps_0_hps_io:hps_io|HPSfgpa2_hps_0_hps_io_border:border|hps_sdram:hps_sdram_inst|altera_mem_if_oct_cyclonev:oct
 76. Parameter Settings for User Entity Instance: HPSfgpa2:u0|HPSfgpa2_hps_0:hps_0|HPSfgpa2_hps_0_hps_io:hps_io|HPSfgpa2_hps_0_hps_io_border:border|hps_sdram:hps_sdram_inst|altera_mem_if_dll_cyclonev:dll
 77. Parameter Settings for User Entity Instance: HPSfgpa2:u0|HPSfgpa2_onchip_memory2_0:onchip_memory2_0
 78. Parameter Settings for User Entity Instance: HPSfgpa2:u0|HPSfgpa2_onchip_memory2_0:onchip_memory2_0|altsyncram:the_altsyncram
 79. Parameter Settings for User Entity Instance: HPSfgpa2:u0|HPSfgpa2_mm_interconnect_0:mm_interconnect_0|altera_merlin_slave_translator:onchip_memory2_0_s1_translator
 80. Parameter Settings for User Entity Instance: HPSfgpa2:u0|HPSfgpa2_mm_interconnect_0:mm_interconnect_0|altera_merlin_axi_master_ni:hps_0_h2f_lw_axi_master_agent
 81. Parameter Settings for User Entity Instance: HPSfgpa2:u0|HPSfgpa2_mm_interconnect_0:mm_interconnect_0|altera_merlin_axi_master_ni:hps_0_h2f_lw_axi_master_agent|altera_merlin_address_alignment:align_address_to_size
 82. Parameter Settings for User Entity Instance: HPSfgpa2:u0|HPSfgpa2_mm_interconnect_0:mm_interconnect_0|altera_merlin_slave_agent:onchip_memory2_0_s1_agent
 83. Parameter Settings for User Entity Instance: HPSfgpa2:u0|HPSfgpa2_mm_interconnect_0:mm_interconnect_0|altera_merlin_slave_agent:onchip_memory2_0_s1_agent|altera_merlin_burst_uncompressor:uncompressor
 84. Parameter Settings for User Entity Instance: HPSfgpa2:u0|HPSfgpa2_mm_interconnect_0:mm_interconnect_0|altera_avalon_sc_fifo:onchip_memory2_0_s1_agent_rsp_fifo
 85. Parameter Settings for User Entity Instance: HPSfgpa2:u0|HPSfgpa2_mm_interconnect_0:mm_interconnect_0|altera_avalon_sc_fifo:onchip_memory2_0_s1_agent_rdata_fifo
 86. Parameter Settings for User Entity Instance: HPSfgpa2:u0|HPSfgpa2_mm_interconnect_0:mm_interconnect_0|HPSfgpa2_mm_interconnect_0_router:router|HPSfgpa2_mm_interconnect_0_router_default_decode:the_default_decode
 87. Parameter Settings for User Entity Instance: HPSfgpa2:u0|HPSfgpa2_mm_interconnect_0:mm_interconnect_0|HPSfgpa2_mm_interconnect_0_router:router_001|HPSfgpa2_mm_interconnect_0_router_default_decode:the_default_decode
 88. Parameter Settings for User Entity Instance: HPSfgpa2:u0|HPSfgpa2_mm_interconnect_0:mm_interconnect_0|HPSfgpa2_mm_interconnect_0_router_002:router_002|HPSfgpa2_mm_interconnect_0_router_002_default_decode:the_default_decode
 89. Parameter Settings for User Entity Instance: HPSfgpa2:u0|HPSfgpa2_mm_interconnect_0:mm_interconnect_0|altera_merlin_burst_adapter:onchip_memory2_0_s1_burst_adapter
 90. Parameter Settings for User Entity Instance: HPSfgpa2:u0|HPSfgpa2_mm_interconnect_0:mm_interconnect_0|altera_merlin_burst_adapter:onchip_memory2_0_s1_burst_adapter|altera_merlin_burst_adapter_13_1:altera_merlin_burst_adapter_13_1.burst_adapter
 91. Parameter Settings for User Entity Instance: HPSfgpa2:u0|HPSfgpa2_mm_interconnect_0:mm_interconnect_0|altera_merlin_burst_adapter:onchip_memory2_0_s1_burst_adapter|altera_merlin_burst_adapter_13_1:altera_merlin_burst_adapter_13_1.burst_adapter|altera_merlin_address_alignment:align_address_to_size
 92. Parameter Settings for User Entity Instance: HPSfgpa2:u0|HPSfgpa2_mm_interconnect_0:mm_interconnect_0|altera_merlin_burst_adapter:onchip_memory2_0_s1_burst_adapter|altera_merlin_burst_adapter_13_1:altera_merlin_burst_adapter_13_1.burst_adapter|altera_merlin_burst_adapter_burstwrap_increment:the_burstwrap_increment
 93. Parameter Settings for User Entity Instance: HPSfgpa2:u0|HPSfgpa2_mm_interconnect_0:mm_interconnect_0|altera_merlin_burst_adapter:onchip_memory2_0_s1_burst_adapter|altera_merlin_burst_adapter_13_1:altera_merlin_burst_adapter_13_1.burst_adapter|altera_merlin_burst_adapter_min:the_min
 94. Parameter Settings for User Entity Instance: HPSfgpa2:u0|HPSfgpa2_mm_interconnect_0:mm_interconnect_0|altera_merlin_burst_adapter:onchip_memory2_0_s1_burst_adapter|altera_merlin_burst_adapter_13_1:altera_merlin_burst_adapter_13_1.burst_adapter|altera_merlin_burst_adapter_min:the_min|altera_merlin_burst_adapter_subtractor:ab_sub
 95. Parameter Settings for User Entity Instance: HPSfgpa2:u0|HPSfgpa2_mm_interconnect_0:mm_interconnect_0|altera_merlin_burst_adapter:onchip_memory2_0_s1_burst_adapter|altera_merlin_burst_adapter_13_1:altera_merlin_burst_adapter_13_1.burst_adapter|altera_merlin_burst_adapter_min:the_min|altera_merlin_burst_adapter_subtractor:ab_sub|altera_merlin_burst_adapter_adder:subtract
 96. Parameter Settings for User Entity Instance: HPSfgpa2:u0|HPSfgpa2_mm_interconnect_0:mm_interconnect_0|altera_merlin_burst_adapter:onchip_memory2_0_s1_burst_adapter|altera_merlin_burst_adapter_13_1:altera_merlin_burst_adapter_13_1.burst_adapter|altera_merlin_burst_adapter_min:the_min|altera_merlin_burst_adapter_subtractor:ac_sub
 97. Parameter Settings for User Entity Instance: HPSfgpa2:u0|HPSfgpa2_mm_interconnect_0:mm_interconnect_0|altera_merlin_burst_adapter:onchip_memory2_0_s1_burst_adapter|altera_merlin_burst_adapter_13_1:altera_merlin_burst_adapter_13_1.burst_adapter|altera_merlin_burst_adapter_min:the_min|altera_merlin_burst_adapter_subtractor:ac_sub|altera_merlin_burst_adapter_adder:subtract
 98. Parameter Settings for User Entity Instance: HPSfgpa2:u0|HPSfgpa2_mm_interconnect_0:mm_interconnect_0|altera_merlin_burst_adapter:onchip_memory2_0_s1_burst_adapter|altera_merlin_burst_adapter_13_1:altera_merlin_burst_adapter_13_1.burst_adapter|altera_merlin_burst_adapter_min:the_min|altera_merlin_burst_adapter_subtractor:bc_sub
 99. Parameter Settings for User Entity Instance: HPSfgpa2:u0|HPSfgpa2_mm_interconnect_0:mm_interconnect_0|altera_merlin_burst_adapter:onchip_memory2_0_s1_burst_adapter|altera_merlin_burst_adapter_13_1:altera_merlin_burst_adapter_13_1.burst_adapter|altera_merlin_burst_adapter_min:the_min|altera_merlin_burst_adapter_subtractor:bc_sub|altera_merlin_burst_adapter_adder:subtract
100. Parameter Settings for User Entity Instance: HPSfgpa2:u0|HPSfgpa2_mm_interconnect_0:mm_interconnect_0|altera_merlin_burst_adapter:onchip_memory2_0_s1_burst_adapter|altera_merlin_burst_adapter_13_1:altera_merlin_burst_adapter_13_1.burst_adapter|altera_merlin_burst_adapter_min:the_min|altera_merlin_burst_adapter_subtractor:da_sub
101. Parameter Settings for User Entity Instance: HPSfgpa2:u0|HPSfgpa2_mm_interconnect_0:mm_interconnect_0|altera_merlin_burst_adapter:onchip_memory2_0_s1_burst_adapter|altera_merlin_burst_adapter_13_1:altera_merlin_burst_adapter_13_1.burst_adapter|altera_merlin_burst_adapter_min:the_min|altera_merlin_burst_adapter_subtractor:da_sub|altera_merlin_burst_adapter_adder:subtract
102. Parameter Settings for User Entity Instance: HPSfgpa2:u0|HPSfgpa2_mm_interconnect_0:mm_interconnect_0|altera_merlin_burst_adapter:onchip_memory2_0_s1_burst_adapter|altera_merlin_burst_adapter_13_1:altera_merlin_burst_adapter_13_1.burst_adapter|altera_merlin_burst_adapter_min:the_min|altera_merlin_burst_adapter_subtractor:db_sub
103. Parameter Settings for User Entity Instance: HPSfgpa2:u0|HPSfgpa2_mm_interconnect_0:mm_interconnect_0|altera_merlin_burst_adapter:onchip_memory2_0_s1_burst_adapter|altera_merlin_burst_adapter_13_1:altera_merlin_burst_adapter_13_1.burst_adapter|altera_merlin_burst_adapter_min:the_min|altera_merlin_burst_adapter_subtractor:db_sub|altera_merlin_burst_adapter_adder:subtract
104. Parameter Settings for User Entity Instance: HPSfgpa2:u0|HPSfgpa2_mm_interconnect_0:mm_interconnect_0|altera_merlin_burst_adapter:onchip_memory2_0_s1_burst_adapter|altera_merlin_burst_adapter_13_1:altera_merlin_burst_adapter_13_1.burst_adapter|altera_merlin_burst_adapter_min:the_min|altera_merlin_burst_adapter_subtractor:dc_sub
105. Parameter Settings for User Entity Instance: HPSfgpa2:u0|HPSfgpa2_mm_interconnect_0:mm_interconnect_0|altera_merlin_burst_adapter:onchip_memory2_0_s1_burst_adapter|altera_merlin_burst_adapter_13_1:altera_merlin_burst_adapter_13_1.burst_adapter|altera_merlin_burst_adapter_min:the_min|altera_merlin_burst_adapter_subtractor:dc_sub|altera_merlin_burst_adapter_adder:subtract
106. Parameter Settings for User Entity Instance: HPSfgpa2:u0|HPSfgpa2_mm_interconnect_0:mm_interconnect_0|HPSfgpa2_mm_interconnect_0_cmd_mux:cmd_mux|altera_merlin_arbitrator:arb
107. Parameter Settings for User Entity Instance: HPSfgpa2:u0|HPSfgpa2_mm_interconnect_0:mm_interconnect_0|HPSfgpa2_mm_interconnect_0_cmd_mux:cmd_mux|altera_merlin_arbitrator:arb|altera_merlin_arb_adder:adder
108. Parameter Settings for User Entity Instance: HPSfgpa2:u0|HPSfgpa2_mm_interconnect_0:mm_interconnect_0|HPSfgpa2_mm_interconnect_0_avalon_st_adapter:avalon_st_adapter
109. Parameter Settings for User Entity Instance: HPSfgpa2:u0|altera_reset_controller:rst_controller
110. Parameter Settings for User Entity Instance: HPSfgpa2:u0|altera_reset_controller:rst_controller|altera_reset_synchronizer:alt_rst_sync_uq1
111. Parameter Settings for User Entity Instance: HPSfgpa2:u0|altera_reset_controller:rst_controller|altera_reset_synchronizer:alt_rst_req_sync_uq1
112. Parameter Settings for User Entity Instance: HPSfgpa2:u0|altera_reset_controller:rst_controller_001
113. Parameter Settings for User Entity Instance: HPSfgpa2:u0|altera_reset_controller:rst_controller_001|altera_reset_synchronizer:alt_rst_sync_uq1
114. Parameter Settings for User Entity Instance: HPSfgpa2:u0|altera_reset_controller:rst_controller_001|altera_reset_synchronizer:alt_rst_req_sync_uq1
115. Parameter Settings for User Entity Instance: ALUFinal:ALU
116. Parameter Settings for User Entity Instance: FSMtrial:FSM
117. altsyncram Parameter Settings by Entity Instance
118. Port Connectivity Checks: "FSMtrial:FSM"
119. Port Connectivity Checks: "MUX16to1:addrMUX"
120. Port Connectivity Checks: "HPSfgpa2:u0|altera_reset_controller:rst_controller_001|altera_reset_synchronizer:alt_rst_req_sync_uq1"
121. Port Connectivity Checks: "HPSfgpa2:u0|altera_reset_controller:rst_controller_001"
122. Port Connectivity Checks: "HPSfgpa2:u0|altera_reset_controller:rst_controller|altera_reset_synchronizer:alt_rst_req_sync_uq1"
123. Port Connectivity Checks: "HPSfgpa2:u0|altera_reset_controller:rst_controller"
124. Port Connectivity Checks: "HPSfgpa2:u0|HPSfgpa2_mm_interconnect_0:mm_interconnect_0|HPSfgpa2_mm_interconnect_0_cmd_mux:cmd_mux|altera_merlin_arbitrator:arb|altera_merlin_arb_adder:adder"
125. Port Connectivity Checks: "HPSfgpa2:u0|HPSfgpa2_mm_interconnect_0:mm_interconnect_0|altera_merlin_burst_adapter:onchip_memory2_0_s1_burst_adapter|altera_merlin_burst_adapter_13_1:altera_merlin_burst_adapter_13_1.burst_adapter|altera_merlin_burst_adapter_min:the_min|altera_merlin_burst_adapter_subtractor:dc_sub"
126. Port Connectivity Checks: "HPSfgpa2:u0|HPSfgpa2_mm_interconnect_0:mm_interconnect_0|altera_merlin_burst_adapter:onchip_memory2_0_s1_burst_adapter|altera_merlin_burst_adapter_13_1:altera_merlin_burst_adapter_13_1.burst_adapter|altera_merlin_burst_adapter_min:the_min|altera_merlin_burst_adapter_subtractor:db_sub"
127. Port Connectivity Checks: "HPSfgpa2:u0|HPSfgpa2_mm_interconnect_0:mm_interconnect_0|altera_merlin_burst_adapter:onchip_memory2_0_s1_burst_adapter|altera_merlin_burst_adapter_13_1:altera_merlin_burst_adapter_13_1.burst_adapter|altera_merlin_burst_adapter_min:the_min|altera_merlin_burst_adapter_subtractor:da_sub"
128. Port Connectivity Checks: "HPSfgpa2:u0|HPSfgpa2_mm_interconnect_0:mm_interconnect_0|altera_merlin_burst_adapter:onchip_memory2_0_s1_burst_adapter|altera_merlin_burst_adapter_13_1:altera_merlin_burst_adapter_13_1.burst_adapter|altera_merlin_burst_adapter_min:the_min|altera_merlin_burst_adapter_subtractor:bc_sub"
129. Port Connectivity Checks: "HPSfgpa2:u0|HPSfgpa2_mm_interconnect_0:mm_interconnect_0|altera_merlin_burst_adapter:onchip_memory2_0_s1_burst_adapter|altera_merlin_burst_adapter_13_1:altera_merlin_burst_adapter_13_1.burst_adapter|altera_merlin_burst_adapter_min:the_min|altera_merlin_burst_adapter_subtractor:ac_sub"
130. Port Connectivity Checks: "HPSfgpa2:u0|HPSfgpa2_mm_interconnect_0:mm_interconnect_0|altera_merlin_burst_adapter:onchip_memory2_0_s1_burst_adapter|altera_merlin_burst_adapter_13_1:altera_merlin_burst_adapter_13_1.burst_adapter|altera_merlin_burst_adapter_min:the_min|altera_merlin_burst_adapter_subtractor:ab_sub|altera_merlin_burst_adapter_adder:subtract"
131. Port Connectivity Checks: "HPSfgpa2:u0|HPSfgpa2_mm_interconnect_0:mm_interconnect_0|altera_merlin_burst_adapter:onchip_memory2_0_s1_burst_adapter|altera_merlin_burst_adapter_13_1:altera_merlin_burst_adapter_13_1.burst_adapter|altera_merlin_burst_adapter_min:the_min|altera_merlin_burst_adapter_subtractor:ab_sub"
132. Port Connectivity Checks: "HPSfgpa2:u0|HPSfgpa2_mm_interconnect_0:mm_interconnect_0|altera_merlin_burst_adapter:onchip_memory2_0_s1_burst_adapter|altera_merlin_burst_adapter_13_1:altera_merlin_burst_adapter_13_1.burst_adapter|altera_merlin_burst_adapter_min:the_min"
133. Port Connectivity Checks: "HPSfgpa2:u0|HPSfgpa2_mm_interconnect_0:mm_interconnect_0|altera_merlin_burst_adapter:onchip_memory2_0_s1_burst_adapter|altera_merlin_burst_adapter_13_1:altera_merlin_burst_adapter_13_1.burst_adapter|altera_merlin_address_alignment:align_address_to_size"
134. Port Connectivity Checks: "HPSfgpa2:u0|HPSfgpa2_mm_interconnect_0:mm_interconnect_0|HPSfgpa2_mm_interconnect_0_router_002:router_002|HPSfgpa2_mm_interconnect_0_router_002_default_decode:the_default_decode"
135. Port Connectivity Checks: "HPSfgpa2:u0|HPSfgpa2_mm_interconnect_0:mm_interconnect_0|HPSfgpa2_mm_interconnect_0_router:router|HPSfgpa2_mm_interconnect_0_router_default_decode:the_default_decode"
136. Port Connectivity Checks: "HPSfgpa2:u0|HPSfgpa2_mm_interconnect_0:mm_interconnect_0|altera_avalon_sc_fifo:onchip_memory2_0_s1_agent_rdata_fifo"
137. Port Connectivity Checks: "HPSfgpa2:u0|HPSfgpa2_mm_interconnect_0:mm_interconnect_0|altera_avalon_sc_fifo:onchip_memory2_0_s1_agent_rsp_fifo"
138. Port Connectivity Checks: "HPSfgpa2:u0|HPSfgpa2_mm_interconnect_0:mm_interconnect_0|altera_merlin_slave_agent:onchip_memory2_0_s1_agent"
139. Port Connectivity Checks: "HPSfgpa2:u0|HPSfgpa2_mm_interconnect_0:mm_interconnect_0|altera_merlin_axi_master_ni:hps_0_h2f_lw_axi_master_agent|altera_merlin_address_alignment:align_address_to_size"
140. Port Connectivity Checks: "HPSfgpa2:u0|HPSfgpa2_mm_interconnect_0:mm_interconnect_0|altera_merlin_axi_master_ni:hps_0_h2f_lw_axi_master_agent"
141. Port Connectivity Checks: "HPSfgpa2:u0|HPSfgpa2_mm_interconnect_0:mm_interconnect_0|altera_merlin_slave_translator:onchip_memory2_0_s1_translator"
142. Port Connectivity Checks: "HPSfgpa2:u0|HPSfgpa2_onchip_memory2_0:onchip_memory2_0"
143. Port Connectivity Checks: "HPSfgpa2:u0|HPSfgpa2_hps_0:hps_0|HPSfgpa2_hps_0_hps_io:hps_io|HPSfgpa2_hps_0_hps_io_border:border|hps_sdram:hps_sdram_inst|altera_mem_if_hard_memory_controller_top_cyclonev:c0"
144. Port Connectivity Checks: "HPSfgpa2:u0|HPSfgpa2_hps_0:hps_0|HPSfgpa2_hps_0_hps_io:hps_io|HPSfgpa2_hps_0_hps_io_border:border|hps_sdram:hps_sdram_inst|hps_sdram_p0:p0|hps_sdram_p0_acv_hard_memphy:umemphy|hps_sdram_p0_acv_hard_io_pads:uio_pads|hps_sdram_p0_altdqdqs:dq_ddio[0].ubidir_dq_dqs|altdq_dqs2_acv_connect_to_hard_phy_cyclonev:altdq_dqs2_inst"
145. Port Connectivity Checks: "HPSfgpa2:u0|HPSfgpa2_hps_0:hps_0|HPSfgpa2_hps_0_hps_io:hps_io|HPSfgpa2_hps_0_hps_io_border:border|hps_sdram:hps_sdram_inst|hps_sdram_p0:p0|hps_sdram_p0_acv_hard_memphy:umemphy|hps_sdram_p0_acv_hard_io_pads:uio_pads|hps_sdram_p0_altdqdqs:dq_ddio[0].ubidir_dq_dqs"
146. Port Connectivity Checks: "HPSfgpa2:u0|HPSfgpa2_hps_0:hps_0|HPSfgpa2_hps_0_hps_io:hps_io|HPSfgpa2_hps_0_hps_io_border:border|hps_sdram:hps_sdram_inst|hps_sdram_p0:p0|hps_sdram_p0_acv_hard_memphy:umemphy|hps_sdram_p0_acv_hard_io_pads:uio_pads|hps_sdram_p0_acv_hard_addr_cmd_pads:uaddr_cmd_pads|hps_sdram_p0_generic_ddio:ureset_n_pad"
147. Port Connectivity Checks: "HPSfgpa2:u0|HPSfgpa2_hps_0:hps_0|HPSfgpa2_hps_0_hps_io:hps_io|HPSfgpa2_hps_0_hps_io_border:border|hps_sdram:hps_sdram_inst|hps_sdram_p0:p0|hps_sdram_p0_acv_hard_memphy:umemphy|hps_sdram_p0_acv_hard_io_pads:uio_pads|hps_sdram_p0_acv_hard_addr_cmd_pads:uaddr_cmd_pads|hps_sdram_p0_generic_ddio:ucmd_pad"
148. Port Connectivity Checks: "HPSfgpa2:u0|HPSfgpa2_hps_0:hps_0|HPSfgpa2_hps_0_hps_io:hps_io|HPSfgpa2_hps_0_hps_io_border:border|hps_sdram:hps_sdram_inst|hps_sdram_p0:p0|hps_sdram_p0_acv_hard_memphy:umemphy|hps_sdram_p0_acv_hard_io_pads:uio_pads|hps_sdram_p0_acv_hard_addr_cmd_pads:uaddr_cmd_pads|hps_sdram_p0_generic_ddio:ubank_pad"
149. Port Connectivity Checks: "HPSfgpa2:u0|HPSfgpa2_hps_0:hps_0|HPSfgpa2_hps_0_hps_io:hps_io|HPSfgpa2_hps_0_hps_io_border:border|hps_sdram:hps_sdram_inst|hps_sdram_p0:p0|hps_sdram_p0_acv_hard_memphy:umemphy|hps_sdram_p0_acv_hard_io_pads:uio_pads|hps_sdram_p0_acv_hard_addr_cmd_pads:uaddr_cmd_pads|hps_sdram_p0_generic_ddio:uaddress_pad"
150. Port Connectivity Checks: "HPSfgpa2:u0|HPSfgpa2_hps_0:hps_0|HPSfgpa2_hps_0_hps_io:hps_io|HPSfgpa2_hps_0_hps_io_border:border|hps_sdram:hps_sdram_inst|hps_sdram_p0:p0|hps_sdram_p0_acv_hard_memphy:umemphy|hps_sdram_p0_acv_hard_io_pads:uio_pads|hps_sdram_p0_acv_hard_addr_cmd_pads:uaddr_cmd_pads|hps_sdram_p0_acv_ldc:address_gen[22].acv_ac_ldc"
151. Port Connectivity Checks: "HPSfgpa2:u0|HPSfgpa2_hps_0:hps_0|HPSfgpa2_hps_0_hps_io:hps_io|HPSfgpa2_hps_0_hps_io_border:border|hps_sdram:hps_sdram_inst|hps_sdram_p0:p0|hps_sdram_p0_acv_hard_memphy:umemphy|hps_sdram_p0_acv_hard_io_pads:uio_pads|hps_sdram_p0_acv_hard_addr_cmd_pads:uaddr_cmd_pads|hps_sdram_p0_acv_ldc:address_gen[21].acv_ac_ldc"
152. Port Connectivity Checks: "HPSfgpa2:u0|HPSfgpa2_hps_0:hps_0|HPSfgpa2_hps_0_hps_io:hps_io|HPSfgpa2_hps_0_hps_io_border:border|hps_sdram:hps_sdram_inst|hps_sdram_p0:p0|hps_sdram_p0_acv_hard_memphy:umemphy|hps_sdram_p0_acv_hard_io_pads:uio_pads|hps_sdram_p0_acv_hard_addr_cmd_pads:uaddr_cmd_pads|hps_sdram_p0_acv_ldc:address_gen[20].acv_ac_ldc"
153. Port Connectivity Checks: "HPSfgpa2:u0|HPSfgpa2_hps_0:hps_0|HPSfgpa2_hps_0_hps_io:hps_io|HPSfgpa2_hps_0_hps_io_border:border|hps_sdram:hps_sdram_inst|hps_sdram_p0:p0|hps_sdram_p0_acv_hard_memphy:umemphy|hps_sdram_p0_acv_hard_io_pads:uio_pads|hps_sdram_p0_acv_hard_addr_cmd_pads:uaddr_cmd_pads|hps_sdram_p0_acv_ldc:address_gen[19].acv_ac_ldc"
154. Port Connectivity Checks: "HPSfgpa2:u0|HPSfgpa2_hps_0:hps_0|HPSfgpa2_hps_0_hps_io:hps_io|HPSfgpa2_hps_0_hps_io_border:border|hps_sdram:hps_sdram_inst|hps_sdram_p0:p0|hps_sdram_p0_acv_hard_memphy:umemphy|hps_sdram_p0_acv_hard_io_pads:uio_pads|hps_sdram_p0_acv_hard_addr_cmd_pads:uaddr_cmd_pads|hps_sdram_p0_acv_ldc:address_gen[18].acv_ac_ldc"
155. Port Connectivity Checks: "HPSfgpa2:u0|HPSfgpa2_hps_0:hps_0|HPSfgpa2_hps_0_hps_io:hps_io|HPSfgpa2_hps_0_hps_io_border:border|hps_sdram:hps_sdram_inst|hps_sdram_p0:p0|hps_sdram_p0_acv_hard_memphy:umemphy|hps_sdram_p0_acv_hard_io_pads:uio_pads|hps_sdram_p0_acv_hard_addr_cmd_pads:uaddr_cmd_pads|hps_sdram_p0_acv_ldc:address_gen[17].acv_ac_ldc"
156. Port Connectivity Checks: "HPSfgpa2:u0|HPSfgpa2_hps_0:hps_0|HPSfgpa2_hps_0_hps_io:hps_io|HPSfgpa2_hps_0_hps_io_border:border|hps_sdram:hps_sdram_inst|hps_sdram_p0:p0|hps_sdram_p0_acv_hard_memphy:umemphy|hps_sdram_p0_acv_hard_io_pads:uio_pads|hps_sdram_p0_acv_hard_addr_cmd_pads:uaddr_cmd_pads|hps_sdram_p0_acv_ldc:address_gen[16].acv_ac_ldc"
157. Port Connectivity Checks: "HPSfgpa2:u0|HPSfgpa2_hps_0:hps_0|HPSfgpa2_hps_0_hps_io:hps_io|HPSfgpa2_hps_0_hps_io_border:border|hps_sdram:hps_sdram_inst|hps_sdram_p0:p0|hps_sdram_p0_acv_hard_memphy:umemphy|hps_sdram_p0_acv_hard_io_pads:uio_pads|hps_sdram_p0_acv_hard_addr_cmd_pads:uaddr_cmd_pads|hps_sdram_p0_acv_ldc:address_gen[15].acv_ac_ldc"
158. Port Connectivity Checks: "HPSfgpa2:u0|HPSfgpa2_hps_0:hps_0|HPSfgpa2_hps_0_hps_io:hps_io|HPSfgpa2_hps_0_hps_io_border:border|hps_sdram:hps_sdram_inst|hps_sdram_p0:p0|hps_sdram_p0_acv_hard_memphy:umemphy|hps_sdram_p0_acv_hard_io_pads:uio_pads|hps_sdram_p0_acv_hard_addr_cmd_pads:uaddr_cmd_pads|hps_sdram_p0_acv_ldc:address_gen[14].acv_ac_ldc"
159. Port Connectivity Checks: "HPSfgpa2:u0|HPSfgpa2_hps_0:hps_0|HPSfgpa2_hps_0_hps_io:hps_io|HPSfgpa2_hps_0_hps_io_border:border|hps_sdram:hps_sdram_inst|hps_sdram_p0:p0|hps_sdram_p0_acv_hard_memphy:umemphy|hps_sdram_p0_acv_hard_io_pads:uio_pads|hps_sdram_p0_acv_hard_addr_cmd_pads:uaddr_cmd_pads|hps_sdram_p0_acv_ldc:address_gen[13].acv_ac_ldc"
160. Port Connectivity Checks: "HPSfgpa2:u0|HPSfgpa2_hps_0:hps_0|HPSfgpa2_hps_0_hps_io:hps_io|HPSfgpa2_hps_0_hps_io_border:border|hps_sdram:hps_sdram_inst|hps_sdram_p0:p0|hps_sdram_p0_acv_hard_memphy:umemphy|hps_sdram_p0_acv_hard_io_pads:uio_pads|hps_sdram_p0_acv_hard_addr_cmd_pads:uaddr_cmd_pads|hps_sdram_p0_acv_ldc:address_gen[12].acv_ac_ldc"
161. Port Connectivity Checks: "HPSfgpa2:u0|HPSfgpa2_hps_0:hps_0|HPSfgpa2_hps_0_hps_io:hps_io|HPSfgpa2_hps_0_hps_io_border:border|hps_sdram:hps_sdram_inst|hps_sdram_p0:p0|hps_sdram_p0_acv_hard_memphy:umemphy|hps_sdram_p0_acv_hard_io_pads:uio_pads|hps_sdram_p0_acv_hard_addr_cmd_pads:uaddr_cmd_pads|hps_sdram_p0_acv_ldc:address_gen[11].acv_ac_ldc"
162. Port Connectivity Checks: "HPSfgpa2:u0|HPSfgpa2_hps_0:hps_0|HPSfgpa2_hps_0_hps_io:hps_io|HPSfgpa2_hps_0_hps_io_border:border|hps_sdram:hps_sdram_inst|hps_sdram_p0:p0|hps_sdram_p0_acv_hard_memphy:umemphy|hps_sdram_p0_acv_hard_io_pads:uio_pads|hps_sdram_p0_acv_hard_addr_cmd_pads:uaddr_cmd_pads|hps_sdram_p0_acv_ldc:address_gen[10].acv_ac_ldc"
163. Port Connectivity Checks: "HPSfgpa2:u0|HPSfgpa2_hps_0:hps_0|HPSfgpa2_hps_0_hps_io:hps_io|HPSfgpa2_hps_0_hps_io_border:border|hps_sdram:hps_sdram_inst|hps_sdram_p0:p0|hps_sdram_p0_acv_hard_memphy:umemphy|hps_sdram_p0_acv_hard_io_pads:uio_pads|hps_sdram_p0_acv_hard_addr_cmd_pads:uaddr_cmd_pads|hps_sdram_p0_acv_ldc:address_gen[9].acv_ac_ldc"
164. Port Connectivity Checks: "HPSfgpa2:u0|HPSfgpa2_hps_0:hps_0|HPSfgpa2_hps_0_hps_io:hps_io|HPSfgpa2_hps_0_hps_io_border:border|hps_sdram:hps_sdram_inst|hps_sdram_p0:p0|hps_sdram_p0_acv_hard_memphy:umemphy|hps_sdram_p0_acv_hard_io_pads:uio_pads|hps_sdram_p0_acv_hard_addr_cmd_pads:uaddr_cmd_pads|hps_sdram_p0_acv_ldc:address_gen[8].acv_ac_ldc"
165. Port Connectivity Checks: "HPSfgpa2:u0|HPSfgpa2_hps_0:hps_0|HPSfgpa2_hps_0_hps_io:hps_io|HPSfgpa2_hps_0_hps_io_border:border|hps_sdram:hps_sdram_inst|hps_sdram_p0:p0|hps_sdram_p0_acv_hard_memphy:umemphy|hps_sdram_p0_acv_hard_io_pads:uio_pads|hps_sdram_p0_acv_hard_addr_cmd_pads:uaddr_cmd_pads|hps_sdram_p0_acv_ldc:address_gen[7].acv_ac_ldc"
166. Port Connectivity Checks: "HPSfgpa2:u0|HPSfgpa2_hps_0:hps_0|HPSfgpa2_hps_0_hps_io:hps_io|HPSfgpa2_hps_0_hps_io_border:border|hps_sdram:hps_sdram_inst|hps_sdram_p0:p0|hps_sdram_p0_acv_hard_memphy:umemphy|hps_sdram_p0_acv_hard_io_pads:uio_pads|hps_sdram_p0_acv_hard_addr_cmd_pads:uaddr_cmd_pads|hps_sdram_p0_acv_ldc:address_gen[6].acv_ac_ldc"
167. Port Connectivity Checks: "HPSfgpa2:u0|HPSfgpa2_hps_0:hps_0|HPSfgpa2_hps_0_hps_io:hps_io|HPSfgpa2_hps_0_hps_io_border:border|hps_sdram:hps_sdram_inst|hps_sdram_p0:p0|hps_sdram_p0_acv_hard_memphy:umemphy|hps_sdram_p0_acv_hard_io_pads:uio_pads|hps_sdram_p0_acv_hard_addr_cmd_pads:uaddr_cmd_pads|hps_sdram_p0_acv_ldc:address_gen[5].acv_ac_ldc"
168. Port Connectivity Checks: "HPSfgpa2:u0|HPSfgpa2_hps_0:hps_0|HPSfgpa2_hps_0_hps_io:hps_io|HPSfgpa2_hps_0_hps_io_border:border|hps_sdram:hps_sdram_inst|hps_sdram_p0:p0|hps_sdram_p0_acv_hard_memphy:umemphy|hps_sdram_p0_acv_hard_io_pads:uio_pads|hps_sdram_p0_acv_hard_addr_cmd_pads:uaddr_cmd_pads|hps_sdram_p0_acv_ldc:address_gen[4].acv_ac_ldc"
169. Port Connectivity Checks: "HPSfgpa2:u0|HPSfgpa2_hps_0:hps_0|HPSfgpa2_hps_0_hps_io:hps_io|HPSfgpa2_hps_0_hps_io_border:border|hps_sdram:hps_sdram_inst|hps_sdram_p0:p0|hps_sdram_p0_acv_hard_memphy:umemphy|hps_sdram_p0_acv_hard_io_pads:uio_pads|hps_sdram_p0_acv_hard_addr_cmd_pads:uaddr_cmd_pads|hps_sdram_p0_acv_ldc:address_gen[3].acv_ac_ldc"
170. Port Connectivity Checks: "HPSfgpa2:u0|HPSfgpa2_hps_0:hps_0|HPSfgpa2_hps_0_hps_io:hps_io|HPSfgpa2_hps_0_hps_io_border:border|hps_sdram:hps_sdram_inst|hps_sdram_p0:p0|hps_sdram_p0_acv_hard_memphy:umemphy|hps_sdram_p0_acv_hard_io_pads:uio_pads|hps_sdram_p0_acv_hard_addr_cmd_pads:uaddr_cmd_pads|hps_sdram_p0_acv_ldc:address_gen[2].acv_ac_ldc"
171. Port Connectivity Checks: "HPSfgpa2:u0|HPSfgpa2_hps_0:hps_0|HPSfgpa2_hps_0_hps_io:hps_io|HPSfgpa2_hps_0_hps_io_border:border|hps_sdram:hps_sdram_inst|hps_sdram_p0:p0|hps_sdram_p0_acv_hard_memphy:umemphy|hps_sdram_p0_acv_hard_io_pads:uio_pads|hps_sdram_p0_acv_hard_addr_cmd_pads:uaddr_cmd_pads|hps_sdram_p0_acv_ldc:address_gen[1].acv_ac_ldc"
172. Port Connectivity Checks: "HPSfgpa2:u0|HPSfgpa2_hps_0:hps_0|HPSfgpa2_hps_0_hps_io:hps_io|HPSfgpa2_hps_0_hps_io_border:border|hps_sdram:hps_sdram_inst|hps_sdram_p0:p0|hps_sdram_p0_acv_hard_memphy:umemphy|hps_sdram_p0_acv_hard_io_pads:uio_pads|hps_sdram_p0_acv_hard_addr_cmd_pads:uaddr_cmd_pads|hps_sdram_p0_acv_ldc:address_gen[0].acv_ac_ldc"
173. Port Connectivity Checks: "HPSfgpa2:u0|HPSfgpa2_hps_0:hps_0|HPSfgpa2_hps_0_hps_io:hps_io|HPSfgpa2_hps_0_hps_io_border:border|hps_sdram:hps_sdram_inst|hps_sdram_p0:p0|hps_sdram_p0_acv_hard_memphy:umemphy|hps_sdram_p0_acv_hard_io_pads:uio_pads|hps_sdram_p0_acv_hard_addr_cmd_pads:uaddr_cmd_pads"
174. Port Connectivity Checks: "HPSfgpa2:u0|HPSfgpa2_hps_0:hps_0|HPSfgpa2_hps_0_hps_io:hps_io|HPSfgpa2_hps_0_hps_io_border:border|hps_sdram:hps_sdram_inst|hps_sdram_p0:p0|hps_sdram_p0_acv_hard_memphy:umemphy|hps_sdram_p0_acv_hard_io_pads:uio_pads"
175. Port Connectivity Checks: "HPSfgpa2:u0|HPSfgpa2_hps_0:hps_0|HPSfgpa2_hps_0_hps_io:hps_io|HPSfgpa2_hps_0_hps_io_border:border|hps_sdram:hps_sdram_inst|hps_sdram_p0:p0|hps_sdram_p0_acv_hard_memphy:umemphy|hps_sdram_p0_acv_ldc:memphy_ldc"
176. Port Connectivity Checks: "HPSfgpa2:u0|HPSfgpa2_hps_0:hps_0|HPSfgpa2_hps_0_hps_io:hps_io|HPSfgpa2_hps_0_hps_io_border:border|hps_sdram:hps_sdram_inst|hps_sdram_p0:p0"
177. Port Connectivity Checks: "HPSfgpa2:u0|HPSfgpa2_hps_0:hps_0|HPSfgpa2_hps_0_hps_io:hps_io|HPSfgpa2_hps_0_hps_io_border:border|hps_sdram:hps_sdram_inst"
178. Port Connectivity Checks: "HPSfgpa2:u0|HPSfgpa2_hps_0:hps_0"
179. Port Connectivity Checks: "HPSfgpa2:u0"
180. Port Connectivity Checks: "decoder:PCDisplay"
181. Post-Synthesis Netlist Statistics for Top Partition
182. Post-Synthesis Netlist Statistics for Partition HPSfgpa2_hps_0_hps_io_border:border
183. Elapsed Time Per Partition
184. Analysis & Synthesis Messages
185. Analysis & Synthesis Suppressed Messages



----------------
; Legal Notice ;
----------------
Copyright (C) 2025  Altera Corporation. All rights reserved.
Your use of Altera Corporation's design tools, logic functions 
and other software and tools, and any partner logic 
functions, and any output files from any of the foregoing 
(including device programming or simulation files), and any 
associated documentation or information are expressly subject 
to the terms and conditions of the Altera Program License 
Subscription Agreement, the Altera Quartus Prime License Agreement,
the Altera IP License Agreement, or other applicable license
agreement, including, without limitation, that your use is for
the sole purpose of programming logic devices manufactured by
Altera and sold by Altera or its authorized distributors.  Please
refer to the Altera Software License Subscription Agreements 
on the Quartus Prime software download page.



+-----------------------------------------------------------------------------------+
; Analysis & Synthesis Summary                                                      ;
+---------------------------------+-------------------------------------------------+
; Analysis & Synthesis Status     ; Successful - Fri Sep 11 13:48:20 2026           ;
; Quartus Prime Version           ; 25.1std.0 Build 1129 10/21/2025 SC Lite Edition ;
; Revision Name                   ; HFTTop                                          ;
; Top-level Entity Name           ; HFTTop                                          ;
; Family                          ; Cyclone V                                       ;
; Logic utilization (in ALMs)     ; N/A                                             ;
; Total registers                 ; 950                                             ;
; Total pins                      ; 46                                              ;
; Total virtual pins              ; 0                                               ;
; Total block memory bits         ; 32,768                                          ;
; Total DSP Blocks                ; 2                                               ;
; Total HSSI RX PCSs              ; 0                                               ;
; Total HSSI PMA RX Deserializers ; 0                                               ;
; Total HSSI TX PCSs              ; 0                                               ;
; Total HSSI PMA TX Serializers   ; 0                                               ;
; Total PLLs                      ; 0                                               ;
; Total DLLs                      ; 1                                               ;
+---------------------------------+-------------------------------------------------+


+---------------------------------------------------------------------------------------------------------------------------+
; Analysis & Synthesis Settings                                                                                             ;
+---------------------------------------------------------------------------------+--------------------+--------------------+
; Option                                                                          ; Setting            ; Default Value      ;
+---------------------------------------------------------------------------------+--------------------+--------------------+
; Device                                                                          ; 5CSEMA5F31C6       ;                    ;
; Top-level entity name                                                           ; HFTTop             ; HFTTop             ;
; Family name                                                                     ; Cyclone V          ; Cyclone V          ;
; Use smart compilation                                                           ; Off                ; Off                ;
; Enable parallel Assembler and Timing Analyzer during compilation                ; On                 ; On                 ;
; Enable compact report table                                                     ; Off                ; Off                ;
; Restructure Multiplexers                                                        ; Auto               ; Auto               ;
; MLAB Add Timing Constraints For Mixed-Port Feed-Through Mode Setting Don't Care ; Off                ; Off                ;
; Create Debugging Nodes for IP Cores                                             ; Off                ; Off                ;
; Preserve fewer node names                                                       ; On                 ; On                 ;
; Intel FPGA IP Evaluation Mode                                                   ; Enable             ; Enable             ;
; Verilog Version                                                                 ; Verilog_2001       ; Verilog_2001       ;
; VHDL Version                                                                    ; VHDL_1993          ; VHDL_1993          ;
; State Machine Processing                                                        ; Auto               ; Auto               ;
; Safe State Machine                                                              ; Off                ; Off                ;
; Extract Verilog State Machines                                                  ; On                 ; On                 ;
; Extract VHDL State Machines                                                     ; On                 ; On                 ;
; Ignore Verilog initial constructs                                               ; Off                ; Off                ;
; Iteration limit for constant Verilog loops                                      ; 5000               ; 5000               ;
; Iteration limit for non-constant Verilog loops                                  ; 250                ; 250                ;
; Add Pass-Through Logic to Inferred RAMs                                         ; On                 ; On                 ;
; Infer RAMs from Raw Logic                                                       ; On                 ; On                 ;
; Parallel Synthesis                                                              ; On                 ; On                 ;
; DSP Block Balancing                                                             ; Auto               ; Auto               ;
; NOT Gate Push-Back                                                              ; On                 ; On                 ;
; Power-Up Don't Care                                                             ; On                 ; On                 ;
; Remove Redundant Logic Cells                                                    ; Off                ; Off                ;
; Remove Duplicate Registers                                                      ; On                 ; On                 ;
; Ignore CARRY Buffers                                                            ; Off                ; Off                ;
; Ignore CASCADE Buffers                                                          ; Off                ; Off                ;
; Ignore GLOBAL Buffers                                                           ; Off                ; Off                ;
; Ignore ROW GLOBAL Buffers                                                       ; Off                ; Off                ;
; Ignore LCELL Buffers                                                            ; Off                ; Off                ;
; Ignore SOFT Buffers                                                             ; On                 ; On                 ;
; Limit AHDL Integers to 32 Bits                                                  ; Off                ; Off                ;
; Optimization Technique                                                          ; Balanced           ; Balanced           ;
; Carry Chain Length                                                              ; 70                 ; 70                 ;
; Auto Carry Chains                                                               ; On                 ; On                 ;
; Auto Open-Drain Pins                                                            ; On                 ; On                 ;
; Perform WYSIWYG Primitive Resynthesis                                           ; Off                ; Off                ;
; Auto ROM Replacement                                                            ; On                 ; On                 ;
; Auto RAM Replacement                                                            ; On                 ; On                 ;
; Auto DSP Block Replacement                                                      ; On                 ; On                 ;
; Auto Shift Register Replacement                                                 ; Auto               ; Auto               ;
; Allow Shift Register Merging across Hierarchies                                 ; Auto               ; Auto               ;
; Auto Clock Enable Replacement                                                   ; On                 ; On                 ;
; Strict RAM Replacement                                                          ; Off                ; Off                ;
; Allow Synchronous Control Signals                                               ; On                 ; On                 ;
; Force Use of Synchronous Clear Signals                                          ; Off                ; Off                ;
; Auto Resource Sharing                                                           ; Off                ; Off                ;
; Allow Any RAM Size For Recognition                                              ; Off                ; Off                ;
; Allow Any ROM Size For Recognition                                              ; Off                ; Off                ;
; Allow Any Shift Register Size For Recognition                                   ; Off                ; Off                ;
; Use LogicLock Constraints during Resource Balancing                             ; On                 ; On                 ;
; Ignore translate_off and synthesis_off directives                               ; Off                ; Off                ;
; Timing-Driven Synthesis                                                         ; On                 ; On                 ;
; Report Parameter Settings                                                       ; On                 ; On                 ;
; Report Source Assignments                                                       ; On                 ; On                 ;
; Report Connectivity Checks                                                      ; On                 ; On                 ;
; Ignore Maximum Fan-Out Assignments                                              ; Off                ; Off                ;
; Synchronization Register Chain Length                                           ; 3                  ; 3                  ;
; Power Optimization During Synthesis                                             ; Normal compilation ; Normal compilation ;
; HDL message level                                                               ; Level2             ; Level2             ;
; Suppress Register Optimization Related Messages                                 ; Off                ; Off                ;
; Number of Removed Registers Reported in Synthesis Report                        ; 5000               ; 5000               ;
; Number of Swept Nodes Reported in Synthesis Report                              ; 5000               ; 5000               ;
; Number of Inverted Registers Reported in Synthesis Report                       ; 100                ; 100                ;
; Clock MUX Protection                                                            ; On                 ; On                 ;
; Auto Gated Clock Conversion                                                     ; Off                ; Off                ;
; Block Design Naming                                                             ; Auto               ; Auto               ;
; SDC constraint protection                                                       ; Off                ; Off                ;
; Synthesis Effort                                                                ; Auto               ; Auto               ;
; Shift Register Replacement - Allow Asynchronous Clear Signal                    ; On                 ; On                 ;
; Pre-Mapping Resynthesis Optimization                                            ; Off                ; Off                ;
; Analysis & Synthesis Message Level                                              ; Medium             ; Medium             ;
; Disable Register Merging Across Hierarchies                                     ; Auto               ; Auto               ;
; Resource Aware Inference For Block RAM                                          ; On                 ; On                 ;
; Automatic Parallel Synthesis                                                    ; On                 ; On                 ;
; Partial Reconfiguration Bitstream ID                                            ; Off                ; Off                ;
+---------------------------------------------------------------------------------+--------------------+--------------------+


+------------------------------------------+
; Parallel Compilation                     ;
+----------------------------+-------------+
; Processors                 ; Number      ;
+----------------------------+-------------+
; Number detected on machine ; 22          ;
; Maximum allowed            ; 16          ;
;                            ;             ;
; Average used               ; 1.01        ;
; Maximum used               ; 16          ;
;                            ;             ;
; Usage by Processor         ; % Time Used ;
;     Processor 1            ; 100.0%      ;
;     Processor 2            ;   0.3%      ;
;     Processor 3            ;   0.1%      ;
;     Processor 4            ;   0.1%      ;
;     Processor 5            ;   0.1%      ;
;     Processor 6            ;   0.0%      ;
;     Processor 7            ;   0.0%      ;
;     Processor 8            ;   0.0%      ;
;     Processor 9            ;   0.0%      ;
;     Processor 10           ;   0.0%      ;
;     Processor 11           ;   0.0%      ;
;     Processor 12           ;   0.0%      ;
;     Processors 13-16       ;   0.0%      ;
+----------------------------+-------------+


+----------------------------------------------------------------------------------------------------------------------------------------------------------------------------------------------------------------------------------------------------------------------------------------------------+
; Analysis & Synthesis Source Files Read                                                                                                                                                                                                                                                             ;
+--------------------------------------------------------------------------------------------------------+-----------------+------------------------------+-------------------------------------------------------------------------------------------------------------------------------+----------+
; File Name with User-Entered Path                                                                       ; Used in Netlist ; File Type                    ; File Name with Absolute Path                                                                                                  ; Library  ;
+--------------------------------------------------------------------------------------------------------+-----------------+------------------------------+-------------------------------------------------------------------------------------------------------------------------------+----------+
; Software/HPSfgpa2/synthesis/HPSfgpa2.v                                                                 ; yes             ; User Verilog HDL File        ; D:/Projects/OrCAD/FMMA/Software/HPSfgpa2/synthesis/HPSfgpa2.v                                                                 ; HPSfgpa2 ;
; Software/HPSfgpa2/synthesis/submodules/altera_reset_controller.v                                       ; yes             ; User Verilog HDL File        ; D:/Projects/OrCAD/FMMA/Software/HPSfgpa2/synthesis/submodules/altera_reset_controller.v                                       ; HPSfgpa2 ;
; Software/HPSfgpa2/synthesis/submodules/altera_reset_synchronizer.v                                     ; yes             ; User Verilog HDL File        ; D:/Projects/OrCAD/FMMA/Software/HPSfgpa2/synthesis/submodules/altera_reset_synchronizer.v                                     ; HPSfgpa2 ;
; Software/HPSfgpa2/synthesis/submodules/HPSfgpa2_mm_interconnect_0.v                                    ; yes             ; User Verilog HDL File        ; D:/Projects/OrCAD/FMMA/Software/HPSfgpa2/synthesis/submodules/HPSfgpa2_mm_interconnect_0.v                                    ; HPSfgpa2 ;
; Software/HPSfgpa2/synthesis/submodules/HPSfgpa2_mm_interconnect_0_avalon_st_adapter.v                  ; yes             ; User Verilog HDL File        ; D:/Projects/OrCAD/FMMA/Software/HPSfgpa2/synthesis/submodules/HPSfgpa2_mm_interconnect_0_avalon_st_adapter.v                  ; HPSfgpa2 ;
; Software/HPSfgpa2/synthesis/submodules/HPSfgpa2_mm_interconnect_0_rsp_mux.sv                           ; yes             ; User SystemVerilog HDL File  ; D:/Projects/OrCAD/FMMA/Software/HPSfgpa2/synthesis/submodules/HPSfgpa2_mm_interconnect_0_rsp_mux.sv                           ; HPSfgpa2 ;
; Software/HPSfgpa2/synthesis/submodules/altera_merlin_arbitrator.sv                                     ; yes             ; User SystemVerilog HDL File  ; D:/Projects/OrCAD/FMMA/Software/HPSfgpa2/synthesis/submodules/altera_merlin_arbitrator.sv                                     ; HPSfgpa2 ;
; Software/HPSfgpa2/synthesis/submodules/HPSfgpa2_mm_interconnect_0_rsp_demux.sv                         ; yes             ; User SystemVerilog HDL File  ; D:/Projects/OrCAD/FMMA/Software/HPSfgpa2/synthesis/submodules/HPSfgpa2_mm_interconnect_0_rsp_demux.sv                         ; HPSfgpa2 ;
; Software/HPSfgpa2/synthesis/submodules/HPSfgpa2_mm_interconnect_0_cmd_mux.sv                           ; yes             ; User SystemVerilog HDL File  ; D:/Projects/OrCAD/FMMA/Software/HPSfgpa2/synthesis/submodules/HPSfgpa2_mm_interconnect_0_cmd_mux.sv                           ; HPSfgpa2 ;
; Software/HPSfgpa2/synthesis/submodules/HPSfgpa2_mm_interconnect_0_cmd_demux.sv                         ; yes             ; User SystemVerilog HDL File  ; D:/Projects/OrCAD/FMMA/Software/HPSfgpa2/synthesis/submodules/HPSfgpa2_mm_interconnect_0_cmd_demux.sv                         ; HPSfgpa2 ;
; Software/HPSfgpa2/synthesis/submodules/altera_merlin_burst_adapter.sv                                  ; yes             ; User SystemVerilog HDL File  ; D:/Projects/OrCAD/FMMA/Software/HPSfgpa2/synthesis/submodules/altera_merlin_burst_adapter.sv                                  ; HPSfgpa2 ;
; Software/HPSfgpa2/synthesis/submodules/altera_merlin_burst_adapter_13_1.sv                             ; yes             ; User SystemVerilog HDL File  ; D:/Projects/OrCAD/FMMA/Software/HPSfgpa2/synthesis/submodules/altera_merlin_burst_adapter_13_1.sv                             ; HPSfgpa2 ;
; Software/HPSfgpa2/synthesis/submodules/altera_merlin_address_alignment.sv                              ; yes             ; User SystemVerilog HDL File  ; D:/Projects/OrCAD/FMMA/Software/HPSfgpa2/synthesis/submodules/altera_merlin_address_alignment.sv                              ; HPSfgpa2 ;
; Software/HPSfgpa2/synthesis/submodules/HPSfgpa2_mm_interconnect_0_router_002.sv                        ; yes             ; User SystemVerilog HDL File  ; D:/Projects/OrCAD/FMMA/Software/HPSfgpa2/synthesis/submodules/HPSfgpa2_mm_interconnect_0_router_002.sv                        ; HPSfgpa2 ;
; Software/HPSfgpa2/synthesis/submodules/HPSfgpa2_mm_interconnect_0_router.sv                            ; yes             ; User SystemVerilog HDL File  ; D:/Projects/OrCAD/FMMA/Software/HPSfgpa2/synthesis/submodules/HPSfgpa2_mm_interconnect_0_router.sv                            ; HPSfgpa2 ;
; Software/HPSfgpa2/synthesis/submodules/altera_avalon_sc_fifo.v                                         ; yes             ; User Verilog HDL File        ; D:/Projects/OrCAD/FMMA/Software/HPSfgpa2/synthesis/submodules/altera_avalon_sc_fifo.v                                         ; HPSfgpa2 ;
; Software/HPSfgpa2/synthesis/submodules/altera_merlin_slave_agent.sv                                    ; yes             ; User SystemVerilog HDL File  ; D:/Projects/OrCAD/FMMA/Software/HPSfgpa2/synthesis/submodules/altera_merlin_slave_agent.sv                                    ; HPSfgpa2 ;
; Software/HPSfgpa2/synthesis/submodules/altera_merlin_burst_uncompressor.sv                             ; yes             ; User SystemVerilog HDL File  ; D:/Projects/OrCAD/FMMA/Software/HPSfgpa2/synthesis/submodules/altera_merlin_burst_uncompressor.sv                             ; HPSfgpa2 ;
; Software/HPSfgpa2/synthesis/submodules/altera_merlin_axi_master_ni.sv                                  ; yes             ; User SystemVerilog HDL File  ; D:/Projects/OrCAD/FMMA/Software/HPSfgpa2/synthesis/submodules/altera_merlin_axi_master_ni.sv                                  ; HPSfgpa2 ;
; Software/HPSfgpa2/synthesis/submodules/altera_merlin_slave_translator.sv                               ; yes             ; User SystemVerilog HDL File  ; D:/Projects/OrCAD/FMMA/Software/HPSfgpa2/synthesis/submodules/altera_merlin_slave_translator.sv                               ; HPSfgpa2 ;
; Software/HPSfgpa2/synthesis/submodules/HPSfgpa2_onchip_memory2_0.v                                     ; yes             ; User Verilog HDL File        ; D:/Projects/OrCAD/FMMA/Software/HPSfgpa2/synthesis/submodules/HPSfgpa2_onchip_memory2_0.v                                     ; HPSfgpa2 ;
; Software/HPSfgpa2/synthesis/submodules/HPSfgpa2_hps_0.v                                                ; yes             ; User Verilog HDL File        ; D:/Projects/OrCAD/FMMA/Software/HPSfgpa2/synthesis/submodules/HPSfgpa2_hps_0.v                                                ; HPSfgpa2 ;
; Software/HPSfgpa2/synthesis/submodules/HPSfgpa2_hps_0_hps_io.v                                         ; yes             ; User Verilog HDL File        ; D:/Projects/OrCAD/FMMA/Software/HPSfgpa2/synthesis/submodules/HPSfgpa2_hps_0_hps_io.v                                         ; HPSfgpa2 ;
; Software/HPSfgpa2/synthesis/submodules/hps_sdram.v                                                     ; yes             ; User Verilog HDL File        ; D:/Projects/OrCAD/FMMA/Software/HPSfgpa2/synthesis/submodules/hps_sdram.v                                                     ; HPSfgpa2 ;
; Software/HPSfgpa2/synthesis/submodules/altdq_dqs2_acv_connect_to_hard_phy_cyclonev.sv                  ; yes             ; User SystemVerilog HDL File  ; D:/Projects/OrCAD/FMMA/Software/HPSfgpa2/synthesis/submodules/altdq_dqs2_acv_connect_to_hard_phy_cyclonev.sv                  ; HPSfgpa2 ;
; Software/HPSfgpa2/synthesis/submodules/altera_mem_if_hhp_qseq_synth_top.v                              ; yes             ; User Verilog HDL File        ; D:/Projects/OrCAD/FMMA/Software/HPSfgpa2/synthesis/submodules/altera_mem_if_hhp_qseq_synth_top.v                              ; HPSfgpa2 ;
; Software/HPSfgpa2/synthesis/submodules/hps_sdram_p0.sv                                                 ; yes             ; User SystemVerilog HDL File  ; D:/Projects/OrCAD/FMMA/Software/HPSfgpa2/synthesis/submodules/hps_sdram_p0.sv                                                 ; HPSfgpa2 ;
; Software/HPSfgpa2/synthesis/submodules/hps_sdram_p0_acv_hard_addr_cmd_pads.v                           ; yes             ; User Verilog HDL File        ; D:/Projects/OrCAD/FMMA/Software/HPSfgpa2/synthesis/submodules/hps_sdram_p0_acv_hard_addr_cmd_pads.v                           ; HPSfgpa2 ;
; Software/HPSfgpa2/synthesis/submodules/hps_sdram_p0_acv_hard_io_pads.v                                 ; yes             ; User Verilog HDL File        ; D:/Projects/OrCAD/FMMA/Software/HPSfgpa2/synthesis/submodules/hps_sdram_p0_acv_hard_io_pads.v                                 ; HPSfgpa2 ;
; Software/HPSfgpa2/synthesis/submodules/hps_sdram_p0_acv_hard_memphy.v                                  ; yes             ; User Verilog HDL File        ; D:/Projects/OrCAD/FMMA/Software/HPSfgpa2/synthesis/submodules/hps_sdram_p0_acv_hard_memphy.v                                  ; HPSfgpa2 ;
; Software/HPSfgpa2/synthesis/submodules/hps_sdram_p0_acv_ldc.v                                          ; yes             ; User Verilog HDL File        ; D:/Projects/OrCAD/FMMA/Software/HPSfgpa2/synthesis/submodules/hps_sdram_p0_acv_ldc.v                                          ; HPSfgpa2 ;
; Software/HPSfgpa2/synthesis/submodules/hps_sdram_p0_altdqdqs.v                                         ; yes             ; User Verilog HDL File        ; D:/Projects/OrCAD/FMMA/Software/HPSfgpa2/synthesis/submodules/hps_sdram_p0_altdqdqs.v                                         ; HPSfgpa2 ;
; Software/HPSfgpa2/synthesis/submodules/hps_sdram_p0_clock_pair_generator.v                             ; yes             ; User Verilog HDL File        ; D:/Projects/OrCAD/FMMA/Software/HPSfgpa2/synthesis/submodules/hps_sdram_p0_clock_pair_generator.v                             ; HPSfgpa2 ;
; Software/HPSfgpa2/synthesis/submodules/hps_sdram_p0_generic_ddio.v                                     ; yes             ; User Verilog HDL File        ; D:/Projects/OrCAD/FMMA/Software/HPSfgpa2/synthesis/submodules/hps_sdram_p0_generic_ddio.v                                     ; HPSfgpa2 ;
; Software/HPSfgpa2/synthesis/submodules/hps_sdram_pll.sv                                                ; yes             ; User SystemVerilog HDL File  ; D:/Projects/OrCAD/FMMA/Software/HPSfgpa2/synthesis/submodules/hps_sdram_pll.sv                                                ; HPSfgpa2 ;
; Software/HPSfgpa2/synthesis/submodules/HPSfgpa2_hps_0_hps_io_border.sv                                 ; yes             ; User SystemVerilog HDL File  ; D:/Projects/OrCAD/FMMA/Software/HPSfgpa2/synthesis/submodules/HPSfgpa2_hps_0_hps_io_border.sv                                 ; HPSfgpa2 ;
; Software/HPSfgpa2/synthesis/submodules/HPSfgpa2_hps_0_fpga_interfaces.sv                               ; yes             ; User SystemVerilog HDL File  ; D:/Projects/OrCAD/FMMA/Software/HPSfgpa2/synthesis/submodules/HPSfgpa2_hps_0_fpga_interfaces.sv                               ; HPSfgpa2 ;
; Software/HPSfgpa2/synthesis/submodules/altera_mem_if_hard_memory_controller_top_cyclonev.sv            ; yes             ; User SystemVerilog HDL File  ; D:/Projects/OrCAD/FMMA/Software/HPSfgpa2/synthesis/submodules/altera_mem_if_hard_memory_controller_top_cyclonev.sv            ;          ;
; Software/HPSfgpa2/synthesis/submodules/altera_mem_if_oct_cyclonev.sv                                   ; yes             ; User SystemVerilog HDL File  ; D:/Projects/OrCAD/FMMA/Software/HPSfgpa2/synthesis/submodules/altera_mem_if_oct_cyclonev.sv                                   ;          ;
; Software/HPSfgpa2/synthesis/submodules/altera_mem_if_dll_cyclonev.sv                                   ; yes             ; User SystemVerilog HDL File  ; D:/Projects/OrCAD/FMMA/Software/HPSfgpa2/synthesis/submodules/altera_mem_if_dll_cyclonev.sv                                   ;          ;
; Software/HPSfgpa2/synthesis/submodules/HPSfgpa2_mm_interconnect_0_avalon_st_adapter_error_adapter_0.sv ; yes             ; User SystemVerilog HDL File  ; D:/Projects/OrCAD/FMMA/Software/HPSfgpa2/synthesis/submodules/HPSfgpa2_mm_interconnect_0_avalon_st_adapter_error_adapter_0.sv ;          ;
; Software/HFTtop.v                                                                                      ; yes             ; User Verilog HDL File        ; D:/Projects/OrCAD/FMMA/Software/HFTtop.v                                                                                      ;          ;
; Code/PC.v                                                                                              ; yes             ; User Verilog HDL File        ; D:/Projects/OrCAD/FMMA/Code/PC.v                                                                                              ;          ;
; Code/IR                                                                                                ; yes             ; User Verilog HDL File        ; D:/Projects/OrCAD/FMMA/Code/IR                                                                                                ;          ;
; Code/FR                                                                                                ; yes             ; User Verilog HDL File        ; D:/Projects/OrCAD/FMMA/Code/FR                                                                                                ;          ;
; Code/registerFinal                                                                                     ; yes             ; User Verilog HDL File        ; D:/Projects/OrCAD/FMMA/Code/registerFinal                                                                                     ;          ;
; Code/MUX16to1                                                                                          ; yes             ; User Verilog HDL File        ; D:/Projects/OrCAD/FMMA/Code/MUX16to1                                                                                          ;          ;
; Code/MUX2to1                                                                                           ; yes             ; User Verilog HDL File        ; D:/Projects/OrCAD/FMMA/Code/MUX2to1                                                                                           ;          ;
; Code/ALUFinal                                                                                          ; yes             ; User Verilog HDL File        ; D:/Projects/OrCAD/FMMA/Code/ALUFinal                                                                                          ;          ;
; Code/FSMTrial                                                                                          ; yes             ; User Verilog HDL File        ; D:/Projects/OrCAD/FMMA/Code/FSMTrial                                                                                          ;          ;
; Code/disp                                                                                              ; yes             ; User Verilog HDL File        ; D:/Projects/OrCAD/FMMA/Code/disp                                                                                              ;          ;
; Code/Encoder4to16                                                                                      ; yes             ; User Verilog HDL File        ; D:/Projects/OrCAD/FMMA/Code/Encoder4to16                                                                                      ;          ;
; Code/decoder.v                                                                                         ; yes             ; User Verilog HDL File        ; D:/Projects/OrCAD/FMMA/Code/decoder.v                                                                                         ;          ;
; altddio_out.tdf                                                                                        ; yes             ; Megafunction                 ; d:/software/quartus/libraries/megafunctions/altddio_out.tdf                                                                   ;          ;
; aglobal251.inc                                                                                         ; yes             ; Megafunction                 ; d:/software/quartus/libraries/megafunctions/aglobal251.inc                                                                    ;          ;
; stratix_ddio.inc                                                                                       ; yes             ; Megafunction                 ; d:/software/quartus/libraries/megafunctions/stratix_ddio.inc                                                                  ;          ;
; cyclone_ddio.inc                                                                                       ; yes             ; Megafunction                 ; d:/software/quartus/libraries/megafunctions/cyclone_ddio.inc                                                                  ;          ;
; lpm_mux.inc                                                                                            ; yes             ; Megafunction                 ; d:/software/quartus/libraries/megafunctions/lpm_mux.inc                                                                       ;          ;
; stratix_lcell.inc                                                                                      ; yes             ; Megafunction                 ; d:/software/quartus/libraries/megafunctions/stratix_lcell.inc                                                                 ;          ;
; db/ddio_out_uqe.tdf                                                                                    ; yes             ; Auto-Generated Megafunction  ; D:/Projects/OrCAD/FMMA/db/ddio_out_uqe.tdf                                                                                    ;          ;
; altsyncram.tdf                                                                                         ; yes             ; Megafunction                 ; d:/software/quartus/libraries/megafunctions/altsyncram.tdf                                                                    ;          ;
; stratix_ram_block.inc                                                                                  ; yes             ; Megafunction                 ; d:/software/quartus/libraries/megafunctions/stratix_ram_block.inc                                                             ;          ;
; lpm_decode.inc                                                                                         ; yes             ; Megafunction                 ; d:/software/quartus/libraries/megafunctions/lpm_decode.inc                                                                    ;          ;
; a_rdenreg.inc                                                                                          ; yes             ; Megafunction                 ; d:/software/quartus/libraries/megafunctions/a_rdenreg.inc                                                                     ;          ;
; altrom.inc                                                                                             ; yes             ; Megafunction                 ; d:/software/quartus/libraries/megafunctions/altrom.inc                                                                        ;          ;
; altram.inc                                                                                             ; yes             ; Megafunction                 ; d:/software/quartus/libraries/megafunctions/altram.inc                                                                        ;          ;
; altdpram.inc                                                                                           ; yes             ; Megafunction                 ; d:/software/quartus/libraries/megafunctions/altdpram.inc                                                                      ;          ;
; db/altsyncram_m872.tdf                                                                                 ; yes             ; Auto-Generated Megafunction  ; D:/Projects/OrCAD/FMMA/db/altsyncram_m872.tdf                                                                                 ;          ;
+--------------------------------------------------------------------------------------------------------+-----------------+------------------------------+-------------------------------------------------------------------------------------------------------------------------------+----------+


+--------------------------------------------------------------+
; Analysis & Synthesis Resource Usage Summary                  ;
+---------------------------------------------+----------------+
; Resource                                    ; Usage          ;
+---------------------------------------------+----------------+
; Estimate of Logic utilization (ALMs needed) ; 1227           ;
;                                             ;                ;
; Combinational ALUT usage for logic          ; 1642           ;
;     -- 7 input functions                    ; 30             ;
;     -- 6 input functions                    ; 714            ;
;     -- 5 input functions                    ; 168            ;
;     -- 4 input functions                    ; 271            ;
;     -- <=3 input functions                  ; 459            ;
;                                             ;                ;
; Dedicated logic registers                   ; 870            ;
;                                             ;                ;
; I/O pins                                    ; 46             ;
; I/O registers                               ; 80             ;
; Total MLAB memory bits                      ; 0              ;
; Total block memory bits                     ; 32768          ;
;                                             ;                ;
; Total DSP Blocks                            ; 2              ;
;                                             ;                ;
; Total DLLs                                  ; 1              ;
; Maximum fan-out node                        ; CLOCK_50~input ;
; Maximum fan-out                             ; 897            ;
; Total fan-out                               ; 12612          ;
; Average fan-out                             ; 4.34           ;
+---------------------------------------------+----------------+


+--------------------------------------------------------------------------------------------------------------------------------------------------------------------------------------------------------------------------------------------------------------------------------------------------------------------------------------------------------------------------------------------------------------------------------------------------------------------------------------------------------------------------------------------------------------------------------------------------------------------------------+
; Analysis & Synthesis Resource Utilization by Entity                                                                                                                                                                                                                                                                                                                                                                                                                                                                                                                                                                            ;
+-----------------------------------------------------------------------------------------------+---------------------+---------------------------+-------------------+------------+------+--------------+----------------------------------------------------------------------------------------------------------------------------------------------------------------------------------------------------------------------------------------------------------------------------------------------------------------------------------------------------+---------------------------------------------------+--------------+
; Compilation Hierarchy Node                                                                    ; Combinational ALUTs ; Dedicated Logic Registers ; Block Memory Bits ; DSP Blocks ; Pins ; Virtual Pins ; Full Hierarchy Name                                                                                                                                                                                                                                                                                                                                ; Entity Name                                       ; Library Name ;
+-----------------------------------------------------------------------------------------------+---------------------+---------------------------+-------------------+------------+------+--------------+----------------------------------------------------------------------------------------------------------------------------------------------------------------------------------------------------------------------------------------------------------------------------------------------------------------------------------------------------+---------------------------------------------------+--------------+
; |HFTTop                                                                                       ; 1642 (18)           ; 870 (7)                   ; 32768             ; 2          ; 46   ; 0            ; |HFTTop                                                                                                                                                                                                                                                                                                                                            ; HFTTop                                            ; work         ;
;    |ALUFinal:ALU|                                                                             ; 478 (478)           ; 0 (0)                     ; 0                 ; 2          ; 0    ; 0            ; |HFTTop|ALUFinal:ALU                                                                                                                                                                                                                                                                                                                               ; ALUFinal                                          ; work         ;
;    |Disp:Disp|                                                                                ; 10 (10)             ; 0 (0)                     ; 0                 ; 0          ; 0    ; 0            ; |HFTTop|Disp:Disp                                                                                                                                                                                                                                                                                                                                  ; Disp                                              ; work         ;
;    |FR:FR|                                                                                    ; 1 (1)               ; 3 (3)                     ; 0                 ; 0          ; 0    ; 0            ; |HFTTop|FR:FR                                                                                                                                                                                                                                                                                                                                      ; FR                                                ; work         ;
;    |FSMtrial:FSM|                                                                             ; 45 (45)             ; 44 (44)                   ; 0                 ; 0          ; 0    ; 0            ; |HFTTop|FSMtrial:FSM                                                                                                                                                                                                                                                                                                                               ; FSMtrial                                          ; work         ;
;    |HPSfgpa2:u0|                                                                              ; 442 (0)             ; 282 (0)                   ; 32768             ; 0          ; 0    ; 0            ; |HFTTop|HPSfgpa2:u0                                                                                                                                                                                                                                                                                                                                ; HPSfgpa2                                          ; HPSfgpa2     ;
;       |HPSfgpa2_hps_0:hps_0|                                                                  ; 1 (0)               ; 9 (0)                     ; 0                 ; 0          ; 0    ; 0            ; |HFTTop|HPSfgpa2:u0|HPSfgpa2_hps_0:hps_0                                                                                                                                                                                                                                                                                                           ; HPSfgpa2_hps_0                                    ; HPSfgpa2     ;
;          |HPSfgpa2_hps_0_fpga_interfaces:fpga_interfaces|                                     ; 0 (0)               ; 0 (0)                     ; 0                 ; 0          ; 0    ; 0            ; |HFTTop|HPSfgpa2:u0|HPSfgpa2_hps_0:hps_0|HPSfgpa2_hps_0_fpga_interfaces:fpga_interfaces                                                                                                                                                                                                                                                            ; HPSfgpa2_hps_0_fpga_interfaces                    ; HPSfgpa2     ;
;          |HPSfgpa2_hps_0_hps_io:hps_io|                                                       ; 1 (0)               ; 9 (0)                     ; 0                 ; 0          ; 0    ; 0            ; |HFTTop|HPSfgpa2:u0|HPSfgpa2_hps_0:hps_0|HPSfgpa2_hps_0_hps_io:hps_io                                                                                                                                                                                                                                                                              ; HPSfgpa2_hps_0_hps_io                             ; HPSfgpa2     ;
;             |HPSfgpa2_hps_0_hps_io_border:border|                                             ; 1 (1)               ; 9 (0)                     ; 0                 ; 0          ; 0    ; 0            ; |HFTTop|HPSfgpa2:u0|HPSfgpa2_hps_0:hps_0|HPSfgpa2_hps_0_hps_io:hps_io|HPSfgpa2_hps_0_hps_io_border:border                                                                                                                                                                                                                                          ; HPSfgpa2_hps_0_hps_io_border                      ; HPSfgpa2     ;
;                |hps_sdram:hps_sdram_inst|                                                     ; 0 (0)               ; 9 (0)                     ; 0                 ; 0          ; 0    ; 0            ; |HFTTop|HPSfgpa2:u0|HPSfgpa2_hps_0:hps_0|HPSfgpa2_hps_0_hps_io:hps_io|HPSfgpa2_hps_0_hps_io_border:border|hps_sdram:hps_sdram_inst                                                                                                                                                                                                                 ; hps_sdram                                         ; HPSfgpa2     ;
;                   |altera_mem_if_dll_cyclonev:dll|                                            ; 0 (0)               ; 0 (0)                     ; 0                 ; 0          ; 0    ; 0            ; |HFTTop|HPSfgpa2:u0|HPSfgpa2_hps_0:hps_0|HPSfgpa2_hps_0_hps_io:hps_io|HPSfgpa2_hps_0_hps_io_border:border|hps_sdram:hps_sdram_inst|altera_mem_if_dll_cyclonev:dll                                                                                                                                                                                  ; altera_mem_if_dll_cyclonev                        ; work         ;
;                   |altera_mem_if_hard_memory_controller_top_cyclonev:c0|                      ; 0 (0)               ; 0 (0)                     ; 0                 ; 0          ; 0    ; 0            ; |HFTTop|HPSfgpa2:u0|HPSfgpa2_hps_0:hps_0|HPSfgpa2_hps_0_hps_io:hps_io|HPSfgpa2_hps_0_hps_io_border:border|hps_sdram:hps_sdram_inst|altera_mem_if_hard_memory_controller_top_cyclonev:c0                                                                                                                                                            ; altera_mem_if_hard_memory_controller_top_cyclonev ; work         ;
;                   |altera_mem_if_oct_cyclonev:oct|                                            ; 0 (0)               ; 0 (0)                     ; 0                 ; 0          ; 0    ; 0            ; |HFTTop|HPSfgpa2:u0|HPSfgpa2_hps_0:hps_0|HPSfgpa2_hps_0_hps_io:hps_io|HPSfgpa2_hps_0_hps_io_border:border|hps_sdram:hps_sdram_inst|altera_mem_if_oct_cyclonev:oct                                                                                                                                                                                  ; altera_mem_if_oct_cyclonev                        ; work         ;
;                   |hps_sdram_p0:p0|                                                           ; 0 (0)               ; 9 (0)                     ; 0                 ; 0          ; 0    ; 0            ; |HFTTop|HPSfgpa2:u0|HPSfgpa2_hps_0:hps_0|HPSfgpa2_hps_0_hps_io:hps_io|HPSfgpa2_hps_0_hps_io_border:border|hps_sdram:hps_sdram_inst|hps_sdram_p0:p0                                                                                                                                                                                                 ; hps_sdram_p0                                      ; HPSfgpa2     ;
;                      |hps_sdram_p0_acv_hard_memphy:umemphy|                                   ; 0 (0)               ; 9 (0)                     ; 0                 ; 0          ; 0    ; 0            ; |HFTTop|HPSfgpa2:u0|HPSfgpa2_hps_0:hps_0|HPSfgpa2_hps_0_hps_io:hps_io|HPSfgpa2_hps_0_hps_io_border:border|hps_sdram:hps_sdram_inst|hps_sdram_p0:p0|hps_sdram_p0_acv_hard_memphy:umemphy                                                                                                                                                            ; hps_sdram_p0_acv_hard_memphy                      ; HPSfgpa2     ;
;                         |hps_sdram_p0_acv_hard_io_pads:uio_pads|                              ; 0 (0)               ; 9 (0)                     ; 0                 ; 0          ; 0    ; 0            ; |HFTTop|HPSfgpa2:u0|HPSfgpa2_hps_0:hps_0|HPSfgpa2_hps_0_hps_io:hps_io|HPSfgpa2_hps_0_hps_io_border:border|hps_sdram:hps_sdram_inst|hps_sdram_p0:p0|hps_sdram_p0_acv_hard_memphy:umemphy|hps_sdram_p0_acv_hard_io_pads:uio_pads                                                                                                                     ; hps_sdram_p0_acv_hard_io_pads                     ; HPSfgpa2     ;
;                            |hps_sdram_p0_acv_hard_addr_cmd_pads:uaddr_cmd_pads|               ; 0 (0)               ; 0 (0)                     ; 0                 ; 0          ; 0    ; 0            ; |HFTTop|HPSfgpa2:u0|HPSfgpa2_hps_0:hps_0|HPSfgpa2_hps_0_hps_io:hps_io|HPSfgpa2_hps_0_hps_io_border:border|hps_sdram:hps_sdram_inst|hps_sdram_p0:p0|hps_sdram_p0_acv_hard_memphy:umemphy|hps_sdram_p0_acv_hard_io_pads:uio_pads|hps_sdram_p0_acv_hard_addr_cmd_pads:uaddr_cmd_pads                                                                  ; hps_sdram_p0_acv_hard_addr_cmd_pads               ; HPSfgpa2     ;
;                               |altddio_out:clock_gen[0].umem_ck_pad|                          ; 0 (0)               ; 0 (0)                     ; 0                 ; 0          ; 0    ; 0            ; |HFTTop|HPSfgpa2:u0|HPSfgpa2_hps_0:hps_0|HPSfgpa2_hps_0_hps_io:hps_io|HPSfgpa2_hps_0_hps_io_border:border|hps_sdram:hps_sdram_inst|hps_sdram_p0:p0|hps_sdram_p0_acv_hard_memphy:umemphy|hps_sdram_p0_acv_hard_io_pads:uio_pads|hps_sdram_p0_acv_hard_addr_cmd_pads:uaddr_cmd_pads|altddio_out:clock_gen[0].umem_ck_pad                             ; altddio_out                                       ; work         ;
;                                  |ddio_out_uqe:auto_generated|                                ; 0 (0)               ; 0 (0)                     ; 0                 ; 0          ; 0    ; 0            ; |HFTTop|HPSfgpa2:u0|HPSfgpa2_hps_0:hps_0|HPSfgpa2_hps_0_hps_io:hps_io|HPSfgpa2_hps_0_hps_io_border:border|hps_sdram:hps_sdram_inst|hps_sdram_p0:p0|hps_sdram_p0_acv_hard_memphy:umemphy|hps_sdram_p0_acv_hard_io_pads:uio_pads|hps_sdram_p0_acv_hard_addr_cmd_pads:uaddr_cmd_pads|altddio_out:clock_gen[0].umem_ck_pad|ddio_out_uqe:auto_generated ; ddio_out_uqe                                      ; work         ;
;                               |hps_sdram_p0_acv_ldc:address_gen[0].acv_ac_ldc|                ; 0 (0)               ; 0 (0)                     ; 0                 ; 0          ; 0    ; 0            ; |HFTTop|HPSfgpa2:u0|HPSfgpa2_hps_0:hps_0|HPSfgpa2_hps_0_hps_io:hps_io|HPSfgpa2_hps_0_hps_io_border:border|hps_sdram:hps_sdram_inst|hps_sdram_p0:p0|hps_sdram_p0_acv_hard_memphy:umemphy|hps_sdram_p0_acv_hard_io_pads:uio_pads|hps_sdram_p0_acv_hard_addr_cmd_pads:uaddr_cmd_pads|hps_sdram_p0_acv_ldc:address_gen[0].acv_ac_ldc                   ; hps_sdram_p0_acv_ldc                              ; HPSfgpa2     ;
;                               |hps_sdram_p0_acv_ldc:address_gen[10].acv_ac_ldc|               ; 0 (0)               ; 0 (0)                     ; 0                 ; 0          ; 0    ; 0            ; |HFTTop|HPSfgpa2:u0|HPSfgpa2_hps_0:hps_0|HPSfgpa2_hps_0_hps_io:hps_io|HPSfgpa2_hps_0_hps_io_border:border|hps_sdram:hps_sdram_inst|hps_sdram_p0:p0|hps_sdram_p0_acv_hard_memphy:umemphy|hps_sdram_p0_acv_hard_io_pads:uio_pads|hps_sdram_p0_acv_hard_addr_cmd_pads:uaddr_cmd_pads|hps_sdram_p0_acv_ldc:address_gen[10].acv_ac_ldc                  ; hps_sdram_p0_acv_ldc                              ; HPSfgpa2     ;
;                               |hps_sdram_p0_acv_ldc:address_gen[11].acv_ac_ldc|               ; 0 (0)               ; 0 (0)                     ; 0                 ; 0          ; 0    ; 0            ; |HFTTop|HPSfgpa2:u0|HPSfgpa2_hps_0:hps_0|HPSfgpa2_hps_0_hps_io:hps_io|HPSfgpa2_hps_0_hps_io_border:border|hps_sdram:hps_sdram_inst|hps_sdram_p0:p0|hps_sdram_p0_acv_hard_memphy:umemphy|hps_sdram_p0_acv_hard_io_pads:uio_pads|hps_sdram_p0_acv_hard_addr_cmd_pads:uaddr_cmd_pads|hps_sdram_p0_acv_ldc:address_gen[11].acv_ac_ldc                  ; hps_sdram_p0_acv_ldc                              ; HPSfgpa2     ;
;                               |hps_sdram_p0_acv_ldc:address_gen[12].acv_ac_ldc|               ; 0 (0)               ; 0 (0)                     ; 0                 ; 0          ; 0    ; 0            ; |HFTTop|HPSfgpa2:u0|HPSfgpa2_hps_0:hps_0|HPSfgpa2_hps_0_hps_io:hps_io|HPSfgpa2_hps_0_hps_io_border:border|hps_sdram:hps_sdram_inst|hps_sdram_p0:p0|hps_sdram_p0_acv_hard_memphy:umemphy|hps_sdram_p0_acv_hard_io_pads:uio_pads|hps_sdram_p0_acv_hard_addr_cmd_pads:uaddr_cmd_pads|hps_sdram_p0_acv_ldc:address_gen[12].acv_ac_ldc                  ; hps_sdram_p0_acv_ldc                              ; HPSfgpa2     ;
;                               |hps_sdram_p0_acv_ldc:address_gen[13].acv_ac_ldc|               ; 0 (0)               ; 0 (0)                     ; 0                 ; 0          ; 0    ; 0            ; |HFTTop|HPSfgpa2:u0|HPSfgpa2_hps_0:hps_0|HPSfgpa2_hps_0_hps_io:hps_io|HPSfgpa2_hps_0_hps_io_border:border|hps_sdram:hps_sdram_inst|hps_sdram_p0:p0|hps_sdram_p0_acv_hard_memphy:umemphy|hps_sdram_p0_acv_hard_io_pads:uio_pads|hps_sdram_p0_acv_hard_addr_cmd_pads:uaddr_cmd_pads|hps_sdram_p0_acv_ldc:address_gen[13].acv_ac_ldc                  ; hps_sdram_p0_acv_ldc                              ; HPSfgpa2     ;
;                               |hps_sdram_p0_acv_ldc:address_gen[14].acv_ac_ldc|               ; 0 (0)               ; 0 (0)                     ; 0                 ; 0          ; 0    ; 0            ; |HFTTop|HPSfgpa2:u0|HPSfgpa2_hps_0:hps_0|HPSfgpa2_hps_0_hps_io:hps_io|HPSfgpa2_hps_0_hps_io_border:border|hps_sdram:hps_sdram_inst|hps_sdram_p0:p0|hps_sdram_p0_acv_hard_memphy:umemphy|hps_sdram_p0_acv_hard_io_pads:uio_pads|hps_sdram_p0_acv_hard_addr_cmd_pads:uaddr_cmd_pads|hps_sdram_p0_acv_ldc:address_gen[14].acv_ac_ldc                  ; hps_sdram_p0_acv_ldc                              ; HPSfgpa2     ;
;                               |hps_sdram_p0_acv_ldc:address_gen[15].acv_ac_ldc|               ; 0 (0)               ; 0 (0)                     ; 0                 ; 0          ; 0    ; 0            ; |HFTTop|HPSfgpa2:u0|HPSfgpa2_hps_0:hps_0|HPSfgpa2_hps_0_hps_io:hps_io|HPSfgpa2_hps_0_hps_io_border:border|hps_sdram:hps_sdram_inst|hps_sdram_p0:p0|hps_sdram_p0_acv_hard_memphy:umemphy|hps_sdram_p0_acv_hard_io_pads:uio_pads|hps_sdram_p0_acv_hard_addr_cmd_pads:uaddr_cmd_pads|hps_sdram_p0_acv_ldc:address_gen[15].acv_ac_ldc                  ; hps_sdram_p0_acv_ldc                              ; HPSfgpa2     ;
;                               |hps_sdram_p0_acv_ldc:address_gen[16].acv_ac_ldc|               ; 0 (0)               ; 0 (0)                     ; 0                 ; 0          ; 0    ; 0            ; |HFTTop|HPSfgpa2:u0|HPSfgpa2_hps_0:hps_0|HPSfgpa2_hps_0_hps_io:hps_io|HPSfgpa2_hps_0_hps_io_border:border|hps_sdram:hps_sdram_inst|hps_sdram_p0:p0|hps_sdram_p0_acv_hard_memphy:umemphy|hps_sdram_p0_acv_hard_io_pads:uio_pads|hps_sdram_p0_acv_hard_addr_cmd_pads:uaddr_cmd_pads|hps_sdram_p0_acv_ldc:address_gen[16].acv_ac_ldc                  ; hps_sdram_p0_acv_ldc                              ; HPSfgpa2     ;
;                               |hps_sdram_p0_acv_ldc:address_gen[17].acv_ac_ldc|               ; 0 (0)               ; 0 (0)                     ; 0                 ; 0          ; 0    ; 0            ; |HFTTop|HPSfgpa2:u0|HPSfgpa2_hps_0:hps_0|HPSfgpa2_hps_0_hps_io:hps_io|HPSfgpa2_hps_0_hps_io_border:border|hps_sdram:hps_sdram_inst|hps_sdram_p0:p0|hps_sdram_p0_acv_hard_memphy:umemphy|hps_sdram_p0_acv_hard_io_pads:uio_pads|hps_sdram_p0_acv_hard_addr_cmd_pads:uaddr_cmd_pads|hps_sdram_p0_acv_ldc:address_gen[17].acv_ac_ldc                  ; hps_sdram_p0_acv_ldc                              ; HPSfgpa2     ;
;                               |hps_sdram_p0_acv_ldc:address_gen[18].acv_ac_ldc|               ; 0 (0)               ; 0 (0)                     ; 0                 ; 0          ; 0    ; 0            ; |HFTTop|HPSfgpa2:u0|HPSfgpa2_hps_0:hps_0|HPSfgpa2_hps_0_hps_io:hps_io|HPSfgpa2_hps_0_hps_io_border:border|hps_sdram:hps_sdram_inst|hps_sdram_p0:p0|hps_sdram_p0_acv_hard_memphy:umemphy|hps_sdram_p0_acv_hard_io_pads:uio_pads|hps_sdram_p0_acv_hard_addr_cmd_pads:uaddr_cmd_pads|hps_sdram_p0_acv_ldc:address_gen[18].acv_ac_ldc                  ; hps_sdram_p0_acv_ldc                              ; HPSfgpa2     ;
;                               |hps_sdram_p0_acv_ldc:address_gen[19].acv_ac_ldc|               ; 0 (0)               ; 0 (0)                     ; 0                 ; 0          ; 0    ; 0            ; |HFTTop|HPSfgpa2:u0|HPSfgpa2_hps_0:hps_0|HPSfgpa2_hps_0_hps_io:hps_io|HPSfgpa2_hps_0_hps_io_border:border|hps_sdram:hps_sdram_inst|hps_sdram_p0:p0|hps_sdram_p0_acv_hard_memphy:umemphy|hps_sdram_p0_acv_hard_io_pads:uio_pads|hps_sdram_p0_acv_hard_addr_cmd_pads:uaddr_cmd_pads|hps_sdram_p0_acv_ldc:address_gen[19].acv_ac_ldc                  ; hps_sdram_p0_acv_ldc                              ; HPSfgpa2     ;
;                               |hps_sdram_p0_acv_ldc:address_gen[1].acv_ac_ldc|                ; 0 (0)               ; 0 (0)                     ; 0                 ; 0          ; 0    ; 0            ; |HFTTop|HPSfgpa2:u0|HPSfgpa2_hps_0:hps_0|HPSfgpa2_hps_0_hps_io:hps_io|HPSfgpa2_hps_0_hps_io_border:border|hps_sdram:hps_sdram_inst|hps_sdram_p0:p0|hps_sdram_p0_acv_hard_memphy:umemphy|hps_sdram_p0_acv_hard_io_pads:uio_pads|hps_sdram_p0_acv_hard_addr_cmd_pads:uaddr_cmd_pads|hps_sdram_p0_acv_ldc:address_gen[1].acv_ac_ldc                   ; hps_sdram_p0_acv_ldc                              ; HPSfgpa2     ;
;                               |hps_sdram_p0_acv_ldc:address_gen[20].acv_ac_ldc|               ; 0 (0)               ; 0 (0)                     ; 0                 ; 0          ; 0    ; 0            ; |HFTTop|HPSfgpa2:u0|HPSfgpa2_hps_0:hps_0|HPSfgpa2_hps_0_hps_io:hps_io|HPSfgpa2_hps_0_hps_io_border:border|hps_sdram:hps_sdram_inst|hps_sdram_p0:p0|hps_sdram_p0_acv_hard_memphy:umemphy|hps_sdram_p0_acv_hard_io_pads:uio_pads|hps_sdram_p0_acv_hard_addr_cmd_pads:uaddr_cmd_pads|hps_sdram_p0_acv_ldc:address_gen[20].acv_ac_ldc                  ; hps_sdram_p0_acv_ldc                              ; HPSfgpa2     ;
;                               |hps_sdram_p0_acv_ldc:address_gen[21].acv_ac_ldc|               ; 0 (0)               ; 0 (0)                     ; 0                 ; 0          ; 0    ; 0            ; |HFTTop|HPSfgpa2:u0|HPSfgpa2_hps_0:hps_0|HPSfgpa2_hps_0_hps_io:hps_io|HPSfgpa2_hps_0_hps_io_border:border|hps_sdram:hps_sdram_inst|hps_sdram_p0:p0|hps_sdram_p0_acv_hard_memphy:umemphy|hps_sdram_p0_acv_hard_io_pads:uio_pads|hps_sdram_p0_acv_hard_addr_cmd_pads:uaddr_cmd_pads|hps_sdram_p0_acv_ldc:address_gen[21].acv_ac_ldc                  ; hps_sdram_p0_acv_ldc                              ; HPSfgpa2     ;
;                               |hps_sdram_p0_acv_ldc:address_gen[22].acv_ac_ldc|               ; 0 (0)               ; 0 (0)                     ; 0                 ; 0          ; 0    ; 0            ; |HFTTop|HPSfgpa2:u0|HPSfgpa2_hps_0:hps_0|HPSfgpa2_hps_0_hps_io:hps_io|HPSfgpa2_hps_0_hps_io_border:border|hps_sdram:hps_sdram_inst|hps_sdram_p0:p0|hps_sdram_p0_acv_hard_memphy:umemphy|hps_sdram_p0_acv_hard_io_pads:uio_pads|hps_sdram_p0_acv_hard_addr_cmd_pads:uaddr_cmd_pads|hps_sdram_p0_acv_ldc:address_gen[22].acv_ac_ldc                  ; hps_sdram_p0_acv_ldc                              ; HPSfgpa2     ;
;                               |hps_sdram_p0_acv_ldc:address_gen[2].acv_ac_ldc|                ; 0 (0)               ; 0 (0)                     ; 0                 ; 0          ; 0    ; 0            ; |HFTTop|HPSfgpa2:u0|HPSfgpa2_hps_0:hps_0|HPSfgpa2_hps_0_hps_io:hps_io|HPSfgpa2_hps_0_hps_io_border:border|hps_sdram:hps_sdram_inst|hps_sdram_p0:p0|hps_sdram_p0_acv_hard_memphy:umemphy|hps_sdram_p0_acv_hard_io_pads:uio_pads|hps_sdram_p0_acv_hard_addr_cmd_pads:uaddr_cmd_pads|hps_sdram_p0_acv_ldc:address_gen[2].acv_ac_ldc                   ; hps_sdram_p0_acv_ldc                              ; HPSfgpa2     ;
;                               |hps_sdram_p0_acv_ldc:address_gen[3].acv_ac_ldc|                ; 0 (0)               ; 0 (0)                     ; 0                 ; 0          ; 0    ; 0            ; |HFTTop|HPSfgpa2:u0|HPSfgpa2_hps_0:hps_0|HPSfgpa2_hps_0_hps_io:hps_io|HPSfgpa2_hps_0_hps_io_border:border|hps_sdram:hps_sdram_inst|hps_sdram_p0:p0|hps_sdram_p0_acv_hard_memphy:umemphy|hps_sdram_p0_acv_hard_io_pads:uio_pads|hps_sdram_p0_acv_hard_addr_cmd_pads:uaddr_cmd_pads|hps_sdram_p0_acv_ldc:address_gen[3].acv_ac_ldc                   ; hps_sdram_p0_acv_ldc                              ; HPSfgpa2     ;
;                               |hps_sdram_p0_acv_ldc:address_gen[4].acv_ac_ldc|                ; 0 (0)               ; 0 (0)                     ; 0                 ; 0          ; 0    ; 0            ; |HFTTop|HPSfgpa2:u0|HPSfgpa2_hps_0:hps_0|HPSfgpa2_hps_0_hps_io:hps_io|HPSfgpa2_hps_0_hps_io_border:border|hps_sdram:hps_sdram_inst|hps_sdram_p0:p0|hps_sdram_p0_acv_hard_memphy:umemphy|hps_sdram_p0_acv_hard_io_pads:uio_pads|hps_sdram_p0_acv_hard_addr_cmd_pads:uaddr_cmd_pads|hps_sdram_p0_acv_ldc:address_gen[4].acv_ac_ldc                   ; hps_sdram_p0_acv_ldc                              ; HPSfgpa2     ;
;                               |hps_sdram_p0_acv_ldc:address_gen[5].acv_ac_ldc|                ; 0 (0)               ; 0 (0)                     ; 0                 ; 0          ; 0    ; 0            ; |HFTTop|HPSfgpa2:u0|HPSfgpa2_hps_0:hps_0|HPSfgpa2_hps_0_hps_io:hps_io|HPSfgpa2_hps_0_hps_io_border:border|hps_sdram:hps_sdram_inst|hps_sdram_p0:p0|hps_sdram_p0_acv_hard_memphy:umemphy|hps_sdram_p0_acv_hard_io_pads:uio_pads|hps_sdram_p0_acv_hard_addr_cmd_pads:uaddr_cmd_pads|hps_sdram_p0_acv_ldc:address_gen[5].acv_ac_ldc                   ; hps_sdram_p0_acv_ldc                              ; HPSfgpa2     ;
;                               |hps_sdram_p0_acv_ldc:address_gen[6].acv_ac_ldc|                ; 0 (0)               ; 0 (0)                     ; 0                 ; 0          ; 0    ; 0            ; |HFTTop|HPSfgpa2:u0|HPSfgpa2_hps_0:hps_0|HPSfgpa2_hps_0_hps_io:hps_io|HPSfgpa2_hps_0_hps_io_border:border|hps_sdram:hps_sdram_inst|hps_sdram_p0:p0|hps_sdram_p0_acv_hard_memphy:umemphy|hps_sdram_p0_acv_hard_io_pads:uio_pads|hps_sdram_p0_acv_hard_addr_cmd_pads:uaddr_cmd_pads|hps_sdram_p0_acv_ldc:address_gen[6].acv_ac_ldc                   ; hps_sdram_p0_acv_ldc                              ; HPSfgpa2     ;
;                               |hps_sdram_p0_acv_ldc:address_gen[7].acv_ac_ldc|                ; 0 (0)               ; 0 (0)                     ; 0                 ; 0          ; 0    ; 0            ; |HFTTop|HPSfgpa2:u0|HPSfgpa2_hps_0:hps_0|HPSfgpa2_hps_0_hps_io:hps_io|HPSfgpa2_hps_0_hps_io_border:border|hps_sdram:hps_sdram_inst|hps_sdram_p0:p0|hps_sdram_p0_acv_hard_memphy:umemphy|hps_sdram_p0_acv_hard_io_pads:uio_pads|hps_sdram_p0_acv_hard_addr_cmd_pads:uaddr_cmd_pads|hps_sdram_p0_acv_ldc:address_gen[7].acv_ac_ldc                   ; hps_sdram_p0_acv_ldc                              ; HPSfgpa2     ;
;                               |hps_sdram_p0_acv_ldc:address_gen[8].acv_ac_ldc|                ; 0 (0)               ; 0 (0)                     ; 0                 ; 0          ; 0    ; 0            ; |HFTTop|HPSfgpa2:u0|HPSfgpa2_hps_0:hps_0|HPSfgpa2_hps_0_hps_io:hps_io|HPSfgpa2_hps_0_hps_io_border:border|hps_sdram:hps_sdram_inst|hps_sdram_p0:p0|hps_sdram_p0_acv_hard_memphy:umemphy|hps_sdram_p0_acv_hard_io_pads:uio_pads|hps_sdram_p0_acv_hard_addr_cmd_pads:uaddr_cmd_pads|hps_sdram_p0_acv_ldc:address_gen[8].acv_ac_ldc                   ; hps_sdram_p0_acv_ldc                              ; HPSfgpa2     ;
;                               |hps_sdram_p0_acv_ldc:address_gen[9].acv_ac_ldc|                ; 0 (0)               ; 0 (0)                     ; 0                 ; 0          ; 0    ; 0            ; |HFTTop|HPSfgpa2:u0|HPSfgpa2_hps_0:hps_0|HPSfgpa2_hps_0_hps_io:hps_io|HPSfgpa2_hps_0_hps_io_border:border|hps_sdram:hps_sdram_inst|hps_sdram_p0:p0|hps_sdram_p0_acv_hard_memphy:umemphy|hps_sdram_p0_acv_hard_io_pads:uio_pads|hps_sdram_p0_acv_hard_addr_cmd_pads:uaddr_cmd_pads|hps_sdram_p0_acv_ldc:address_gen[9].acv_ac_ldc                   ; hps_sdram_p0_acv_ldc                              ; HPSfgpa2     ;
;                               |hps_sdram_p0_clock_pair_generator:clock_gen[0].uclk_generator| ; 0 (0)               ; 0 (0)                     ; 0                 ; 0          ; 0    ; 0            ; |HFTTop|HPSfgpa2:u0|HPSfgpa2_hps_0:hps_0|HPSfgpa2_hps_0_hps_io:hps_io|HPSfgpa2_hps_0_hps_io_border:border|hps_sdram:hps_sdram_inst|hps_sdram_p0:p0|hps_sdram_p0_acv_hard_memphy:umemphy|hps_sdram_p0_acv_hard_io_pads:uio_pads|hps_sdram_p0_acv_hard_addr_cmd_pads:uaddr_cmd_pads|hps_sdram_p0_clock_pair_generator:clock_gen[0].uclk_generator    ; hps_sdram_p0_clock_pair_generator                 ; HPSfgpa2     ;
;                               |hps_sdram_p0_generic_ddio:uaddress_pad|                        ; 0 (0)               ; 0 (0)                     ; 0                 ; 0          ; 0    ; 0            ; |HFTTop|HPSfgpa2:u0|HPSfgpa2_hps_0:hps_0|HPSfgpa2_hps_0_hps_io:hps_io|HPSfgpa2_hps_0_hps_io_border:border|hps_sdram:hps_sdram_inst|hps_sdram_p0:p0|hps_sdram_p0_acv_hard_memphy:umemphy|hps_sdram_p0_acv_hard_io_pads:uio_pads|hps_sdram_p0_acv_hard_addr_cmd_pads:uaddr_cmd_pads|hps_sdram_p0_generic_ddio:uaddress_pad                           ; hps_sdram_p0_generic_ddio                         ; HPSfgpa2     ;
;                               |hps_sdram_p0_generic_ddio:ubank_pad|                           ; 0 (0)               ; 0 (0)                     ; 0                 ; 0          ; 0    ; 0            ; |HFTTop|HPSfgpa2:u0|HPSfgpa2_hps_0:hps_0|HPSfgpa2_hps_0_hps_io:hps_io|HPSfgpa2_hps_0_hps_io_border:border|hps_sdram:hps_sdram_inst|hps_sdram_p0:p0|hps_sdram_p0_acv_hard_memphy:umemphy|hps_sdram_p0_acv_hard_io_pads:uio_pads|hps_sdram_p0_acv_hard_addr_cmd_pads:uaddr_cmd_pads|hps_sdram_p0_generic_ddio:ubank_pad                              ; hps_sdram_p0_generic_ddio                         ; HPSfgpa2     ;
;                               |hps_sdram_p0_generic_ddio:ucmd_pad|                            ; 0 (0)               ; 0 (0)                     ; 0                 ; 0          ; 0    ; 0            ; |HFTTop|HPSfgpa2:u0|HPSfgpa2_hps_0:hps_0|HPSfgpa2_hps_0_hps_io:hps_io|HPSfgpa2_hps_0_hps_io_border:border|hps_sdram:hps_sdram_inst|hps_sdram_p0:p0|hps_sdram_p0_acv_hard_memphy:umemphy|hps_sdram_p0_acv_hard_io_pads:uio_pads|hps_sdram_p0_acv_hard_addr_cmd_pads:uaddr_cmd_pads|hps_sdram_p0_generic_ddio:ucmd_pad                               ; hps_sdram_p0_generic_ddio                         ; HPSfgpa2     ;
;                               |hps_sdram_p0_generic_ddio:ureset_n_pad|                        ; 0 (0)               ; 0 (0)                     ; 0                 ; 0          ; 0    ; 0            ; |HFTTop|HPSfgpa2:u0|HPSfgpa2_hps_0:hps_0|HPSfgpa2_hps_0_hps_io:hps_io|HPSfgpa2_hps_0_hps_io_border:border|hps_sdram:hps_sdram_inst|hps_sdram_p0:p0|hps_sdram_p0_acv_hard_memphy:umemphy|hps_sdram_p0_acv_hard_io_pads:uio_pads|hps_sdram_p0_acv_hard_addr_cmd_pads:uaddr_cmd_pads|hps_sdram_p0_generic_ddio:ureset_n_pad                           ; hps_sdram_p0_generic_ddio                         ; HPSfgpa2     ;
;                            |hps_sdram_p0_altdqdqs:dq_ddio[0].ubidir_dq_dqs|                   ; 0 (0)               ; 9 (0)                     ; 0                 ; 0          ; 0    ; 0            ; |HFTTop|HPSfgpa2:u0|HPSfgpa2_hps_0:hps_0|HPSfgpa2_hps_0_hps_io:hps_io|HPSfgpa2_hps_0_hps_io_border:border|hps_sdram:hps_sdram_inst|hps_sdram_p0:p0|hps_sdram_p0_acv_hard_memphy:umemphy|hps_sdram_p0_acv_hard_io_pads:uio_pads|hps_sdram_p0_altdqdqs:dq_ddio[0].ubidir_dq_dqs                                                                      ; hps_sdram_p0_altdqdqs                             ; HPSfgpa2     ;
;                               |altdq_dqs2_acv_connect_to_hard_phy_cyclonev:altdq_dqs2_inst|   ; 0 (0)               ; 9 (9)                     ; 0                 ; 0          ; 0    ; 0            ; |HFTTop|HPSfgpa2:u0|HPSfgpa2_hps_0:hps_0|HPSfgpa2_hps_0_hps_io:hps_io|HPSfgpa2_hps_0_hps_io_border:border|hps_sdram:hps_sdram_inst|hps_sdram_p0:p0|hps_sdram_p0_acv_hard_memphy:umemphy|hps_sdram_p0_acv_hard_io_pads:uio_pads|hps_sdram_p0_altdqdqs:dq_ddio[0].ubidir_dq_dqs|altdq_dqs2_acv_connect_to_hard_phy_cyclonev:altdq_dqs2_inst          ; altdq_dqs2_acv_connect_to_hard_phy_cyclonev       ; HPSfgpa2     ;
;                         |hps_sdram_p0_acv_ldc:memphy_ldc|                                     ; 0 (0)               ; 0 (0)                     ; 0                 ; 0          ; 0    ; 0            ; |HFTTop|HPSfgpa2:u0|HPSfgpa2_hps_0:hps_0|HPSfgpa2_hps_0_hps_io:hps_io|HPSfgpa2_hps_0_hps_io_border:border|hps_sdram:hps_sdram_inst|hps_sdram_p0:p0|hps_sdram_p0_acv_hard_memphy:umemphy|hps_sdram_p0_acv_ldc:memphy_ldc                                                                                                                            ; hps_sdram_p0_acv_ldc                              ; HPSfgpa2     ;
;                   |hps_sdram_pll:pll|                                                         ; 0 (0)               ; 0 (0)                     ; 0                 ; 0          ; 0    ; 0            ; |HFTTop|HPSfgpa2:u0|HPSfgpa2_hps_0:hps_0|HPSfgpa2_hps_0_hps_io:hps_io|HPSfgpa2_hps_0_hps_io_border:border|hps_sdram:hps_sdram_inst|hps_sdram_pll:pll                                                                                                                                                                                               ; hps_sdram_pll                                     ; HPSfgpa2     ;
;       |HPSfgpa2_mm_interconnect_0:mm_interconnect_0|                                          ; 435 (0)             ; 254 (0)                   ; 0                 ; 0          ; 0    ; 0            ; |HFTTop|HPSfgpa2:u0|HPSfgpa2_mm_interconnect_0:mm_interconnect_0                                                                                                                                                                                                                                                                                   ; HPSfgpa2_mm_interconnect_0                        ; HPSfgpa2     ;
;          |HPSfgpa2_mm_interconnect_0_cmd_mux:cmd_mux|                                         ; 96 (91)             ; 5 (3)                     ; 0                 ; 0          ; 0    ; 0            ; |HFTTop|HPSfgpa2:u0|HPSfgpa2_mm_interconnect_0:mm_interconnect_0|HPSfgpa2_mm_interconnect_0_cmd_mux:cmd_mux                                                                                                                                                                                                                                        ; HPSfgpa2_mm_interconnect_0_cmd_mux                ; HPSfgpa2     ;
;             |altera_merlin_arbitrator:arb|                                                    ; 5 (5)               ; 2 (2)                     ; 0                 ; 0          ; 0    ; 0            ; |HFTTop|HPSfgpa2:u0|HPSfgpa2_mm_interconnect_0:mm_interconnect_0|HPSfgpa2_mm_interconnect_0_cmd_mux:cmd_mux|altera_merlin_arbitrator:arb                                                                                                                                                                                                           ; altera_merlin_arbitrator                          ; HPSfgpa2     ;
;          |HPSfgpa2_mm_interconnect_0_rsp_demux:rsp_demux|                                     ; 4 (4)               ; 0 (0)                     ; 0                 ; 0          ; 0    ; 0            ; |HFTTop|HPSfgpa2:u0|HPSfgpa2_mm_interconnect_0:mm_interconnect_0|HPSfgpa2_mm_interconnect_0_rsp_demux:rsp_demux                                                                                                                                                                                                                                    ; HPSfgpa2_mm_interconnect_0_rsp_demux              ; HPSfgpa2     ;
;          |altera_avalon_sc_fifo:onchip_memory2_0_s1_agent_rdata_fifo|                         ; 69 (69)             ; 66 (66)                   ; 0                 ; 0          ; 0    ; 0            ; |HFTTop|HPSfgpa2:u0|HPSfgpa2_mm_interconnect_0:mm_interconnect_0|altera_avalon_sc_fifo:onchip_memory2_0_s1_agent_rdata_fifo                                                                                                                                                                                                                        ; altera_avalon_sc_fifo                             ; HPSfgpa2     ;
;          |altera_avalon_sc_fifo:onchip_memory2_0_s1_agent_rsp_fifo|                           ; 27 (27)             ; 44 (44)                   ; 0                 ; 0          ; 0    ; 0            ; |HFTTop|HPSfgpa2:u0|HPSfgpa2_mm_interconnect_0:mm_interconnect_0|altera_avalon_sc_fifo:onchip_memory2_0_s1_agent_rsp_fifo                                                                                                                                                                                                                          ; altera_avalon_sc_fifo                             ; HPSfgpa2     ;
;          |altera_merlin_axi_master_ni:hps_0_h2f_lw_axi_master_agent|                          ; 86 (48)             ; 18 (6)                    ; 0                 ; 0          ; 0    ; 0            ; |HFTTop|HPSfgpa2:u0|HPSfgpa2_mm_interconnect_0:mm_interconnect_0|altera_merlin_axi_master_ni:hps_0_h2f_lw_axi_master_agent                                                                                                                                                                                                                         ; altera_merlin_axi_master_ni                       ; HPSfgpa2     ;
;             |altera_merlin_address_alignment:align_address_to_size|                           ; 38 (38)             ; 12 (12)                   ; 0                 ; 0          ; 0    ; 0            ; |HFTTop|HPSfgpa2:u0|HPSfgpa2_mm_interconnect_0:mm_interconnect_0|altera_merlin_axi_master_ni:hps_0_h2f_lw_axi_master_agent|altera_merlin_address_alignment:align_address_to_size                                                                                                                                                                   ; altera_merlin_address_alignment                   ; HPSfgpa2     ;
;          |altera_merlin_burst_adapter:onchip_memory2_0_s1_burst_adapter|                      ; 126 (0)             ; 112 (0)                   ; 0                 ; 0          ; 0    ; 0            ; |HFTTop|HPSfgpa2:u0|HPSfgpa2_mm_interconnect_0:mm_interconnect_0|altera_merlin_burst_adapter:onchip_memory2_0_s1_burst_adapter                                                                                                                                                                                                                     ; altera_merlin_burst_adapter                       ; HPSfgpa2     ;
;             |altera_merlin_burst_adapter_13_1:altera_merlin_burst_adapter_13_1.burst_adapter| ; 126 (125)           ; 112 (112)                 ; 0                 ; 0          ; 0    ; 0            ; |HFTTop|HPSfgpa2:u0|HPSfgpa2_mm_interconnect_0:mm_interconnect_0|altera_merlin_burst_adapter:onchip_memory2_0_s1_burst_adapter|altera_merlin_burst_adapter_13_1:altera_merlin_burst_adapter_13_1.burst_adapter                                                                                                                                     ; altera_merlin_burst_adapter_13_1                  ; HPSfgpa2     ;
;                |altera_merlin_address_alignment:align_address_to_size|                        ; 1 (1)               ; 0 (0)                     ; 0                 ; 0          ; 0    ; 0            ; |HFTTop|HPSfgpa2:u0|HPSfgpa2_mm_interconnect_0:mm_interconnect_0|altera_merlin_burst_adapter:onchip_memory2_0_s1_burst_adapter|altera_merlin_burst_adapter_13_1:altera_merlin_burst_adapter_13_1.burst_adapter|altera_merlin_address_alignment:align_address_to_size                                                                               ; altera_merlin_address_alignment                   ; HPSfgpa2     ;
;          |altera_merlin_slave_agent:onchip_memory2_0_s1_agent|                                ; 26 (8)              ; 7 (0)                     ; 0                 ; 0          ; 0    ; 0            ; |HFTTop|HPSfgpa2:u0|HPSfgpa2_mm_interconnect_0:mm_interconnect_0|altera_merlin_slave_agent:onchip_memory2_0_s1_agent                                                                                                                                                                                                                               ; altera_merlin_slave_agent                         ; HPSfgpa2     ;
;             |altera_merlin_burst_uncompressor:uncompressor|                                   ; 18 (18)             ; 7 (7)                     ; 0                 ; 0          ; 0    ; 0            ; |HFTTop|HPSfgpa2:u0|HPSfgpa2_mm_interconnect_0:mm_interconnect_0|altera_merlin_slave_agent:onchip_memory2_0_s1_agent|altera_merlin_burst_uncompressor:uncompressor                                                                                                                                                                                 ; altera_merlin_burst_uncompressor                  ; HPSfgpa2     ;
;          |altera_merlin_slave_translator:onchip_memory2_0_s1_translator|                      ; 1 (1)               ; 2 (2)                     ; 0                 ; 0          ; 0    ; 0            ; |HFTTop|HPSfgpa2:u0|HPSfgpa2_mm_interconnect_0:mm_interconnect_0|altera_merlin_slave_translator:onchip_memory2_0_s1_translator                                                                                                                                                                                                                     ; altera_merlin_slave_translator                    ; HPSfgpa2     ;
;       |HPSfgpa2_onchip_memory2_0:onchip_memory2_0|                                            ; 0 (0)               ; 0 (0)                     ; 32768             ; 0          ; 0    ; 0            ; |HFTTop|HPSfgpa2:u0|HPSfgpa2_onchip_memory2_0:onchip_memory2_0                                                                                                                                                                                                                                                                                     ; HPSfgpa2_onchip_memory2_0                         ; HPSfgpa2     ;
;          |altsyncram:the_altsyncram|                                                          ; 0 (0)               ; 0 (0)                     ; 32768             ; 0          ; 0    ; 0            ; |HFTTop|HPSfgpa2:u0|HPSfgpa2_onchip_memory2_0:onchip_memory2_0|altsyncram:the_altsyncram                                                                                                                                                                                                                                                           ; altsyncram                                        ; work         ;
;             |altsyncram_m872:auto_generated|                                                  ; 0 (0)               ; 0 (0)                     ; 32768             ; 0          ; 0    ; 0            ; |HFTTop|HPSfgpa2:u0|HPSfgpa2_onchip_memory2_0:onchip_memory2_0|altsyncram:the_altsyncram|altsyncram_m872:auto_generated                                                                                                                                                                                                                            ; altsyncram_m872                                   ; work         ;
;       |altera_reset_controller:rst_controller_001|                                            ; 0 (0)               ; 3 (0)                     ; 0                 ; 0          ; 0    ; 0            ; |HFTTop|HPSfgpa2:u0|altera_reset_controller:rst_controller_001                                                                                                                                                                                                                                                                                     ; altera_reset_controller                           ; HPSfgpa2     ;
;          |altera_reset_synchronizer:alt_rst_sync_uq1|                                         ; 0 (0)               ; 3 (3)                     ; 0                 ; 0          ; 0    ; 0            ; |HFTTop|HPSfgpa2:u0|altera_reset_controller:rst_controller_001|altera_reset_synchronizer:alt_rst_sync_uq1                                                                                                                                                                                                                                          ; altera_reset_synchronizer                         ; HPSfgpa2     ;
;       |altera_reset_controller:rst_controller|                                                ; 6 (5)               ; 16 (10)                   ; 0                 ; 0          ; 0    ; 0            ; |HFTTop|HPSfgpa2:u0|altera_reset_controller:rst_controller                                                                                                                                                                                                                                                                                         ; altera_reset_controller                           ; HPSfgpa2     ;
;          |altera_reset_synchronizer:alt_rst_req_sync_uq1|                                     ; 1 (1)               ; 3 (3)                     ; 0                 ; 0          ; 0    ; 0            ; |HFTTop|HPSfgpa2:u0|altera_reset_controller:rst_controller|altera_reset_synchronizer:alt_rst_req_sync_uq1                                                                                                                                                                                                                                          ; altera_reset_synchronizer                         ; HPSfgpa2     ;
;          |altera_reset_synchronizer:alt_rst_sync_uq1|                                         ; 0 (0)               ; 3 (3)                     ; 0                 ; 0          ; 0    ; 0            ; |HFTTop|HPSfgpa2:u0|altera_reset_controller:rst_controller|altera_reset_synchronizer:alt_rst_sync_uq1                                                                                                                                                                                                                                              ; altera_reset_synchronizer                         ; HPSfgpa2     ;
;    |IR:IR|                                                                                    ; 1 (1)               ; 12 (12)                   ; 0                 ; 0          ; 0    ; 0            ; |HFTTop|IR:IR                                                                                                                                                                                                                                                                                                                                      ; IR                                                ; work         ;
;    |MUX16to1:addrMUX|                                                                         ; 50 (50)             ; 0 (0)                     ; 0                 ; 0          ; 0    ; 0            ; |HFTTop|MUX16to1:addrMUX                                                                                                                                                                                                                                                                                                                           ; MUX16to1                                          ; work         ;
;    |MUX16to1:destMUX|                                                                         ; 160 (160)           ; 0 (0)                     ; 0                 ; 0          ; 0    ; 0            ; |HFTTop|MUX16to1:destMUX                                                                                                                                                                                                                                                                                                                           ; MUX16to1                                          ; work         ;
;    |MUX16to1:srcMUX|                                                                          ; 160 (160)           ; 0 (0)                     ; 0                 ; 0          ; 0    ; 0            ; |HFTTop|MUX16to1:srcMUX                                                                                                                                                                                                                                                                                                                            ; MUX16to1                                          ; work         ;
;    |MUX2to1:ALUMUX|                                                                           ; 213 (213)           ; 0 (0)                     ; 0                 ; 0          ; 0    ; 0            ; |HFTTop|MUX2to1:ALUMUX                                                                                                                                                                                                                                                                                                                             ; MUX2to1                                           ; work         ;
;    |MUX2to1:immMUX|                                                                           ; 32 (32)             ; 0 (0)                     ; 0                 ; 0          ; 0    ; 0            ; |HFTTop|MUX2to1:immMUX                                                                                                                                                                                                                                                                                                                             ; MUX2to1                                           ; work         ;
;    |PC:PC|                                                                                    ; 4 (4)               ; 10 (10)                   ; 0                 ; 0          ; 0    ; 0            ; |HFTTop|PC:PC                                                                                                                                                                                                                                                                                                                                      ; PC                                                ; work         ;
;    |RegBank:regBank|                                                                          ; 21 (0)              ; 512 (0)                   ; 0                 ; 0          ; 0    ; 0            ; |HFTTop|RegBank:regBank                                                                                                                                                                                                                                                                                                                            ; RegBank                                           ; work         ;
;       |register:R0|                                                                           ; 2 (2)               ; 32 (32)                   ; 0                 ; 0          ; 0    ; 0            ; |HFTTop|RegBank:regBank|register:R0                                                                                                                                                                                                                                                                                                                ; register                                          ; work         ;
;       |register:R10|                                                                          ; 1 (1)               ; 32 (32)                   ; 0                 ; 0          ; 0    ; 0            ; |HFTTop|RegBank:regBank|register:R10                                                                                                                                                                                                                                                                                                               ; register                                          ; work         ;
;       |register:R11|                                                                          ; 1 (1)               ; 32 (32)                   ; 0                 ; 0          ; 0    ; 0            ; |HFTTop|RegBank:regBank|register:R11                                                                                                                                                                                                                                                                                                               ; register                                          ; work         ;
;       |register:R12|                                                                          ; 1 (1)               ; 32 (32)                   ; 0                 ; 0          ; 0    ; 0            ; |HFTTop|RegBank:regBank|register:R12                                                                                                                                                                                                                                                                                                               ; register                                          ; work         ;
;       |register:R13|                                                                          ; 1 (1)               ; 32 (32)                   ; 0                 ; 0          ; 0    ; 0            ; |HFTTop|RegBank:regBank|register:R13                                                                                                                                                                                                                                                                                                               ; register                                          ; work         ;
;       |register:R14|                                                                          ; 1 (1)               ; 32 (32)                   ; 0                 ; 0          ; 0    ; 0            ; |HFTTop|RegBank:regBank|register:R14                                                                                                                                                                                                                                                                                                               ; register                                          ; work         ;
;       |register:R15|                                                                          ; 1 (1)               ; 32 (32)                   ; 0                 ; 0          ; 0    ; 0            ; |HFTTop|RegBank:regBank|register:R15                                                                                                                                                                                                                                                                                                               ; register                                          ; work         ;
;       |register:R1|                                                                           ; 2 (2)               ; 32 (32)                   ; 0                 ; 0          ; 0    ; 0            ; |HFTTop|RegBank:regBank|register:R1                                                                                                                                                                                                                                                                                                                ; register                                          ; work         ;
;       |register:R2|                                                                           ; 1 (1)               ; 32 (32)                   ; 0                 ; 0          ; 0    ; 0            ; |HFTTop|RegBank:regBank|register:R2                                                                                                                                                                                                                                                                                                                ; register                                          ; work         ;
;       |register:R3|                                                                           ; 1 (1)               ; 32 (32)                   ; 0                 ; 0          ; 0    ; 0            ; |HFTTop|RegBank:regBank|register:R3                                                                                                                                                                                                                                                                                                                ; register                                          ; work         ;
;       |register:R4|                                                                           ; 1 (1)               ; 32 (32)                   ; 0                 ; 0          ; 0    ; 0            ; |HFTTop|RegBank:regBank|register:R4                                                                                                                                                                                                                                                                                                                ; register                                          ; work         ;
;       |register:R5|                                                                           ; 2 (2)               ; 32 (32)                   ; 0                 ; 0          ; 0    ; 0            ; |HFTTop|RegBank:regBank|register:R5                                                                                                                                                                                                                                                                                                                ; register                                          ; work         ;
;       |register:R6|                                                                           ; 1 (1)               ; 32 (32)                   ; 0                 ; 0          ; 0    ; 0            ; |HFTTop|RegBank:regBank|register:R6                                                                                                                                                                                                                                                                                                                ; register                                          ; work         ;
;       |register:R7|                                                                           ; 1 (1)               ; 32 (32)                   ; 0                 ; 0          ; 0    ; 0            ; |HFTTop|RegBank:regBank|register:R7                                                                                                                                                                                                                                                                                                                ; register                                          ; work         ;
;       |register:R8|                                                                           ; 2 (2)               ; 32 (32)                   ; 0                 ; 0          ; 0    ; 0            ; |HFTTop|RegBank:regBank|register:R8                                                                                                                                                                                                                                                                                                                ; register                                          ; work         ;
;       |register:R9|                                                                           ; 2 (2)               ; 32 (32)                   ; 0                 ; 0          ; 0    ; 0            ; |HFTTop|RegBank:regBank|register:R9                                                                                                                                                                                                                                                                                                                ; register                                          ; work         ;
;    |decoder:PCDisplay|                                                                        ; 7 (7)               ; 0 (0)                     ; 0                 ; 0          ; 0    ; 0            ; |HFTTop|decoder:PCDisplay                                                                                                                                                                                                                                                                                                                          ; decoder                                           ; work         ;
+-----------------------------------------------------------------------------------------------+---------------------+---------------------------+-------------------+------------+------+--------------+----------------------------------------------------------------------------------------------------------------------------------------------------------------------------------------------------------------------------------------------------------------------------------------------------------------------------------------------------+---------------------------------------------------+--------------+
Note: For table entries with two numbers listed, the numbers in parentheses indicate the number of resources of the given type used by the specific entity alone. The numbers listed outside of parentheses indicate the total resources of the given type used by the specific entity and all of its sub-entities in the hierarchy.


+-------------------------------------------------------------------------------------------------------------------------------------------------------------------------------------------------------------------------------+
; Analysis & Synthesis RAM Summary                                                                                                                                                                                              ;
+----------------------------------------------------------------------------------------------------------------------------+------+----------------+--------------+--------------+--------------+--------------+-------+------+
; Name                                                                                                                       ; Type ; Mode           ; Port A Depth ; Port A Width ; Port B Depth ; Port B Width ; Size  ; MIF  ;
+----------------------------------------------------------------------------------------------------------------------------+------+----------------+--------------+--------------+--------------+--------------+-------+------+
; HPSfgpa2:u0|HPSfgpa2_onchip_memory2_0:onchip_memory2_0|altsyncram:the_altsyncram|altsyncram_m872:auto_generated|ALTSYNCRAM ; AUTO ; True Dual Port ; 1024         ; 32           ; 1024         ; 32           ; 32768 ; None ;
+----------------------------------------------------------------------------------------------------------------------------+------+----------------+--------------+--------------+--------------+--------------+-------+------+


+-----------------------------------------------+
; Analysis & Synthesis DSP Block Usage Summary  ;
+---------------------------------+-------------+
; Statistic                       ; Number Used ;
+---------------------------------+-------------+
; Two Independent 18x18           ; 1           ;
; Sum of two 18x18                ; 1           ;
; Total number of DSP blocks      ; 2           ;
;                                 ;             ;
; Fixed Point Unsigned Multiplier ; 3           ;
+---------------------------------+-------------+


+--------------------------------------------------------------------------------------------------------------------------------------------------------------------------------------------------------------------------------------------+
; Analysis & Synthesis IP Cores Summary                                                                                                                                                                                                      ;
+--------+--------------------------------+---------+--------------+--------------+---------------------------------------------------------------------------------------------------------------------------------+------------------------+
; Vendor ; IP Core Name                   ; Version ; Release Date ; License Type ; Entity Instance                                                                                                                 ; IP Include File        ;
+--------+--------------------------------+---------+--------------+--------------+---------------------------------------------------------------------------------------------------------------------------------+------------------------+
; N/A    ; Qsys                           ; 25.1    ; N/A          ; N/A          ; |HFTTop|HPSfgpa2:u0                                                                                                             ; Software/HPSfgpa2.qsys ;
; Altera ; altera_hps                     ; 25.1    ; N/A          ; N/A          ; |HFTTop|HPSfgpa2:u0|HPSfgpa2_hps_0:hps_0                                                                                        ; Software/HPSfgpa2.qsys ;
; Altera ; altera_hps_io                  ; 25.1    ; N/A          ; N/A          ; |HFTTop|HPSfgpa2:u0|HPSfgpa2_hps_0:hps_0|HPSfgpa2_hps_0_hps_io:hps_io                                                           ; Software/HPSfgpa2.qsys ;
; Altera ; altera_mm_interconnect         ; 25.1    ; N/A          ; N/A          ; |HFTTop|HPSfgpa2:u0|HPSfgpa2_mm_interconnect_0:mm_interconnect_0                                                                ; Software/HPSfgpa2.qsys ;
; Altera ; altera_avalon_st_adapter       ; 25.1    ; N/A          ; N/A          ; |HFTTop|HPSfgpa2:u0|HPSfgpa2_mm_interconnect_0:mm_interconnect_0|HPSfgpa2_mm_interconnect_0_avalon_st_adapter:avalon_st_adapter ; Software/HPSfgpa2.qsys ;
; Altera ; altera_merlin_demultiplexer    ; 25.1    ; N/A          ; N/A          ; |HFTTop|HPSfgpa2:u0|HPSfgpa2_mm_interconnect_0:mm_interconnect_0|HPSfgpa2_mm_interconnect_0_cmd_demux:cmd_demux                 ; Software/HPSfgpa2.qsys ;
; Altera ; altera_merlin_demultiplexer    ; 25.1    ; N/A          ; N/A          ; |HFTTop|HPSfgpa2:u0|HPSfgpa2_mm_interconnect_0:mm_interconnect_0|HPSfgpa2_mm_interconnect_0_cmd_demux:cmd_demux_001             ; Software/HPSfgpa2.qsys ;
; Altera ; altera_merlin_multiplexer      ; 25.1    ; N/A          ; N/A          ; |HFTTop|HPSfgpa2:u0|HPSfgpa2_mm_interconnect_0:mm_interconnect_0|HPSfgpa2_mm_interconnect_0_cmd_mux:cmd_mux                     ; Software/HPSfgpa2.qsys ;
; Altera ; altera_merlin_axi_master_ni    ; 25.1    ; N/A          ; N/A          ; |HFTTop|HPSfgpa2:u0|HPSfgpa2_mm_interconnect_0:mm_interconnect_0|altera_merlin_axi_master_ni:hps_0_h2f_lw_axi_master_agent      ; Software/HPSfgpa2.qsys ;
; Altera ; altera_merlin_slave_agent      ; 25.1    ; N/A          ; N/A          ; |HFTTop|HPSfgpa2:u0|HPSfgpa2_mm_interconnect_0:mm_interconnect_0|altera_merlin_slave_agent:onchip_memory2_0_s1_agent            ; Software/HPSfgpa2.qsys ;
; Altera ; altera_avalon_sc_fifo          ; 25.1    ; N/A          ; N/A          ; |HFTTop|HPSfgpa2:u0|HPSfgpa2_mm_interconnect_0:mm_interconnect_0|altera_avalon_sc_fifo:onchip_memory2_0_s1_agent_rdata_fifo     ; Software/HPSfgpa2.qsys ;
; Altera ; altera_avalon_sc_fifo          ; 25.1    ; N/A          ; N/A          ; |HFTTop|HPSfgpa2:u0|HPSfgpa2_mm_interconnect_0:mm_interconnect_0|altera_avalon_sc_fifo:onchip_memory2_0_s1_agent_rsp_fifo       ; Software/HPSfgpa2.qsys ;
; Altera ; altera_merlin_burst_adapter    ; 25.1    ; N/A          ; N/A          ; |HFTTop|HPSfgpa2:u0|HPSfgpa2_mm_interconnect_0:mm_interconnect_0|altera_merlin_burst_adapter:onchip_memory2_0_s1_burst_adapter  ; Software/HPSfgpa2.qsys ;
; Altera ; altera_merlin_slave_translator ; 25.1    ; N/A          ; N/A          ; |HFTTop|HPSfgpa2:u0|HPSfgpa2_mm_interconnect_0:mm_interconnect_0|altera_merlin_slave_translator:onchip_memory2_0_s1_translator  ; Software/HPSfgpa2.qsys ;
; Altera ; altera_merlin_router           ; 25.1    ; N/A          ; N/A          ; |HFTTop|HPSfgpa2:u0|HPSfgpa2_mm_interconnect_0:mm_interconnect_0|HPSfgpa2_mm_interconnect_0_router:router                       ; Software/HPSfgpa2.qsys ;
; Altera ; altera_merlin_router           ; 25.1    ; N/A          ; N/A          ; |HFTTop|HPSfgpa2:u0|HPSfgpa2_mm_interconnect_0:mm_interconnect_0|HPSfgpa2_mm_interconnect_0_router:router_001                   ; Software/HPSfgpa2.qsys ;
; Altera ; altera_merlin_router           ; 25.1    ; N/A          ; N/A          ; |HFTTop|HPSfgpa2:u0|HPSfgpa2_mm_interconnect_0:mm_interconnect_0|HPSfgpa2_mm_interconnect_0_router_002:router_002               ; Software/HPSfgpa2.qsys ;
; Altera ; altera_merlin_demultiplexer    ; 25.1    ; N/A          ; N/A          ; |HFTTop|HPSfgpa2:u0|HPSfgpa2_mm_interconnect_0:mm_interconnect_0|HPSfgpa2_mm_interconnect_0_rsp_demux:rsp_demux                 ; Software/HPSfgpa2.qsys ;
; Altera ; altera_merlin_multiplexer      ; 25.1    ; N/A          ; N/A          ; |HFTTop|HPSfgpa2:u0|HPSfgpa2_mm_interconnect_0:mm_interconnect_0|HPSfgpa2_mm_interconnect_0_rsp_mux:rsp_mux                     ; Software/HPSfgpa2.qsys ;
; Altera ; altera_merlin_multiplexer      ; 25.1    ; N/A          ; N/A          ; |HFTTop|HPSfgpa2:u0|HPSfgpa2_mm_interconnect_0:mm_interconnect_0|HPSfgpa2_mm_interconnect_0_rsp_mux:rsp_mux_001                 ; Software/HPSfgpa2.qsys ;
; Altera ; altera_reset_controller        ; 25.1    ; N/A          ; N/A          ; |HFTTop|HPSfgpa2:u0|altera_reset_controller:rst_controller                                                                      ; Software/HPSfgpa2.qsys ;
; Altera ; altera_reset_controller        ; 25.1    ; N/A          ; N/A          ; |HFTTop|HPSfgpa2:u0|altera_reset_controller:rst_controller_001                                                                  ; Software/HPSfgpa2.qsys ;
+--------+--------------------------------+---------+--------------+--------------+---------------------------------------------------------------------------------------------------------------------------------+------------------------+


Encoding Type:  One-Hot
+----------------------------------------------------------------------------------------------------+
; State Machine - |HFTTop|FSMtrial:FSM|state                                                         ;
+-----------+----------+----------+----------+----------+----------+----------+----------+-----------+
; Name      ; state.S6 ; state.S5 ; state.S4 ; state.S3 ; state.S2 ; state.S1 ; state.S0 ; state.hlt ;
+-----------+----------+----------+----------+----------+----------+----------+----------+-----------+
; state.S0  ; 0        ; 0        ; 0        ; 0        ; 0        ; 0        ; 0        ; 0         ;
; state.S1  ; 0        ; 0        ; 0        ; 0        ; 0        ; 1        ; 1        ; 0         ;
; state.S2  ; 0        ; 0        ; 0        ; 0        ; 1        ; 0        ; 1        ; 0         ;
; state.S3  ; 0        ; 0        ; 0        ; 1        ; 0        ; 0        ; 1        ; 0         ;
; state.S4  ; 0        ; 0        ; 1        ; 0        ; 0        ; 0        ; 1        ; 0         ;
; state.S5  ; 0        ; 1        ; 0        ; 0        ; 0        ; 0        ; 1        ; 0         ;
; state.S6  ; 1        ; 0        ; 0        ; 0        ; 0        ; 0        ; 1        ; 0         ;
; state.hlt ; 0        ; 0        ; 0        ; 0        ; 0        ; 0        ; 1        ; 1         ;
+-----------+----------+----------+----------+----------+----------+----------+----------+-----------+


Encoding Type:  One-Hot
+--------------------------------------------------------------------------------------------------------------------------------------------------------------------------------------------------------------------------------------+
; State Machine - |HFTTop|HPSfgpa2:u0|HPSfgpa2_mm_interconnect_0:mm_interconnect_0|altera_merlin_burst_adapter:onchip_memory2_0_s1_burst_adapter|altera_merlin_burst_adapter_13_1:altera_merlin_burst_adapter_13_1.burst_adapter|state ;
+-----------------------------+---------------+-----------------------------+-----------------------+----------------------------------------------------------------------------------------------------------------------------------+
; Name                        ; state.ST_IDLE ; state.ST_UNCOMP_WR_SUBBURST ; state.ST_UNCOMP_TRANS ; state.ST_COMP_TRANS                                                                                                              ;
+-----------------------------+---------------+-----------------------------+-----------------------+----------------------------------------------------------------------------------------------------------------------------------+
; state.ST_IDLE               ; 0             ; 0                           ; 0                     ; 0                                                                                                                                ;
; state.ST_COMP_TRANS         ; 1             ; 0                           ; 0                     ; 1                                                                                                                                ;
; state.ST_UNCOMP_TRANS       ; 1             ; 0                           ; 1                     ; 0                                                                                                                                ;
; state.ST_UNCOMP_WR_SUBBURST ; 1             ; 1                           ; 0                     ; 0                                                                                                                                ;
+-----------------------------+---------------+-----------------------------+-----------------------+----------------------------------------------------------------------------------------------------------------------------------+


+----------------------------------------------------------------------------------------------------------------------------------------------------------------------------------------------------------------------------------------------------------+
; Registers Protected by Synthesis                                                                                                                                                                                                                         ;
+------------------------------------------------------------------------------------------------------------------------------------------+------------------------------------------------------------------+--------------------------------------------+
; Register Name                                                                                                                            ; Protected by Synthesis Attribute or Preserve Register Assignment ; Not to be Touched by Netlist Optimizations ;
+------------------------------------------------------------------------------------------------------------------------------------------+------------------------------------------------------------------+--------------------------------------------+
; HPSfgpa2:u0|altera_reset_controller:rst_controller|altera_reset_synchronizer_int_chain[4]                                                ; yes                                                              ; yes                                        ;
; HPSfgpa2:u0|altera_reset_controller:rst_controller|altera_reset_synchronizer_int_chain[3]                                                ; yes                                                              ; yes                                        ;
; HPSfgpa2:u0|altera_reset_controller:rst_controller|altera_reset_synchronizer_int_chain[2]                                                ; yes                                                              ; yes                                        ;
; HPSfgpa2:u0|altera_reset_controller:rst_controller_001|altera_reset_synchronizer:alt_rst_sync_uq1|altera_reset_synchronizer_int_chain[0] ; yes                                                              ; yes                                        ;
; HPSfgpa2:u0|altera_reset_controller:rst_controller|altera_reset_synchronizer:alt_rst_req_sync_uq1|altera_reset_synchronizer_int_chain[0] ; yes                                                              ; yes                                        ;
; HPSfgpa2:u0|altera_reset_controller:rst_controller|altera_reset_synchronizer_int_chain[1]                                                ; yes                                                              ; yes                                        ;
; HPSfgpa2:u0|altera_reset_controller:rst_controller_001|altera_reset_synchronizer:alt_rst_sync_uq1|altera_reset_synchronizer_int_chain[1] ; yes                                                              ; yes                                        ;
; HPSfgpa2:u0|altera_reset_controller:rst_controller|altera_reset_synchronizer:alt_rst_req_sync_uq1|altera_reset_synchronizer_int_chain[1] ; yes                                                              ; yes                                        ;
; HPSfgpa2:u0|altera_reset_controller:rst_controller|altera_reset_synchronizer_int_chain[0]                                                ; yes                                                              ; yes                                        ;
; HPSfgpa2:u0|altera_reset_controller:rst_controller|altera_reset_synchronizer:alt_rst_sync_uq1|altera_reset_synchronizer_int_chain[0]     ; yes                                                              ; yes                                        ;
; HPSfgpa2:u0|altera_reset_controller:rst_controller|altera_reset_synchronizer:alt_rst_sync_uq1|altera_reset_synchronizer_int_chain[1]     ; yes                                                              ; yes                                        ;
; Total number of protected registers is 11                                                                                                ;                                                                  ;                                            ;
+------------------------------------------------------------------------------------------------------------------------------------------+------------------------------------------------------------------+--------------------------------------------+


+-------------------------------------------------------------------------------------------------------------------------------------------------------------------------------------------------------------------------------------------------------------------------------------------------------------------------------------------------------------------------------------------------------------------------------------------------------------------------------------+
; Registers Removed During Synthesis                                                                                                                                                                                                                                                                                                                                                                                                                                                  ;
+-------------------------------------------------------------------------------------------------------------------------------------------------------------------------------------------------------------------------------------+-----------------------------------------------------------------------------------------------------------------------------------------------------------------------------------------------------------------------------------------------+
; Register name                                                                                                                                                                                                                       ; Reason for Removal                                                                                                                                                                                                                            ;
+-------------------------------------------------------------------------------------------------------------------------------------------------------------------------------------------------------------------------------------+-----------------------------------------------------------------------------------------------------------------------------------------------------------------------------------------------------------------------------------------------+
; FSMtrial:FSM|Imm[24..31]                                                                                                                                                                                                            ; Stuck at GND due to stuck port data_in                                                                                                                                                                                                        ;
; HPSfgpa2:u0|HPSfgpa2_mm_interconnect_0:mm_interconnect_0|HPSfgpa2_mm_interconnect_0_cmd_mux:cmd_mux|locked[0,1]                                                                                                                     ; Stuck at GND due to stuck port data_in                                                                                                                                                                                                        ;
; HPSfgpa2:u0|HPSfgpa2_mm_interconnect_0:mm_interconnect_0|altera_merlin_burst_adapter:onchip_memory2_0_s1_burst_adapter|altera_merlin_burst_adapter_13_1:altera_merlin_burst_adapter_13_1.burst_adapter|in_data_reg[58,86]           ; Stuck at GND due to stuck port data_in                                                                                                                                                                                                        ;
; HPSfgpa2:u0|HPSfgpa2_mm_interconnect_0:mm_interconnect_0|altera_merlin_burst_adapter:onchip_memory2_0_s1_burst_adapter|altera_merlin_burst_adapter_13_1:altera_merlin_burst_adapter_13_1.burst_adapter|in_uncompressed_read_reg     ; Stuck at GND due to stuck port data_in                                                                                                                                                                                                        ;
; HPSfgpa2:u0|HPSfgpa2_mm_interconnect_0:mm_interconnect_0|altera_merlin_slave_translator:onchip_memory2_0_s1_translator|av_chipselect_pre                                                                                            ; Stuck at GND due to stuck port data_in                                                                                                                                                                                                        ;
; HPSfgpa2:u0|HPSfgpa2_mm_interconnect_0:mm_interconnect_0|altera_merlin_burst_adapter:onchip_memory2_0_s1_burst_adapter|altera_merlin_burst_adapter_13_1:altera_merlin_burst_adapter_13_1.burst_adapter|out_byte_cnt_reg[0,1,3..6]   ; Stuck at GND due to stuck port data_in                                                                                                                                                                                                        ;
; HPSfgpa2:u0|HPSfgpa2_mm_interconnect_0:mm_interconnect_0|altera_merlin_burst_adapter:onchip_memory2_0_s1_burst_adapter|altera_merlin_burst_adapter_13_1:altera_merlin_burst_adapter_13_1.burst_adapter|in_data_reg[57]              ; Merged with HPSfgpa2:u0|HPSfgpa2_mm_interconnect_0:mm_interconnect_0|altera_merlin_burst_adapter:onchip_memory2_0_s1_burst_adapter|altera_merlin_burst_adapter_13_1:altera_merlin_burst_adapter_13_1.burst_adapter|in_data_reg[60]            ;
; HPSfgpa2:u0|HPSfgpa2_mm_interconnect_0:mm_interconnect_0|altera_merlin_burst_adapter:onchip_memory2_0_s1_burst_adapter|altera_merlin_burst_adapter_13_1:altera_merlin_burst_adapter_13_1.burst_adapter|out_addr_masked[1]           ; Merged with HPSfgpa2:u0|HPSfgpa2_mm_interconnect_0:mm_interconnect_0|altera_merlin_burst_adapter:onchip_memory2_0_s1_burst_adapter|altera_merlin_burst_adapter_13_1:altera_merlin_burst_adapter_13_1.burst_adapter|int_nxt_addr_reg_dly[1]    ;
; HPSfgpa2:u0|HPSfgpa2_mm_interconnect_0:mm_interconnect_0|altera_merlin_burst_adapter:onchip_memory2_0_s1_burst_adapter|altera_merlin_burst_adapter_13_1:altera_merlin_burst_adapter_13_1.burst_adapter|out_addr_masked[0]           ; Merged with HPSfgpa2:u0|HPSfgpa2_mm_interconnect_0:mm_interconnect_0|altera_merlin_burst_adapter:onchip_memory2_0_s1_burst_adapter|altera_merlin_burst_adapter_13_1:altera_merlin_burst_adapter_13_1.burst_adapter|int_nxt_addr_reg_dly[0]    ;
; HPSfgpa2:u0|HPSfgpa2_mm_interconnect_0:mm_interconnect_0|altera_avalon_sc_fifo:onchip_memory2_0_s1_agent_rdata_fifo|mem[1][32]                                                                                                      ; Merged with HPSfgpa2:u0|HPSfgpa2_mm_interconnect_0:mm_interconnect_0|altera_avalon_sc_fifo:onchip_memory2_0_s1_agent_rdata_fifo|mem[1][33]                                                                                                    ;
; HPSfgpa2:u0|HPSfgpa2_mm_interconnect_0:mm_interconnect_0|altera_merlin_axi_master_ni:hps_0_h2f_lw_axi_master_agent|burst_bytecount[0]                                                                                               ; Merged with HPSfgpa2:u0|HPSfgpa2_mm_interconnect_0:mm_interconnect_0|altera_merlin_axi_master_ni:hps_0_h2f_lw_axi_master_agent|burst_bytecount[1]                                                                                             ;
; HPSfgpa2:u0|HPSfgpa2_mm_interconnect_0:mm_interconnect_0|altera_avalon_sc_fifo:onchip_memory2_0_s1_agent_rsp_fifo|mem[1][57]                                                                                                        ; Merged with HPSfgpa2:u0|HPSfgpa2_mm_interconnect_0:mm_interconnect_0|altera_avalon_sc_fifo:onchip_memory2_0_s1_agent_rsp_fifo|mem[1][60]                                                                                                      ;
; HPSfgpa2:u0|HPSfgpa2_mm_interconnect_0:mm_interconnect_0|altera_avalon_sc_fifo:onchip_memory2_0_s1_agent_rsp_fifo|mem[0][60]                                                                                                        ; Merged with HPSfgpa2:u0|HPSfgpa2_mm_interconnect_0:mm_interconnect_0|altera_avalon_sc_fifo:onchip_memory2_0_s1_agent_rsp_fifo|mem[0][57]                                                                                                      ;
; HPSfgpa2:u0|HPSfgpa2_mm_interconnect_0:mm_interconnect_0|altera_avalon_sc_fifo:onchip_memory2_0_s1_agent_rdata_fifo|mem[0][33]                                                                                                      ; Merged with HPSfgpa2:u0|HPSfgpa2_mm_interconnect_0:mm_interconnect_0|altera_avalon_sc_fifo:onchip_memory2_0_s1_agent_rdata_fifo|mem[0][32]                                                                                                    ;
; HPSfgpa2:u0|HPSfgpa2_mm_interconnect_0:mm_interconnect_0|altera_merlin_burst_adapter:onchip_memory2_0_s1_burst_adapter|altera_merlin_burst_adapter_13_1:altera_merlin_burst_adapter_13_1.burst_adapter|out_addr_reg[2]              ; Merged with HPSfgpa2:u0|HPSfgpa2_mm_interconnect_0:mm_interconnect_0|altera_merlin_burst_adapter:onchip_memory2_0_s1_burst_adapter|altera_merlin_burst_adapter_13_1:altera_merlin_burst_adapter_13_1.burst_adapter|int_nxt_addr_reg_dly[2]    ;
; HPSfgpa2:u0|HPSfgpa2_mm_interconnect_0:mm_interconnect_0|altera_merlin_burst_adapter:onchip_memory2_0_s1_burst_adapter|altera_merlin_burst_adapter_13_1:altera_merlin_burst_adapter_13_1.burst_adapter|out_addr_reg[3]              ; Merged with HPSfgpa2:u0|HPSfgpa2_mm_interconnect_0:mm_interconnect_0|altera_merlin_burst_adapter:onchip_memory2_0_s1_burst_adapter|altera_merlin_burst_adapter_13_1:altera_merlin_burst_adapter_13_1.burst_adapter|int_nxt_addr_reg_dly[3]    ;
; HPSfgpa2:u0|HPSfgpa2_mm_interconnect_0:mm_interconnect_0|altera_merlin_burst_adapter:onchip_memory2_0_s1_burst_adapter|altera_merlin_burst_adapter_13_1:altera_merlin_burst_adapter_13_1.burst_adapter|out_addr_reg[4]              ; Merged with HPSfgpa2:u0|HPSfgpa2_mm_interconnect_0:mm_interconnect_0|altera_merlin_burst_adapter:onchip_memory2_0_s1_burst_adapter|altera_merlin_burst_adapter_13_1:altera_merlin_burst_adapter_13_1.burst_adapter|int_nxt_addr_reg_dly[4]    ;
; HPSfgpa2:u0|HPSfgpa2_mm_interconnect_0:mm_interconnect_0|altera_merlin_burst_adapter:onchip_memory2_0_s1_burst_adapter|altera_merlin_burst_adapter_13_1:altera_merlin_burst_adapter_13_1.burst_adapter|out_addr_reg[5]              ; Merged with HPSfgpa2:u0|HPSfgpa2_mm_interconnect_0:mm_interconnect_0|altera_merlin_burst_adapter:onchip_memory2_0_s1_burst_adapter|altera_merlin_burst_adapter_13_1:altera_merlin_burst_adapter_13_1.burst_adapter|int_nxt_addr_reg_dly[5]    ;
; HPSfgpa2:u0|HPSfgpa2_mm_interconnect_0:mm_interconnect_0|altera_merlin_burst_adapter:onchip_memory2_0_s1_burst_adapter|altera_merlin_burst_adapter_13_1:altera_merlin_burst_adapter_13_1.burst_adapter|out_addr_reg[6]              ; Merged with HPSfgpa2:u0|HPSfgpa2_mm_interconnect_0:mm_interconnect_0|altera_merlin_burst_adapter:onchip_memory2_0_s1_burst_adapter|altera_merlin_burst_adapter_13_1:altera_merlin_burst_adapter_13_1.burst_adapter|int_nxt_addr_reg_dly[6]    ;
; HPSfgpa2:u0|HPSfgpa2_mm_interconnect_0:mm_interconnect_0|altera_merlin_burst_adapter:onchip_memory2_0_s1_burst_adapter|altera_merlin_burst_adapter_13_1:altera_merlin_burst_adapter_13_1.burst_adapter|out_addr_reg[7]              ; Merged with HPSfgpa2:u0|HPSfgpa2_mm_interconnect_0:mm_interconnect_0|altera_merlin_burst_adapter:onchip_memory2_0_s1_burst_adapter|altera_merlin_burst_adapter_13_1:altera_merlin_burst_adapter_13_1.burst_adapter|int_nxt_addr_reg_dly[7]    ;
; HPSfgpa2:u0|HPSfgpa2_mm_interconnect_0:mm_interconnect_0|altera_merlin_burst_adapter:onchip_memory2_0_s1_burst_adapter|altera_merlin_burst_adapter_13_1:altera_merlin_burst_adapter_13_1.burst_adapter|out_addr_reg[8]              ; Merged with HPSfgpa2:u0|HPSfgpa2_mm_interconnect_0:mm_interconnect_0|altera_merlin_burst_adapter:onchip_memory2_0_s1_burst_adapter|altera_merlin_burst_adapter_13_1:altera_merlin_burst_adapter_13_1.burst_adapter|int_nxt_addr_reg_dly[8]    ;
; HPSfgpa2:u0|HPSfgpa2_mm_interconnect_0:mm_interconnect_0|altera_merlin_burst_adapter:onchip_memory2_0_s1_burst_adapter|altera_merlin_burst_adapter_13_1:altera_merlin_burst_adapter_13_1.burst_adapter|out_addr_reg[9]              ; Merged with HPSfgpa2:u0|HPSfgpa2_mm_interconnect_0:mm_interconnect_0|altera_merlin_burst_adapter:onchip_memory2_0_s1_burst_adapter|altera_merlin_burst_adapter_13_1:altera_merlin_burst_adapter_13_1.burst_adapter|int_nxt_addr_reg_dly[9]    ;
; HPSfgpa2:u0|HPSfgpa2_mm_interconnect_0:mm_interconnect_0|altera_merlin_burst_adapter:onchip_memory2_0_s1_burst_adapter|altera_merlin_burst_adapter_13_1:altera_merlin_burst_adapter_13_1.burst_adapter|out_addr_reg[10]             ; Merged with HPSfgpa2:u0|HPSfgpa2_mm_interconnect_0:mm_interconnect_0|altera_merlin_burst_adapter:onchip_memory2_0_s1_burst_adapter|altera_merlin_burst_adapter_13_1:altera_merlin_burst_adapter_13_1.burst_adapter|int_nxt_addr_reg_dly[10]   ;
; HPSfgpa2:u0|HPSfgpa2_mm_interconnect_0:mm_interconnect_0|altera_merlin_burst_adapter:onchip_memory2_0_s1_burst_adapter|altera_merlin_burst_adapter_13_1:altera_merlin_burst_adapter_13_1.burst_adapter|out_addr_reg[11]             ; Merged with HPSfgpa2:u0|HPSfgpa2_mm_interconnect_0:mm_interconnect_0|altera_merlin_burst_adapter:onchip_memory2_0_s1_burst_adapter|altera_merlin_burst_adapter_13_1:altera_merlin_burst_adapter_13_1.burst_adapter|int_nxt_addr_reg_dly[11]   ;
; HPSfgpa2:u0|HPSfgpa2_mm_interconnect_0:mm_interconnect_0|altera_merlin_burst_adapter:onchip_memory2_0_s1_burst_adapter|altera_merlin_burst_adapter_13_1:altera_merlin_burst_adapter_13_1.burst_adapter|int_bytes_remaining_reg[0]   ; Merged with HPSfgpa2:u0|HPSfgpa2_mm_interconnect_0:mm_interconnect_0|altera_merlin_burst_adapter:onchip_memory2_0_s1_burst_adapter|altera_merlin_burst_adapter_13_1:altera_merlin_burst_adapter_13_1.burst_adapter|int_bytes_remaining_reg[1] ;
; HPSfgpa2:u0|HPSfgpa2_mm_interconnect_0:mm_interconnect_0|altera_merlin_burst_adapter:onchip_memory2_0_s1_burst_adapter|altera_merlin_burst_adapter_13_1:altera_merlin_burst_adapter_13_1.burst_adapter|out_uncomp_byte_cnt_reg[0]   ; Merged with HPSfgpa2:u0|HPSfgpa2_mm_interconnect_0:mm_interconnect_0|altera_merlin_burst_adapter:onchip_memory2_0_s1_burst_adapter|altera_merlin_burst_adapter_13_1:altera_merlin_burst_adapter_13_1.burst_adapter|out_uncomp_byte_cnt_reg[1] ;
; HPSfgpa2:u0|HPSfgpa2_mm_interconnect_0:mm_interconnect_0|altera_avalon_sc_fifo:onchip_memory2_0_s1_agent_rsp_fifo|mem[1][63]                                                                                                        ; Merged with HPSfgpa2:u0|HPSfgpa2_mm_interconnect_0:mm_interconnect_0|altera_avalon_sc_fifo:onchip_memory2_0_s1_agent_rsp_fifo|mem[1][64]                                                                                                      ;
; HPSfgpa2:u0|HPSfgpa2_mm_interconnect_0:mm_interconnect_0|altera_merlin_burst_adapter:onchip_memory2_0_s1_burst_adapter|altera_merlin_burst_adapter_13_1:altera_merlin_burst_adapter_13_1.burst_adapter|out_uncomp_byte_cnt_reg[1]   ; Stuck at GND due to stuck port data_in                                                                                                                                                                                                        ;
; HPSfgpa2:u0|HPSfgpa2_mm_interconnect_0:mm_interconnect_0|altera_avalon_sc_fifo:onchip_memory2_0_s1_agent_rdata_fifo|mem[1][33]                                                                                                      ; Stuck at GND due to stuck port data_in                                                                                                                                                                                                        ;
; HPSfgpa2:u0|HPSfgpa2_mm_interconnect_0:mm_interconnect_0|altera_avalon_sc_fifo:onchip_memory2_0_s1_agent_rsp_fifo|mem[1][86]                                                                                                        ; Stuck at GND due to stuck port data_in                                                                                                                                                                                                        ;
; HPSfgpa2:u0|HPSfgpa2_mm_interconnect_0:mm_interconnect_0|altera_merlin_axi_master_ni:hps_0_h2f_lw_axi_master_agent|burst_bytecount[1]                                                                                               ; Stuck at GND due to stuck port data_in                                                                                                                                                                                                        ;
; HPSfgpa2:u0|HPSfgpa2_mm_interconnect_0:mm_interconnect_0|altera_avalon_sc_fifo:onchip_memory2_0_s1_agent_rdata_fifo|mem[0][32]                                                                                                      ; Stuck at GND due to stuck port data_in                                                                                                                                                                                                        ;
; HPSfgpa2:u0|HPSfgpa2_mm_interconnect_0:mm_interconnect_0|altera_avalon_sc_fifo:onchip_memory2_0_s1_agent_rsp_fifo|mem[0][86]                                                                                                        ; Stuck at GND due to stuck port data_in                                                                                                                                                                                                        ;
; HPSfgpa2:u0|HPSfgpa2_mm_interconnect_0:mm_interconnect_0|altera_merlin_burst_adapter:onchip_memory2_0_s1_burst_adapter|altera_merlin_burst_adapter_13_1:altera_merlin_burst_adapter_13_1.burst_adapter|int_bytes_remaining_reg[1]   ; Stuck at GND due to stuck port data_in                                                                                                                                                                                                        ;
; HPSfgpa2:u0|HPSfgpa2_mm_interconnect_0:mm_interconnect_0|altera_avalon_sc_fifo:onchip_memory2_0_s1_agent_rsp_fifo|mem[1][64]                                                                                                        ; Stuck at GND due to stuck port data_in                                                                                                                                                                                                        ;
; HPSfgpa2:u0|HPSfgpa2_mm_interconnect_0:mm_interconnect_0|altera_avalon_sc_fifo:onchip_memory2_0_s1_agent_rsp_fifo|mem[0][64]                                                                                                        ; Stuck at GND due to stuck port data_in                                                                                                                                                                                                        ;
; HPSfgpa2:u0|HPSfgpa2_mm_interconnect_0:mm_interconnect_0|altera_avalon_sc_fifo:onchip_memory2_0_s1_agent_rsp_fifo|mem[0][63]                                                                                                        ; Stuck at GND due to stuck port data_in                                                                                                                                                                                                        ;
; HPSfgpa2:u0|HPSfgpa2_mm_interconnect_0:mm_interconnect_0|altera_merlin_slave_agent:onchip_memory2_0_s1_agent|altera_merlin_burst_uncompressor:uncompressor|burst_uncompress_byte_counter[0,1]                                       ; Stuck at GND due to stuck port data_in                                                                                                                                                                                                        ;
; HPSfgpa2:u0|HPSfgpa2_mm_interconnect_0:mm_interconnect_0|HPSfgpa2_mm_interconnect_0_cmd_mux:cmd_mux|share_count_zero_flag                                                                                                           ; Stuck at VCC due to stuck port data_in                                                                                                                                                                                                        ;
; HPSfgpa2:u0|HPSfgpa2_mm_interconnect_0:mm_interconnect_0|HPSfgpa2_mm_interconnect_0_cmd_mux:cmd_mux|share_count[0]                                                                                                                  ; Stuck at GND due to stuck port data_in                                                                                                                                                                                                        ;
; FSMtrial:FSM|state.S2                                                                                                                                                                                                               ; Lost fanout                                                                                                                                                                                                                                   ;
; FSMtrial:FSM|state.S3                                                                                                                                                                                                               ; Lost fanout                                                                                                                                                                                                                                   ;
; FSMtrial:FSM|state.S4                                                                                                                                                                                                               ; Lost fanout                                                                                                                                                                                                                                   ;
; FSMtrial:FSM|state.S5                                                                                                                                                                                                               ; Lost fanout                                                                                                                                                                                                                                   ;
; FSMtrial:FSM|state.S6                                                                                                                                                                                                               ; Lost fanout                                                                                                                                                                                                                                   ;
; FSMtrial:FSM|state~2                                                                                                                                                                                                                ; Lost fanout                                                                                                                                                                                                                                   ;
; FSMtrial:FSM|state~3                                                                                                                                                                                                                ; Lost fanout                                                                                                                                                                                                                                   ;
; FSMtrial:FSM|state~4                                                                                                                                                                                                                ; Lost fanout                                                                                                                                                                                                                                   ;
; HPSfgpa2:u0|HPSfgpa2_mm_interconnect_0:mm_interconnect_0|altera_merlin_burst_adapter:onchip_memory2_0_s1_burst_adapter|altera_merlin_burst_adapter_13_1:altera_merlin_burst_adapter_13_1.burst_adapter|int_nxt_addr_reg_dly[12..20] ; Lost fanout                                                                                                                                                                                                                                   ;
; HPSfgpa2:u0|HPSfgpa2_mm_interconnect_0:mm_interconnect_0|altera_merlin_burst_adapter:onchip_memory2_0_s1_burst_adapter|altera_merlin_burst_adapter_13_1:altera_merlin_burst_adapter_13_1.burst_adapter|int_nxt_addr_reg[20]         ; Lost fanout                                                                                                                                                                                                                                   ;
; HPSfgpa2:u0|HPSfgpa2_mm_interconnect_0:mm_interconnect_0|altera_merlin_axi_master_ni:hps_0_h2f_lw_axi_master_agent|altera_merlin_address_alignment:align_address_to_size|address_burst[20]                                          ; Lost fanout                                                                                                                                                                                                                                   ;
; HPSfgpa2:u0|HPSfgpa2_mm_interconnect_0:mm_interconnect_0|altera_merlin_burst_adapter:onchip_memory2_0_s1_burst_adapter|altera_merlin_burst_adapter_13_1:altera_merlin_burst_adapter_13_1.burst_adapter|int_nxt_addr_reg[19]         ; Lost fanout                                                                                                                                                                                                                                   ;
; HPSfgpa2:u0|HPSfgpa2_mm_interconnect_0:mm_interconnect_0|altera_merlin_axi_master_ni:hps_0_h2f_lw_axi_master_agent|altera_merlin_address_alignment:align_address_to_size|address_burst[19]                                          ; Lost fanout                                                                                                                                                                                                                                   ;
; HPSfgpa2:u0|HPSfgpa2_mm_interconnect_0:mm_interconnect_0|altera_merlin_burst_adapter:onchip_memory2_0_s1_burst_adapter|altera_merlin_burst_adapter_13_1:altera_merlin_burst_adapter_13_1.burst_adapter|int_nxt_addr_reg[18]         ; Lost fanout                                                                                                                                                                                                                                   ;
; HPSfgpa2:u0|HPSfgpa2_mm_interconnect_0:mm_interconnect_0|altera_merlin_axi_master_ni:hps_0_h2f_lw_axi_master_agent|altera_merlin_address_alignment:align_address_to_size|address_burst[18]                                          ; Lost fanout                                                                                                                                                                                                                                   ;
; HPSfgpa2:u0|HPSfgpa2_mm_interconnect_0:mm_interconnect_0|altera_merlin_burst_adapter:onchip_memory2_0_s1_burst_adapter|altera_merlin_burst_adapter_13_1:altera_merlin_burst_adapter_13_1.burst_adapter|int_nxt_addr_reg[17]         ; Lost fanout                                                                                                                                                                                                                                   ;
; HPSfgpa2:u0|HPSfgpa2_mm_interconnect_0:mm_interconnect_0|altera_merlin_axi_master_ni:hps_0_h2f_lw_axi_master_agent|altera_merlin_address_alignment:align_address_to_size|address_burst[17]                                          ; Lost fanout                                                                                                                                                                                                                                   ;
; HPSfgpa2:u0|HPSfgpa2_mm_interconnect_0:mm_interconnect_0|altera_merlin_burst_adapter:onchip_memory2_0_s1_burst_adapter|altera_merlin_burst_adapter_13_1:altera_merlin_burst_adapter_13_1.burst_adapter|int_nxt_addr_reg[16]         ; Lost fanout                                                                                                                                                                                                                                   ;
; HPSfgpa2:u0|HPSfgpa2_mm_interconnect_0:mm_interconnect_0|altera_merlin_axi_master_ni:hps_0_h2f_lw_axi_master_agent|altera_merlin_address_alignment:align_address_to_size|address_burst[16]                                          ; Lost fanout                                                                                                                                                                                                                                   ;
; HPSfgpa2:u0|HPSfgpa2_mm_interconnect_0:mm_interconnect_0|altera_merlin_burst_adapter:onchip_memory2_0_s1_burst_adapter|altera_merlin_burst_adapter_13_1:altera_merlin_burst_adapter_13_1.burst_adapter|int_nxt_addr_reg[15]         ; Lost fanout                                                                                                                                                                                                                                   ;
; HPSfgpa2:u0|HPSfgpa2_mm_interconnect_0:mm_interconnect_0|altera_merlin_axi_master_ni:hps_0_h2f_lw_axi_master_agent|altera_merlin_address_alignment:align_address_to_size|address_burst[15]                                          ; Lost fanout                                                                                                                                                                                                                                   ;
; HPSfgpa2:u0|HPSfgpa2_mm_interconnect_0:mm_interconnect_0|altera_merlin_burst_adapter:onchip_memory2_0_s1_burst_adapter|altera_merlin_burst_adapter_13_1:altera_merlin_burst_adapter_13_1.burst_adapter|int_nxt_addr_reg[14]         ; Lost fanout                                                                                                                                                                                                                                   ;
; HPSfgpa2:u0|HPSfgpa2_mm_interconnect_0:mm_interconnect_0|altera_merlin_axi_master_ni:hps_0_h2f_lw_axi_master_agent|altera_merlin_address_alignment:align_address_to_size|address_burst[14]                                          ; Lost fanout                                                                                                                                                                                                                                   ;
; HPSfgpa2:u0|HPSfgpa2_mm_interconnect_0:mm_interconnect_0|altera_merlin_burst_adapter:onchip_memory2_0_s1_burst_adapter|altera_merlin_burst_adapter_13_1:altera_merlin_burst_adapter_13_1.burst_adapter|int_nxt_addr_reg[13]         ; Lost fanout                                                                                                                                                                                                                                   ;
; HPSfgpa2:u0|HPSfgpa2_mm_interconnect_0:mm_interconnect_0|altera_merlin_axi_master_ni:hps_0_h2f_lw_axi_master_agent|altera_merlin_address_alignment:align_address_to_size|address_burst[13]                                          ; Lost fanout                                                                                                                                                                                                                                   ;
; HPSfgpa2:u0|HPSfgpa2_mm_interconnect_0:mm_interconnect_0|altera_merlin_burst_adapter:onchip_memory2_0_s1_burst_adapter|altera_merlin_burst_adapter_13_1:altera_merlin_burst_adapter_13_1.burst_adapter|int_nxt_addr_reg[12]         ; Lost fanout                                                                                                                                                                                                                                   ;
; HPSfgpa2:u0|HPSfgpa2_mm_interconnect_0:mm_interconnect_0|altera_merlin_axi_master_ni:hps_0_h2f_lw_axi_master_agent|altera_merlin_address_alignment:align_address_to_size|address_burst[12]                                          ; Lost fanout                                                                                                                                                                                                                                   ;
; Total Number of Removed Registers = 90                                                                                                                                                                                              ;                                                                                                                                                                                                                                               ;
+-------------------------------------------------------------------------------------------------------------------------------------------------------------------------------------------------------------------------------------+-----------------------------------------------------------------------------------------------------------------------------------------------------------------------------------------------------------------------------------------------+


+-------------------------------------------------------------------------------------------------------------------------------------------------------------------------------------------------------------------------------------------------------------------------------------------------------------------------------------------------------------------------------------------------------------------------------------------------------------------------------------------------+
; Removed Registers Triggering Further Register Optimizations                                                                                                                                                                                                                                                                                                                                                                                                                                     ;
+---------------------------------------------------------------------------------------------------------------------------------------------------------------------------------------------------------------------------------+---------------------------+-----------------------------------------------------------------------------------------------------------------------------------------------------------------------------------------------------------------------------------+
; Register name                                                                                                                                                                                                                   ; Reason for Removal        ; Registers Removed due to This Register                                                                                                                                                                                            ;
+---------------------------------------------------------------------------------------------------------------------------------------------------------------------------------------------------------------------------------+---------------------------+-----------------------------------------------------------------------------------------------------------------------------------------------------------------------------------------------------------------------------------+
; HPSfgpa2:u0|HPSfgpa2_mm_interconnect_0:mm_interconnect_0|altera_merlin_burst_adapter:onchip_memory2_0_s1_burst_adapter|altera_merlin_burst_adapter_13_1:altera_merlin_burst_adapter_13_1.burst_adapter|int_nxt_addr_reg_dly[20] ; Lost Fanouts              ; HPSfgpa2:u0|HPSfgpa2_mm_interconnect_0:mm_interconnect_0|altera_merlin_burst_adapter:onchip_memory2_0_s1_burst_adapter|altera_merlin_burst_adapter_13_1:altera_merlin_burst_adapter_13_1.burst_adapter|int_nxt_addr_reg_dly[19],  ;
;                                                                                                                                                                                                                                 ;                           ; HPSfgpa2:u0|HPSfgpa2_mm_interconnect_0:mm_interconnect_0|altera_merlin_burst_adapter:onchip_memory2_0_s1_burst_adapter|altera_merlin_burst_adapter_13_1:altera_merlin_burst_adapter_13_1.burst_adapter|int_nxt_addr_reg_dly[18],  ;
;                                                                                                                                                                                                                                 ;                           ; HPSfgpa2:u0|HPSfgpa2_mm_interconnect_0:mm_interconnect_0|altera_merlin_burst_adapter:onchip_memory2_0_s1_burst_adapter|altera_merlin_burst_adapter_13_1:altera_merlin_burst_adapter_13_1.burst_adapter|int_nxt_addr_reg_dly[17],  ;
;                                                                                                                                                                                                                                 ;                           ; HPSfgpa2:u0|HPSfgpa2_mm_interconnect_0:mm_interconnect_0|altera_merlin_burst_adapter:onchip_memory2_0_s1_burst_adapter|altera_merlin_burst_adapter_13_1:altera_merlin_burst_adapter_13_1.burst_adapter|int_nxt_addr_reg_dly[16],  ;
;                                                                                                                                                                                                                                 ;                           ; HPSfgpa2:u0|HPSfgpa2_mm_interconnect_0:mm_interconnect_0|altera_merlin_burst_adapter:onchip_memory2_0_s1_burst_adapter|altera_merlin_burst_adapter_13_1:altera_merlin_burst_adapter_13_1.burst_adapter|int_nxt_addr_reg_dly[15],  ;
;                                                                                                                                                                                                                                 ;                           ; HPSfgpa2:u0|HPSfgpa2_mm_interconnect_0:mm_interconnect_0|altera_merlin_burst_adapter:onchip_memory2_0_s1_burst_adapter|altera_merlin_burst_adapter_13_1:altera_merlin_burst_adapter_13_1.burst_adapter|int_nxt_addr_reg_dly[14],  ;
;                                                                                                                                                                                                                                 ;                           ; HPSfgpa2:u0|HPSfgpa2_mm_interconnect_0:mm_interconnect_0|altera_merlin_burst_adapter:onchip_memory2_0_s1_burst_adapter|altera_merlin_burst_adapter_13_1:altera_merlin_burst_adapter_13_1.burst_adapter|int_nxt_addr_reg_dly[13],  ;
;                                                                                                                                                                                                                                 ;                           ; HPSfgpa2:u0|HPSfgpa2_mm_interconnect_0:mm_interconnect_0|altera_merlin_burst_adapter:onchip_memory2_0_s1_burst_adapter|altera_merlin_burst_adapter_13_1:altera_merlin_burst_adapter_13_1.burst_adapter|int_nxt_addr_reg_dly[12],  ;
;                                                                                                                                                                                                                                 ;                           ; HPSfgpa2:u0|HPSfgpa2_mm_interconnect_0:mm_interconnect_0|altera_merlin_burst_adapter:onchip_memory2_0_s1_burst_adapter|altera_merlin_burst_adapter_13_1:altera_merlin_burst_adapter_13_1.burst_adapter|int_nxt_addr_reg[20],      ;
;                                                                                                                                                                                                                                 ;                           ; HPSfgpa2:u0|HPSfgpa2_mm_interconnect_0:mm_interconnect_0|altera_merlin_axi_master_ni:hps_0_h2f_lw_axi_master_agent|altera_merlin_address_alignment:align_address_to_size|address_burst[20],                                       ;
;                                                                                                                                                                                                                                 ;                           ; HPSfgpa2:u0|HPSfgpa2_mm_interconnect_0:mm_interconnect_0|altera_merlin_burst_adapter:onchip_memory2_0_s1_burst_adapter|altera_merlin_burst_adapter_13_1:altera_merlin_burst_adapter_13_1.burst_adapter|int_nxt_addr_reg[19],      ;
;                                                                                                                                                                                                                                 ;                           ; HPSfgpa2:u0|HPSfgpa2_mm_interconnect_0:mm_interconnect_0|altera_merlin_axi_master_ni:hps_0_h2f_lw_axi_master_agent|altera_merlin_address_alignment:align_address_to_size|address_burst[19],                                       ;
;                                                                                                                                                                                                                                 ;                           ; HPSfgpa2:u0|HPSfgpa2_mm_interconnect_0:mm_interconnect_0|altera_merlin_burst_adapter:onchip_memory2_0_s1_burst_adapter|altera_merlin_burst_adapter_13_1:altera_merlin_burst_adapter_13_1.burst_adapter|int_nxt_addr_reg[18],      ;
;                                                                                                                                                                                                                                 ;                           ; HPSfgpa2:u0|HPSfgpa2_mm_interconnect_0:mm_interconnect_0|altera_merlin_axi_master_ni:hps_0_h2f_lw_axi_master_agent|altera_merlin_address_alignment:align_address_to_size|address_burst[18],                                       ;
;                                                                                                                                                                                                                                 ;                           ; HPSfgpa2:u0|HPSfgpa2_mm_interconnect_0:mm_interconnect_0|altera_merlin_burst_adapter:onchip_memory2_0_s1_burst_adapter|altera_merlin_burst_adapter_13_1:altera_merlin_burst_adapter_13_1.burst_adapter|int_nxt_addr_reg[17],      ;
;                                                                                                                                                                                                                                 ;                           ; HPSfgpa2:u0|HPSfgpa2_mm_interconnect_0:mm_interconnect_0|altera_merlin_axi_master_ni:hps_0_h2f_lw_axi_master_agent|altera_merlin_address_alignment:align_address_to_size|address_burst[17],                                       ;
;                                                                                                                                                                                                                                 ;                           ; HPSfgpa2:u0|HPSfgpa2_mm_interconnect_0:mm_interconnect_0|altera_merlin_burst_adapter:onchip_memory2_0_s1_burst_adapter|altera_merlin_burst_adapter_13_1:altera_merlin_burst_adapter_13_1.burst_adapter|int_nxt_addr_reg[16],      ;
;                                                                                                                                                                                                                                 ;                           ; HPSfgpa2:u0|HPSfgpa2_mm_interconnect_0:mm_interconnect_0|altera_merlin_axi_master_ni:hps_0_h2f_lw_axi_master_agent|altera_merlin_address_alignment:align_address_to_size|address_burst[16],                                       ;
;                                                                                                                                                                                                                                 ;                           ; HPSfgpa2:u0|HPSfgpa2_mm_interconnect_0:mm_interconnect_0|altera_merlin_burst_adapter:onchip_memory2_0_s1_burst_adapter|altera_merlin_burst_adapter_13_1:altera_merlin_burst_adapter_13_1.burst_adapter|int_nxt_addr_reg[15],      ;
;                                                                                                                                                                                                                                 ;                           ; HPSfgpa2:u0|HPSfgpa2_mm_interconnect_0:mm_interconnect_0|altera_merlin_axi_master_ni:hps_0_h2f_lw_axi_master_agent|altera_merlin_address_alignment:align_address_to_size|address_burst[15],                                       ;
;                                                                                                                                                                                                                                 ;                           ; HPSfgpa2:u0|HPSfgpa2_mm_interconnect_0:mm_interconnect_0|altera_merlin_burst_adapter:onchip_memory2_0_s1_burst_adapter|altera_merlin_burst_adapter_13_1:altera_merlin_burst_adapter_13_1.burst_adapter|int_nxt_addr_reg[14],      ;
;                                                                                                                                                                                                                                 ;                           ; HPSfgpa2:u0|HPSfgpa2_mm_interconnect_0:mm_interconnect_0|altera_merlin_axi_master_ni:hps_0_h2f_lw_axi_master_agent|altera_merlin_address_alignment:align_address_to_size|address_burst[14],                                       ;
;                                                                                                                                                                                                                                 ;                           ; HPSfgpa2:u0|HPSfgpa2_mm_interconnect_0:mm_interconnect_0|altera_merlin_burst_adapter:onchip_memory2_0_s1_burst_adapter|altera_merlin_burst_adapter_13_1:altera_merlin_burst_adapter_13_1.burst_adapter|int_nxt_addr_reg[13],      ;
;                                                                                                                                                                                                                                 ;                           ; HPSfgpa2:u0|HPSfgpa2_mm_interconnect_0:mm_interconnect_0|altera_merlin_axi_master_ni:hps_0_h2f_lw_axi_master_agent|altera_merlin_address_alignment:align_address_to_size|address_burst[13],                                       ;
;                                                                                                                                                                                                                                 ;                           ; HPSfgpa2:u0|HPSfgpa2_mm_interconnect_0:mm_interconnect_0|altera_merlin_burst_adapter:onchip_memory2_0_s1_burst_adapter|altera_merlin_burst_adapter_13_1:altera_merlin_burst_adapter_13_1.burst_adapter|int_nxt_addr_reg[12],      ;
;                                                                                                                                                                                                                                 ;                           ; HPSfgpa2:u0|HPSfgpa2_mm_interconnect_0:mm_interconnect_0|altera_merlin_axi_master_ni:hps_0_h2f_lw_axi_master_agent|altera_merlin_address_alignment:align_address_to_size|address_burst[12]                                        ;
; HPSfgpa2:u0|HPSfgpa2_mm_interconnect_0:mm_interconnect_0|altera_merlin_burst_adapter:onchip_memory2_0_s1_burst_adapter|altera_merlin_burst_adapter_13_1:altera_merlin_burst_adapter_13_1.burst_adapter|in_uncompressed_read_reg ; Stuck at GND              ; HPSfgpa2:u0|HPSfgpa2_mm_interconnect_0:mm_interconnect_0|altera_avalon_sc_fifo:onchip_memory2_0_s1_agent_rsp_fifo|mem[1][64],                                                                                                     ;
;                                                                                                                                                                                                                                 ; due to stuck port data_in ; HPSfgpa2:u0|HPSfgpa2_mm_interconnect_0:mm_interconnect_0|altera_avalon_sc_fifo:onchip_memory2_0_s1_agent_rsp_fifo|mem[0][64],                                                                                                     ;
;                                                                                                                                                                                                                                 ;                           ; HPSfgpa2:u0|HPSfgpa2_mm_interconnect_0:mm_interconnect_0|altera_avalon_sc_fifo:onchip_memory2_0_s1_agent_rsp_fifo|mem[0][63],                                                                                                     ;
;                                                                                                                                                                                                                                 ;                           ; HPSfgpa2:u0|HPSfgpa2_mm_interconnect_0:mm_interconnect_0|altera_merlin_slave_agent:onchip_memory2_0_s1_agent|altera_merlin_burst_uncompressor:uncompressor|burst_uncompress_byte_counter[1],                                      ;
;                                                                                                                                                                                                                                 ;                           ; HPSfgpa2:u0|HPSfgpa2_mm_interconnect_0:mm_interconnect_0|altera_merlin_slave_agent:onchip_memory2_0_s1_agent|altera_merlin_burst_uncompressor:uncompressor|burst_uncompress_byte_counter[0]                                       ;
; HPSfgpa2:u0|HPSfgpa2_mm_interconnect_0:mm_interconnect_0|altera_merlin_burst_adapter:onchip_memory2_0_s1_burst_adapter|altera_merlin_burst_adapter_13_1:altera_merlin_burst_adapter_13_1.burst_adapter|in_data_reg[86]          ; Stuck at GND              ; HPSfgpa2:u0|HPSfgpa2_mm_interconnect_0:mm_interconnect_0|altera_avalon_sc_fifo:onchip_memory2_0_s1_agent_rsp_fifo|mem[1][86],                                                                                                     ;
;                                                                                                                                                                                                                                 ; due to stuck port data_in ; HPSfgpa2:u0|HPSfgpa2_mm_interconnect_0:mm_interconnect_0|altera_avalon_sc_fifo:onchip_memory2_0_s1_agent_rsp_fifo|mem[0][86]                                                                                                      ;
; HPSfgpa2:u0|HPSfgpa2_mm_interconnect_0:mm_interconnect_0|altera_merlin_burst_adapter:onchip_memory2_0_s1_burst_adapter|altera_merlin_burst_adapter_13_1:altera_merlin_burst_adapter_13_1.burst_adapter|out_byte_cnt_reg[6]      ; Stuck at GND              ; HPSfgpa2:u0|HPSfgpa2_mm_interconnect_0:mm_interconnect_0|altera_merlin_burst_adapter:onchip_memory2_0_s1_burst_adapter|altera_merlin_burst_adapter_13_1:altera_merlin_burst_adapter_13_1.burst_adapter|int_bytes_remaining_reg[1] ;
;                                                                                                                                                                                                                                 ; due to stuck port data_in ;                                                                                                                                                                                                                                   ;
; HPSfgpa2:u0|HPSfgpa2_mm_interconnect_0:mm_interconnect_0|altera_avalon_sc_fifo:onchip_memory2_0_s1_agent_rdata_fifo|mem[1][33]                                                                                                  ; Stuck at GND              ; HPSfgpa2:u0|HPSfgpa2_mm_interconnect_0:mm_interconnect_0|altera_avalon_sc_fifo:onchip_memory2_0_s1_agent_rdata_fifo|mem[0][32]                                                                                                    ;
;                                                                                                                                                                                                                                 ; due to stuck port data_in ;                                                                                                                                                                                                                                   ;
; HPSfgpa2:u0|HPSfgpa2_mm_interconnect_0:mm_interconnect_0|HPSfgpa2_mm_interconnect_0_cmd_mux:cmd_mux|share_count_zero_flag                                                                                                       ; Stuck at VCC              ; HPSfgpa2:u0|HPSfgpa2_mm_interconnect_0:mm_interconnect_0|HPSfgpa2_mm_interconnect_0_cmd_mux:cmd_mux|share_count[0]                                                                                                                ;
;                                                                                                                                                                                                                                 ; due to stuck port data_in ;                                                                                                                                                                                                                                   ;
+---------------------------------------------------------------------------------------------------------------------------------------------------------------------------------------------------------------------------------+---------------------------+-----------------------------------------------------------------------------------------------------------------------------------------------------------------------------------------------------------------------------------+


+------------------------------------------------------+
; General Register Statistics                          ;
+----------------------------------------------+-------+
; Statistic                                    ; Value ;
+----------------------------------------------+-------+
; Total registers                              ; 870   ;
; Number of registers using Synchronous Clear  ; 567   ;
; Number of registers using Synchronous Load   ; 16    ;
; Number of registers using Asynchronous Clear ; 260   ;
; Number of registers using Asynchronous Load  ; 0     ;
; Number of registers using Clock Enable       ; 733   ;
; Number of registers using Preset             ; 0     ;
+----------------------------------------------+-------+


+----------------------------------------------------------------------------------------------------------------------------------------------------------------+
; Inverted Register Statistics                                                                                                                                   ;
+------------------------------------------------------------------------------------------------------------------------------------------------------+---------+
; Inverted Register                                                                                                                                    ; Fan out ;
+------------------------------------------------------------------------------------------------------------------------------------------------------+---------+
; PC:PC|out[3]                                                                                                                                         ; 10      ;
; HPSfgpa2:u0|HPSfgpa2_mm_interconnect_0:mm_interconnect_0|altera_merlin_slave_translator:onchip_memory2_0_s1_translator|waitrequest_reset_override    ; 8       ;
; key_sync[1]                                                                                                                                          ; 33      ;
; HPSfgpa2:u0|HPSfgpa2_mm_interconnect_0:mm_interconnect_0|HPSfgpa2_mm_interconnect_0_cmd_mux:cmd_mux|altera_merlin_arbitrator:arb|top_priority_reg[0] ; 2       ;
; HPSfgpa2:u0|HPSfgpa2_mm_interconnect_0:mm_interconnect_0|altera_merlin_axi_master_ni:hps_0_h2f_lw_axi_master_agent|sop_enable                        ; 42      ;
; key_sync[0]                                                                                                                                          ; 1       ;
; HPSfgpa2:u0|altera_reset_controller:rst_controller|r_sync_rst_chain[1]                                                                               ; 1       ;
; HPSfgpa2:u0|altera_reset_controller:rst_controller_001|altera_reset_synchronizer:alt_rst_sync_uq1|altera_reset_synchronizer_int_chain_out            ; 18      ;
; HPSfgpa2:u0|altera_reset_controller:rst_controller|r_sync_rst_chain[2]                                                                               ; 2       ;
; HPSfgpa2:u0|altera_reset_controller:rst_controller|altera_reset_synchronizer_int_chain[3]                                                            ; 1       ;
; HPSfgpa2:u0|altera_reset_controller:rst_controller|altera_reset_synchronizer_int_chain[2]                                                            ; 4       ;
; HPSfgpa2:u0|altera_reset_controller:rst_controller_001|altera_reset_synchronizer:alt_rst_sync_uq1|altera_reset_synchronizer_int_chain[0]             ; 1       ;
; HPSfgpa2:u0|altera_reset_controller:rst_controller|r_sync_rst_chain[3]                                                                               ; 1       ;
; HPSfgpa2:u0|altera_reset_controller:rst_controller|altera_reset_synchronizer_int_chain[1]                                                            ; 1       ;
; HPSfgpa2:u0|altera_reset_controller:rst_controller_001|altera_reset_synchronizer:alt_rst_sync_uq1|altera_reset_synchronizer_int_chain[1]             ; 1       ;
; HPSfgpa2:u0|altera_reset_controller:rst_controller|altera_reset_synchronizer_int_chain[0]                                                            ; 1       ;
; HPSfgpa2:u0|altera_reset_controller:rst_controller|altera_reset_synchronizer:alt_rst_sync_uq1|altera_reset_synchronizer_int_chain_out                ; 1       ;
; HPSfgpa2:u0|altera_reset_controller:rst_controller|altera_reset_synchronizer:alt_rst_sync_uq1|altera_reset_synchronizer_int_chain[0]                 ; 1       ;
; HPSfgpa2:u0|altera_reset_controller:rst_controller|altera_reset_synchronizer:alt_rst_sync_uq1|altera_reset_synchronizer_int_chain[1]                 ; 1       ;
; Total number of inverted registers = 19                                                                                                              ;         ;
+------------------------------------------------------------------------------------------------------------------------------------------------------+---------+


+--------------------------------------------------------------------------------------------------------------------------------------------------------------------------------------------------------------------------------------------------------------------------------------------------------------------------------------------------------------+
; Multiplexer Restructuring Statistics (Restructuring Performed)                                                                                                                                                                                                                                                                                               ;
+--------------------+-----------+---------------+----------------------+------------------------+------------+------------------------------------------------------------------------------------------------------------------------------------------------------------------------------------------------------------------------------------------------+
; Multiplexer Inputs ; Bus Width ; Baseline Area ; Area if Restructured ; Saving if Restructured ; Registered ; Example Multiplexer Output                                                                                                                                                                                                                     ;
+--------------------+-----------+---------------+----------------------+------------------------+------------+------------------------------------------------------------------------------------------------------------------------------------------------------------------------------------------------------------------------------------------------+
; 3:1                ; 6 bits    ; 12 LEs        ; 12 LEs               ; 0 LEs                  ; Yes        ; |HFTTop|HPSfgpa2:u0|HPSfgpa2_mm_interconnect_0:mm_interconnect_0|altera_merlin_slave_agent:onchip_memory2_0_s1_agent|altera_merlin_burst_uncompressor:uncompressor|burst_uncompress_byte_counter[4]                                            ;
; 3:1                ; 12 bits   ; 24 LEs        ; 0 LEs                ; 24 LEs                 ; Yes        ; |HFTTop|IR:IR|out[7]                                                                                                                                                                                                                           ;
; 3:1                ; 32 bits   ; 64 LEs        ; 0 LEs                ; 64 LEs                 ; Yes        ; |HFTTop|RegBank:regBank|register:R0|out[24]                                                                                                                                                                                                    ;
; 3:1                ; 32 bits   ; 64 LEs        ; 0 LEs                ; 64 LEs                 ; Yes        ; |HFTTop|RegBank:regBank|register:R1|out[17]                                                                                                                                                                                                    ;
; 3:1                ; 32 bits   ; 64 LEs        ; 0 LEs                ; 64 LEs                 ; Yes        ; |HFTTop|RegBank:regBank|register:R2|out[23]                                                                                                                                                                                                    ;
; 3:1                ; 32 bits   ; 64 LEs        ; 0 LEs                ; 64 LEs                 ; Yes        ; |HFTTop|RegBank:regBank|register:R3|out[4]                                                                                                                                                                                                     ;
; 3:1                ; 32 bits   ; 64 LEs        ; 0 LEs                ; 64 LEs                 ; Yes        ; |HFTTop|RegBank:regBank|register:R4|out[15]                                                                                                                                                                                                    ;
; 3:1                ; 32 bits   ; 64 LEs        ; 0 LEs                ; 64 LEs                 ; Yes        ; |HFTTop|RegBank:regBank|register:R5|out[18]                                                                                                                                                                                                    ;
; 3:1                ; 32 bits   ; 64 LEs        ; 0 LEs                ; 64 LEs                 ; Yes        ; |HFTTop|RegBank:regBank|register:R6|out[5]                                                                                                                                                                                                     ;
; 3:1                ; 32 bits   ; 64 LEs        ; 0 LEs                ; 64 LEs                 ; Yes        ; |HFTTop|RegBank:regBank|register:R7|out[30]                                                                                                                                                                                                    ;
; 3:1                ; 32 bits   ; 64 LEs        ; 0 LEs                ; 64 LEs                 ; Yes        ; |HFTTop|RegBank:regBank|register:R8|out[20]                                                                                                                                                                                                    ;
; 3:1                ; 32 bits   ; 64 LEs        ; 0 LEs                ; 64 LEs                 ; Yes        ; |HFTTop|RegBank:regBank|register:R9|out[11]                                                                                                                                                                                                    ;
; 3:1                ; 32 bits   ; 64 LEs        ; 0 LEs                ; 64 LEs                 ; Yes        ; |HFTTop|RegBank:regBank|register:R10|out[3]                                                                                                                                                                                                    ;
; 3:1                ; 32 bits   ; 64 LEs        ; 0 LEs                ; 64 LEs                 ; Yes        ; |HFTTop|RegBank:regBank|register:R11|out[30]                                                                                                                                                                                                   ;
; 3:1                ; 32 bits   ; 64 LEs        ; 0 LEs                ; 64 LEs                 ; Yes        ; |HFTTop|RegBank:regBank|register:R12|out[24]                                                                                                                                                                                                   ;
; 3:1                ; 32 bits   ; 64 LEs        ; 0 LEs                ; 64 LEs                 ; Yes        ; |HFTTop|RegBank:regBank|register:R13|out[14]                                                                                                                                                                                                   ;
; 3:1                ; 32 bits   ; 64 LEs        ; 0 LEs                ; 64 LEs                 ; Yes        ; |HFTTop|RegBank:regBank|register:R14|out[2]                                                                                                                                                                                                    ;
; 3:1                ; 32 bits   ; 64 LEs        ; 0 LEs                ; 64 LEs                 ; Yes        ; |HFTTop|RegBank:regBank|register:R15|out[7]                                                                                                                                                                                                    ;
; 3:1                ; 4 bits    ; 8 LEs         ; 4 LEs                ; 4 LEs                  ; Yes        ; |HFTTop|por_cnt[0]                                                                                                                                                                                                                             ;
; 6:1                ; 9 bits    ; 36 LEs        ; 0 LEs                ; 36 LEs                 ; Yes        ; |HFTTop|PC:PC|out[9]                                                                                                                                                                                                                           ;
; 4:1                ; 15 bits   ; 30 LEs        ; 0 LEs                ; 30 LEs                 ; Yes        ; |HFTTop|HPSfgpa2:u0|HPSfgpa2_mm_interconnect_0:mm_interconnect_0|altera_merlin_axi_master_ni:hps_0_h2f_lw_axi_master_agent|altera_merlin_address_alignment:align_address_to_size|address_burst[12]                                             ;
; 6:1                ; 25 bits   ; 100 LEs       ; 0 LEs                ; 100 LEs                ; Yes        ; |HFTTop|FSMtrial:FSM|Imm[20]                                                                                                                                                                                                                   ;
; 7:1                ; 4 bits    ; 16 LEs        ; 16 LEs               ; 0 LEs                  ; Yes        ; |HFTTop|FSMtrial:FSM|opcode[2]                                                                                                                                                                                                                 ;
; 9:1                ; 4 bits    ; 24 LEs        ; 16 LEs               ; 8 LEs                  ; Yes        ; |HFTTop|FSMtrial:FSM|rSrc[0]                                                                                                                                                                                                                   ;
; 3:1                ; 4 bits    ; 8 LEs         ; 8 LEs                ; 0 LEs                  ; No         ; |HFTTop|HPSfgpa2:u0|HPSfgpa2_mm_interconnect_0:mm_interconnect_0|altera_avalon_sc_fifo:onchip_memory2_0_s1_agent_rsp_fifo|mem                                                                                                                  ;
; 3:1                ; 5 bits    ; 10 LEs        ; 10 LEs               ; 0 LEs                  ; No         ; |HFTTop|HPSfgpa2:u0|HPSfgpa2_mm_interconnect_0:mm_interconnect_0|altera_merlin_burst_adapter:onchip_memory2_0_s1_burst_adapter|altera_merlin_burst_adapter_13_1:altera_merlin_burst_adapter_13_1.burst_adapter|nxt_uncomp_subburst_byte_cnt[4] ;
; 4:1                ; 25 bits   ; 50 LEs        ; 50 LEs               ; 0 LEs                  ; No         ; |HFTTop|ALUFinal:ALU|ShiftLeft0                                                                                                                                                                                                                ;
; 4:1                ; 24 bits   ; 48 LEs        ; 48 LEs               ; 0 LEs                  ; No         ; |HFTTop|ALUFinal:ALU|ShiftRight0                                                                                                                                                                                                               ;
; 4:1                ; 4 bits    ; 8 LEs         ; 8 LEs                ; 0 LEs                  ; No         ; |HFTTop|ALUFinal:ALU|ShiftRight0                                                                                                                                                                                                               ;
; 4:1                ; 4 bits    ; 8 LEs         ; 8 LEs                ; 0 LEs                  ; No         ; |HFTTop|ALUFinal:ALU|ShiftRight1                                                                                                                                                                                                               ;
; 3:1                ; 6 bits    ; 12 LEs        ; 12 LEs               ; 0 LEs                  ; No         ; |HFTTop|HPSfgpa2:u0|HPSfgpa2_mm_interconnect_0:mm_interconnect_0|altera_merlin_axi_master_ni:hps_0_h2f_lw_axi_master_agent|Selector6                                                                                                           ;
; 3:1                ; 6 bits    ; 12 LEs        ; 12 LEs               ; 0 LEs                  ; No         ; |HFTTop|HPSfgpa2:u0|HPSfgpa2_mm_interconnect_0:mm_interconnect_0|altera_merlin_axi_master_ni:hps_0_h2f_lw_axi_master_agent|Selector9                                                                                                           ;
; 5:1                ; 2 bits    ; 6 LEs         ; 6 LEs                ; 0 LEs                  ; No         ; |HFTTop|FSMtrial:FSM|we                                                                                                                                                                                                                        ;
; 16:1               ; 10 bits   ; 100 LEs       ; 100 LEs              ; 0 LEs                  ; No         ; |HFTTop|MUX16to1:addrMUX|Mux23                                                                                                                                                                                                                 ;
; 16:1               ; 32 bits   ; 320 LEs       ; 320 LEs              ; 0 LEs                  ; No         ; |HFTTop|MUX16to1:srcMUX|Mux10                                                                                                                                                                                                                  ;
; 16:1               ; 32 bits   ; 320 LEs       ; 320 LEs              ; 0 LEs                  ; No         ; |HFTTop|MUX16to1:destMUX|Mux30                                                                                                                                                                                                                 ;
; 23:1               ; 8 bits    ; 120 LEs       ; 112 LEs              ; 8 LEs                  ; No         ; |HFTTop|MUX2to1:ALUMUX|out[19]                                                                                                                                                                                                                 ;
; 25:1               ; 4 bits    ; 64 LEs        ; 60 LEs               ; 4 LEs                  ; No         ; |HFTTop|MUX2to1:ALUMUX|out[6]                                                                                                                                                                                                                  ;
; 25:1               ; 2 bits    ; 32 LEs        ; 30 LEs               ; 2 LEs                  ; No         ; |HFTTop|MUX2to1:ALUMUX|out[25]                                                                                                                                                                                                                 ;
; 26:1               ; 3 bits    ; 51 LEs        ; 48 LEs               ; 3 LEs                  ; No         ; |HFTTop|MUX2to1:ALUMUX|out[30]                                                                                                                                                                                                                 ;
; 26:1               ; 3 bits    ; 51 LEs        ; 48 LEs               ; 3 LEs                  ; No         ; |HFTTop|MUX2to1:ALUMUX|out[1]                                                                                                                                                                                                                  ;
; 25:1               ; 3 bits    ; 48 LEs        ; 48 LEs               ; 0 LEs                  ; No         ; |HFTTop|MUX2to1:ALUMUX|out[13]                                                                                                                                                                                                                 ;
+--------------------+-----------+---------------+----------------------+------------------------+------------+------------------------------------------------------------------------------------------------------------------------------------------------------------------------------------------------------------------------------------------------+


+---------------------------------------------------------------------------------------------------------------------------------------------------------------------+
; Source assignments for HPSfgpa2:u0|HPSfgpa2_hps_0:hps_0|HPSfgpa2_hps_0_hps_io:hps_io|HPSfgpa2_hps_0_hps_io_border:border|hps_sdram:hps_sdram_inst|hps_sdram_pll:pll ;
+---------------------------------------+-----------------------+------+----------------------------------------------------------------------------------------------+
; Assignment                            ; Value                 ; From ; To                                                                                           ;
+---------------------------------------+-----------------------+------+----------------------------------------------------------------------------------------------+
; IP_TOOL_NAME                          ; altera_mem_if_hps_pll ; -    ; -                                                                                            ;
; IP_TOOL_VERSION                       ; 25.1                  ; -    ; -                                                                                            ;
; FITTER_ADJUST_HC_SHORT_PATH_GUARDBAND ; 100                   ; -    ; -                                                                                            ;
; ALLOW_SYNCH_CTRL_USAGE                ; OFF                   ; -    ; -                                                                                            ;
; AUTO_CLOCK_ENABLE_RECOGNITION         ; OFF                   ; -    ; -                                                                                            ;
; AUTO_SHIFT_REGISTER_RECOGNITION       ; OFF                   ; -    ; -                                                                                            ;
+---------------------------------------+-----------------------+------+----------------------------------------------------------------------------------------------+


+-------------------------------------------------------------------------------------------------------------------------------------------------------------------+
; Source assignments for HPSfgpa2:u0|HPSfgpa2_hps_0:hps_0|HPSfgpa2_hps_0_hps_io:hps_io|HPSfgpa2_hps_0_hps_io_border:border|hps_sdram:hps_sdram_inst|hps_sdram_p0:p0 ;
+---------------------------------------+----------------------------------+------+---------------------------------------------------------------------------------+
; Assignment                            ; Value                            ; From ; To                                                                              ;
+---------------------------------------+----------------------------------+------+---------------------------------------------------------------------------------+
; IP_TOOL_NAME                          ; altera_mem_if_ddr3_hard_phy_core ; -    ; -                                                                               ;
; IP_TOOL_VERSION                       ; 25.1                             ; -    ; -                                                                               ;
; FITTER_ADJUST_HC_SHORT_PATH_GUARDBAND ; 100                              ; -    ; -                                                                               ;
+---------------------------------------+----------------------------------+------+---------------------------------------------------------------------------------+


+---------------------------------------------------------------------------------------------------------------------------------------------------------------------------------------------------------------------------------------------------------------------------------------------------------------------------------------+
; Source assignments for HPSfgpa2:u0|HPSfgpa2_hps_0:hps_0|HPSfgpa2_hps_0_hps_io:hps_io|HPSfgpa2_hps_0_hps_io_border:border|hps_sdram:hps_sdram_inst|hps_sdram_p0:p0|hps_sdram_p0_acv_hard_memphy:umemphy|hps_sdram_p0_acv_hard_io_pads:uio_pads|hps_sdram_p0_acv_hard_addr_cmd_pads:uaddr_cmd_pads|altddio_out:clock_gen[0].umem_ck_pad ;
+-------------------------+-------------+------+----------------------------------------------------------------------------------------------------------------------------------------------------------------------------------------------------------------------------------------------------------------------------------------+
; Assignment              ; Value       ; From ; To                                                                                                                                                                                                                                                                                     ;
+-------------------------+-------------+------+----------------------------------------------------------------------------------------------------------------------------------------------------------------------------------------------------------------------------------------------------------------------------------------+
; ADV_NETLIST_OPT_ALLOWED ; NEVER_ALLOW ; -    ; -                                                                                                                                                                                                                                                                                      ;
; PRESERVE_REGISTER       ; ON          ; -    ; output_cell_L                                                                                                                                                                                                                                                                          ;
; DDIO_OUTPUT_REGISTER    ; LOW         ; -    ; output_cell_L                                                                                                                                                                                                                                                                          ;
; DDIO_OUTPUT_REGISTER    ; HIGH        ; -    ; mux                                                                                                                                                                                                                                                                                    ;
+-------------------------+-------------+------+----------------------------------------------------------------------------------------------------------------------------------------------------------------------------------------------------------------------------------------------------------------------------------------+


+-------------------------------------------------------------------------------------------------------------------------------------------------------------------------------------------------------------------------------------------------------------------------------------------------------------------------------------------------------------------+
; Source assignments for HPSfgpa2:u0|HPSfgpa2_hps_0:hps_0|HPSfgpa2_hps_0_hps_io:hps_io|HPSfgpa2_hps_0_hps_io_border:border|hps_sdram:hps_sdram_inst|hps_sdram_p0:p0|hps_sdram_p0_acv_hard_memphy:umemphy|hps_sdram_p0_acv_hard_io_pads:uio_pads|hps_sdram_p0_acv_hard_addr_cmd_pads:uaddr_cmd_pads|altddio_out:clock_gen[0].umem_ck_pad|ddio_out_uqe:auto_generated ;
+-----------------------------+---------+------+--------------------------------------------------------------------------------------------------------------------------------------------------------------------------------------------------------------------------------------------------------------------------------------------------------------------+
; Assignment                  ; Value   ; From ; To                                                                                                                                                                                                                                                                                                                 ;
+-----------------------------+---------+------+--------------------------------------------------------------------------------------------------------------------------------------------------------------------------------------------------------------------------------------------------------------------------------------------------------------------+
; SYNCHRONIZER_IDENTIFICATION ; OFF     ; -    ; -                                                                                                                                                                                                                                                                                                                  ;
; ADV_NETLIST_OPT_ALLOWED     ; DEFAULT ; -    ; -                                                                                                                                                                                                                                                                                                                  ;
+-----------------------------+---------+------+--------------------------------------------------------------------------------------------------------------------------------------------------------------------------------------------------------------------------------------------------------------------------------------------------------------------+


+----------------------------------------------------------------------------------------------------------------------------------------------------------------------------------------------------------------------------------------------------------------------------------------------------------------------------------------------------------+
; Source assignments for HPSfgpa2:u0|HPSfgpa2_hps_0:hps_0|HPSfgpa2_hps_0_hps_io:hps_io|HPSfgpa2_hps_0_hps_io_border:border|hps_sdram:hps_sdram_inst|hps_sdram_p0:p0|hps_sdram_p0_acv_hard_memphy:umemphy|hps_sdram_p0_acv_hard_io_pads:uio_pads|hps_sdram_p0_altdqdqs:dq_ddio[0].ubidir_dq_dqs|altdq_dqs2_acv_connect_to_hard_phy_cyclonev:altdq_dqs2_inst ;
+-----------------------------+-------+------+-------------------------------------------------------------------------------------------------------------------------------------------------------------------------------------------------------------------------------------------------------------------------------------------------------------+
; Assignment                  ; Value ; From ; To                                                                                                                                                                                                                                                                                                          ;
+-----------------------------+-------+------+-------------------------------------------------------------------------------------------------------------------------------------------------------------------------------------------------------------------------------------------------------------------------------------------------------------+
; MESSAGE_DISABLE             ; 12010 ; -    ; -                                                                                                                                                                                                                                                                                                           ;
; MESSAGE_DISABLE             ; 12161 ; -    ; -                                                                                                                                                                                                                                                                                                           ;
; DONT_MERGE_REGISTER         ; on    ; -    ; output_path_gen[0].oe_reg                                                                                                                                                                                                                                                                                   ;
; FAST_OUTPUT_ENABLE_REGISTER ; on    ; -    ; output_path_gen[0].oe_reg                                                                                                                                                                                                                                                                                   ;
; DONT_MERGE_REGISTER         ; on    ; -    ; output_path_gen[1].oe_reg                                                                                                                                                                                                                                                                                   ;
; FAST_OUTPUT_ENABLE_REGISTER ; on    ; -    ; output_path_gen[1].oe_reg                                                                                                                                                                                                                                                                                   ;
; DONT_MERGE_REGISTER         ; on    ; -    ; output_path_gen[2].oe_reg                                                                                                                                                                                                                                                                                   ;
; FAST_OUTPUT_ENABLE_REGISTER ; on    ; -    ; output_path_gen[2].oe_reg                                                                                                                                                                                                                                                                                   ;
; DONT_MERGE_REGISTER         ; on    ; -    ; output_path_gen[3].oe_reg                                                                                                                                                                                                                                                                                   ;
; FAST_OUTPUT_ENABLE_REGISTER ; on    ; -    ; output_path_gen[3].oe_reg                                                                                                                                                                                                                                                                                   ;
; DONT_MERGE_REGISTER         ; on    ; -    ; output_path_gen[4].oe_reg                                                                                                                                                                                                                                                                                   ;
; FAST_OUTPUT_ENABLE_REGISTER ; on    ; -    ; output_path_gen[4].oe_reg                                                                                                                                                                                                                                                                                   ;
; DONT_MERGE_REGISTER         ; on    ; -    ; output_path_gen[5].oe_reg                                                                                                                                                                                                                                                                                   ;
; FAST_OUTPUT_ENABLE_REGISTER ; on    ; -    ; output_path_gen[5].oe_reg                                                                                                                                                                                                                                                                                   ;
; DONT_MERGE_REGISTER         ; on    ; -    ; output_path_gen[6].oe_reg                                                                                                                                                                                                                                                                                   ;
; FAST_OUTPUT_ENABLE_REGISTER ; on    ; -    ; output_path_gen[6].oe_reg                                                                                                                                                                                                                                                                                   ;
; DONT_MERGE_REGISTER         ; on    ; -    ; output_path_gen[7].oe_reg                                                                                                                                                                                                                                                                                   ;
; FAST_OUTPUT_ENABLE_REGISTER ; on    ; -    ; output_path_gen[7].oe_reg                                                                                                                                                                                                                                                                                   ;
+-----------------------------+-------+------+-------------------------------------------------------------------------------------------------------------------------------------------------------------------------------------------------------------------------------------------------------------------------------------------------------------+


+--------------------------------------------------------------------------------------------------------------------------------------------------------------------------------------------------------+
; Source assignments for HPSfgpa2:u0|HPSfgpa2_hps_0:hps_0|HPSfgpa2_hps_0_hps_io:hps_io|HPSfgpa2_hps_0_hps_io_border:border|hps_sdram:hps_sdram_inst|altera_mem_if_hard_memory_controller_top_cyclonev:c0 ;
+---------------------------------------+-------+------+-------------------------------------------------------------------------------------------------------------------------------------------------+
; Assignment                            ; Value ; From ; To                                                                                                                                              ;
+---------------------------------------+-------+------+-------------------------------------------------------------------------------------------------------------------------------------------------+
; FITTER_ADJUST_HC_SHORT_PATH_GUARDBAND ; 100   ; -    ; -                                                                                                                                               ;
+---------------------------------------+-------+------+-------------------------------------------------------------------------------------------------------------------------------------------------+


+----------------------------------------------------------------------------------------------------------------------------------------------------------------------------------+
; Source assignments for HPSfgpa2:u0|HPSfgpa2_hps_0:hps_0|HPSfgpa2_hps_0_hps_io:hps_io|HPSfgpa2_hps_0_hps_io_border:border|hps_sdram:hps_sdram_inst|altera_mem_if_oct_cyclonev:oct ;
+---------------------------------------+-------------------+------+---------------------------------------------------------------------------------------------------------------+
; Assignment                            ; Value             ; From ; To                                                                                                            ;
+---------------------------------------+-------------------+------+---------------------------------------------------------------------------------------------------------------+
; IP_TOOL_NAME                          ; altera_mem_if_oct ; -    ; -                                                                                                             ;
; IP_TOOL_VERSION                       ; 15.1              ; -    ; -                                                                                                             ;
; FITTER_ADJUST_HC_SHORT_PATH_GUARDBAND ; 100               ; -    ; -                                                                                                             ;
; ALLOW_SYNCH_CTRL_USAGE                ; OFF               ; -    ; -                                                                                                             ;
; AUTO_CLOCK_ENABLE_RECOGNITION         ; OFF               ; -    ; -                                                                                                             ;
; AUTO_SHIFT_REGISTER_RECOGNITION       ; OFF               ; -    ; -                                                                                                             ;
+---------------------------------------+-------------------+------+---------------------------------------------------------------------------------------------------------------+


+----------------------------------------------------------------------------------------------------------------------------------------------------------------------------------+
; Source assignments for HPSfgpa2:u0|HPSfgpa2_hps_0:hps_0|HPSfgpa2_hps_0_hps_io:hps_io|HPSfgpa2_hps_0_hps_io_border:border|hps_sdram:hps_sdram_inst|altera_mem_if_dll_cyclonev:dll ;
+---------------------------------------+-------------------+------+---------------------------------------------------------------------------------------------------------------+
; Assignment                            ; Value             ; From ; To                                                                                                            ;
+---------------------------------------+-------------------+------+---------------------------------------------------------------------------------------------------------------+
; IP_TOOL_NAME                          ; altera_mem_if_dll ; -    ; -                                                                                                             ;
; IP_TOOL_VERSION                       ; 15.1              ; -    ; -                                                                                                             ;
; FITTER_ADJUST_HC_SHORT_PATH_GUARDBAND ; 100               ; -    ; -                                                                                                             ;
; ALLOW_SYNCH_CTRL_USAGE                ; OFF               ; -    ; -                                                                                                             ;
; AUTO_CLOCK_ENABLE_RECOGNITION         ; OFF               ; -    ; -                                                                                                             ;
; AUTO_SHIFT_REGISTER_RECOGNITION       ; OFF               ; -    ; -                                                                                                             ;
+---------------------------------------+-------------------+------+---------------------------------------------------------------------------------------------------------------+


+----------------------------------------------------------------------------------------------------------------------------------------+
; Source assignments for HPSfgpa2:u0|HPSfgpa2_onchip_memory2_0:onchip_memory2_0|altsyncram:the_altsyncram|altsyncram_m872:auto_generated ;
+---------------------------------+--------------------+------+--------------------------------------------------------------------------+
; Assignment                      ; Value              ; From ; To                                                                       ;
+---------------------------------+--------------------+------+--------------------------------------------------------------------------+
; OPTIMIZE_POWER_DURING_SYNTHESIS ; NORMAL_COMPILATION ; -    ; -                                                                        ;
+---------------------------------+--------------------+------+--------------------------------------------------------------------------+


+--------------------------------------------------------------------------------------------------------------------------------+
; Source assignments for HPSfgpa2:u0|HPSfgpa2_mm_interconnect_0:mm_interconnect_0|HPSfgpa2_mm_interconnect_0_cmd_demux:cmd_demux ;
+-----------------+-------+------+-----------------------------------------------------------------------------------------------+
; Assignment      ; Value ; From ; To                                                                                            ;
+-----------------+-------+------+-----------------------------------------------------------------------------------------------+
; MESSAGE_DISABLE ; 15610 ; -    ; clk                                                                                           ;
; MESSAGE_DISABLE ; 15610 ; -    ; reset                                                                                         ;
+-----------------+-------+------+-----------------------------------------------------------------------------------------------+


+------------------------------------------------------------------------------------------------------------------------------------+
; Source assignments for HPSfgpa2:u0|HPSfgpa2_mm_interconnect_0:mm_interconnect_0|HPSfgpa2_mm_interconnect_0_cmd_demux:cmd_demux_001 ;
+-----------------+-------+------+---------------------------------------------------------------------------------------------------+
; Assignment      ; Value ; From ; To                                                                                                ;
+-----------------+-------+------+---------------------------------------------------------------------------------------------------+
; MESSAGE_DISABLE ; 15610 ; -    ; clk                                                                                               ;
; MESSAGE_DISABLE ; 15610 ; -    ; reset                                                                                             ;
+-----------------+-------+------+---------------------------------------------------------------------------------------------------+


+--------------------------------------------------------------------------------------------------------------------------------+
; Source assignments for HPSfgpa2:u0|HPSfgpa2_mm_interconnect_0:mm_interconnect_0|HPSfgpa2_mm_interconnect_0_rsp_demux:rsp_demux ;
+-----------------+-------+------+-----------------------------------------------------------------------------------------------+
; Assignment      ; Value ; From ; To                                                                                            ;
+-----------------+-------+------+-----------------------------------------------------------------------------------------------+
; MESSAGE_DISABLE ; 15610 ; -    ; clk                                                                                           ;
; MESSAGE_DISABLE ; 15610 ; -    ; reset                                                                                         ;
+-----------------+-------+------+-----------------------------------------------------------------------------------------------+


+---------------------------------------------------------------------------+
; Source assignments for HPSfgpa2:u0|altera_reset_controller:rst_controller ;
+-------------------+-------+------+----------------------------------------+
; Assignment        ; Value ; From ; To                                     ;
+-------------------+-------+------+----------------------------------------+
; PRESERVE_REGISTER ; on    ; -    ; altera_reset_synchronizer_int_chain[4] ;
; PRESERVE_REGISTER ; on    ; -    ; altera_reset_synchronizer_int_chain[3] ;
; PRESERVE_REGISTER ; on    ; -    ; altera_reset_synchronizer_int_chain[2] ;
; PRESERVE_REGISTER ; on    ; -    ; altera_reset_synchronizer_int_chain[1] ;
; PRESERVE_REGISTER ; on    ; -    ; altera_reset_synchronizer_int_chain[0] ;
+-------------------+-------+------+----------------------------------------+


+----------------------------------------------------------------------------------------------------------------------+
; Source assignments for HPSfgpa2:u0|altera_reset_controller:rst_controller|altera_reset_synchronizer:alt_rst_sync_uq1 ;
+-------------------+-------+------+-----------------------------------------------------------------------------------+
; Assignment        ; Value ; From ; To                                                                                ;
+-------------------+-------+------+-----------------------------------------------------------------------------------+
; PRESERVE_REGISTER ; on    ; -    ; altera_reset_synchronizer_int_chain[1]                                            ;
; PRESERVE_REGISTER ; on    ; -    ; altera_reset_synchronizer_int_chain[0]                                            ;
+-------------------+-------+------+-----------------------------------------------------------------------------------+


+--------------------------------------------------------------------------------------------------------------------------+
; Source assignments for HPSfgpa2:u0|altera_reset_controller:rst_controller|altera_reset_synchronizer:alt_rst_req_sync_uq1 ;
+-------------------+-------+------+---------------------------------------------------------------------------------------+
; Assignment        ; Value ; From ; To                                                                                    ;
+-------------------+-------+------+---------------------------------------------------------------------------------------+
; PRESERVE_REGISTER ; on    ; -    ; altera_reset_synchronizer_int_chain[0]                                                ;
; PRESERVE_REGISTER ; on    ; -    ; altera_reset_synchronizer_int_chain[1]                                                ;
+-------------------+-------+------+---------------------------------------------------------------------------------------+


+--------------------------------------------------------------------------------------------------------------------------+
; Source assignments for HPSfgpa2:u0|altera_reset_controller:rst_controller_001|altera_reset_synchronizer:alt_rst_sync_uq1 ;
+-------------------+-------+------+---------------------------------------------------------------------------------------+
; Assignment        ; Value ; From ; To                                                                                    ;
+-------------------+-------+------+---------------------------------------------------------------------------------------+
; PRESERVE_REGISTER ; on    ; -    ; altera_reset_synchronizer_int_chain[1]                                                ;
; PRESERVE_REGISTER ; on    ; -    ; altera_reset_synchronizer_int_chain[0]                                                ;
+-------------------+-------+------+---------------------------------------------------------------------------------------+


+------------------------------------------------------------------------------------------------------------------------------+
; Source assignments for HPSfgpa2:u0|altera_reset_controller:rst_controller_001|altera_reset_synchronizer:alt_rst_req_sync_uq1 ;
+-------------------+-------+------+-------------------------------------------------------------------------------------------+
; Assignment        ; Value ; From ; To                                                                                        ;
+-------------------+-------+------+-------------------------------------------------------------------------------------------+
; PRESERVE_REGISTER ; on    ; -    ; altera_reset_synchronizer_int_chain[0]                                                    ;
; PRESERVE_REGISTER ; on    ; -    ; altera_reset_synchronizer_int_chain[1]                                                    ;
+-------------------+-------+------+-------------------------------------------------------------------------------------------+


+-------------------------------------------------------------------------------+
; Parameter Settings for User Entity Instance: HPSfgpa2:u0|HPSfgpa2_hps_0:hps_0 ;
+----------------+-------+------------------------------------------------------+
; Parameter Name ; Value ; Type                                                 ;
+----------------+-------+------------------------------------------------------+
; F2S_Width      ; 2     ; Signed Integer                                       ;
; S2F_Width      ; 2     ; Signed Integer                                       ;
+----------------+-------+------------------------------------------------------+
Note: In order to hide this table in the UI and the text report file, please set the "Show Parameter Settings in Synthesis Report" option in "Analysis and Synthesis Settings -> More Settings" to "Off".


+-------------------------------------------------------------------------------------------------------------------------------------------------------------------------------------------+
; Parameter Settings for User Entity Instance: HPSfgpa2:u0|HPSfgpa2_hps_0:hps_0|HPSfgpa2_hps_0_hps_io:hps_io|HPSfgpa2_hps_0_hps_io_border:border|hps_sdram:hps_sdram_inst|hps_sdram_pll:pll ;
+----------------------------+-----------+--------------------------------------------------------------------------------------------------------------------------------------------------+
; Parameter Name             ; Value     ; Type                                                                                                                                             ;
+----------------------------+-----------+--------------------------------------------------------------------------------------------------------------------------------------------------+
; DEVICE_FAMILY              ; Cyclone V ; String                                                                                                                                           ;
; IS_HHP_HPS                 ; true      ; String                                                                                                                                           ;
; GENERIC_PLL                ; true      ; String                                                                                                                                           ;
; REF_CLK_FREQ               ; 125.0 MHz ; String                                                                                                                                           ;
; REF_CLK_PERIOD_PS          ; 8000      ; Signed Integer                                                                                                                                   ;
; PLL_MEM_CLK_FREQ_STR       ; 300.0 MHz ; String                                                                                                                                           ;
; PLL_WRITE_CLK_FREQ_STR     ; 300.0 MHz ; String                                                                                                                                           ;
; PLL_DR_CLK_FREQ_STR        ;           ; String                                                                                                                                           ;
; PLL_MEM_CLK_FREQ_SIM_STR   ; 3334 ps   ; String                                                                                                                                           ;
; PLL_WRITE_CLK_FREQ_SIM_STR ; 3334 ps   ; String                                                                                                                                           ;
; PLL_DR_CLK_FREQ_SIM_STR    ; 0 ps      ; String                                                                                                                                           ;
; MEM_CLK_PHASE              ; 0 ps      ; String                                                                                                                                           ;
; WRITE_CLK_PHASE            ; 2500 ps   ; String                                                                                                                                           ;
; DR_CLK_PHASE               ;           ; String                                                                                                                                           ;
+----------------------------+-----------+--------------------------------------------------------------------------------------------------------------------------------------------------+
Note: In order to hide this table in the UI and the text report file, please set the "Show Parameter Settings in Synthesis Report" option in "Analysis and Synthesis Settings -> More Settings" to "Off".


+-----------------------------------------------------------------------------------------------------------------------------------------------------------------------------------------+
; Parameter Settings for User Entity Instance: HPSfgpa2:u0|HPSfgpa2_hps_0:hps_0|HPSfgpa2_hps_0_hps_io:hps_io|HPSfgpa2_hps_0_hps_io_border:border|hps_sdram:hps_sdram_inst|hps_sdram_p0:p0 ;
+--------------------------------------+------------------+-------------------------------------------------------------------------------------------------------------------------------+
; Parameter Name                       ; Value            ; Type                                                                                                                          ;
+--------------------------------------+------------------+-------------------------------------------------------------------------------------------------------------------------------+
; DEVICE_FAMILY                        ; Cyclone V        ; String                                                                                                                        ;
; IS_HHP_HPS                           ; true             ; String                                                                                                                        ;
; ALTERA_ALT_MEM_IF_PHY_FAST_SIM_MODEL ; 0                ; Signed Integer                                                                                                                ;
; OCT_TERM_CONTROL_WIDTH               ; 16               ; Signed Integer                                                                                                                ;
; MEM_IF_ADDR_WIDTH                    ; 13               ; Signed Integer                                                                                                                ;
; MEM_IF_BANKADDR_WIDTH                ; 3                ; Signed Integer                                                                                                                ;
; MEM_IF_CK_WIDTH                      ; 1                ; Signed Integer                                                                                                                ;
; MEM_IF_CLK_EN_WIDTH                  ; 1                ; Signed Integer                                                                                                                ;
; MEM_IF_CS_WIDTH                      ; 1                ; Signed Integer                                                                                                                ;
; MEM_IF_DM_WIDTH                      ; 1                ; Signed Integer                                                                                                                ;
; MEM_IF_CONTROL_WIDTH                 ; 1                ; Signed Integer                                                                                                                ;
; MEM_IF_DQ_WIDTH                      ; 8                ; Signed Integer                                                                                                                ;
; MEM_IF_DQS_WIDTH                     ; 1                ; Signed Integer                                                                                                                ;
; MEM_IF_READ_DQS_WIDTH                ; 1                ; Signed Integer                                                                                                                ;
; MEM_IF_WRITE_DQS_WIDTH               ; 1                ; Signed Integer                                                                                                                ;
; MEM_IF_ODT_WIDTH                     ; 1                ; Signed Integer                                                                                                                ;
; DLL_DELAY_CTRL_WIDTH                 ; 7                ; Signed Integer                                                                                                                ;
; SCC_DATA_WIDTH                       ; 1                ; Signed Integer                                                                                                                ;
; READ_VALID_FIFO_SIZE                 ; 16               ; Signed Integer                                                                                                                ;
; READ_FIFO_SIZE                       ; 8                ; Signed Integer                                                                                                                ;
; MR1_ODS                              ; 0                ; Signed Integer                                                                                                                ;
; MR1_RTT                              ; 0                ; Signed Integer                                                                                                                ;
; MR2_RTT_WR                           ; 0                ; Signed Integer                                                                                                                ;
; DLL_OFFSET_CTRL_WIDTH                ; 6                ; Signed Integer                                                                                                                ;
; CALIB_REG_WIDTH                      ; 8                ; Signed Integer                                                                                                                ;
; TB_PROTOCOL                          ; DDR3             ; String                                                                                                                        ;
; TB_MEM_CLK_FREQ                      ; 300.0            ; String                                                                                                                        ;
; TB_RATE                              ; FULL             ; String                                                                                                                        ;
; TB_MEM_DQ_WIDTH                      ; 8                ; String                                                                                                                        ;
; TB_MEM_DQS_WIDTH                     ; 1                ; String                                                                                                                        ;
; TB_PLL_DLL_MASTER                    ; true             ; String                                                                                                                        ;
; FAST_SIM_CALIBRATION                 ; false            ; String                                                                                                                        ;
; AC_ROM_INIT_FILE_NAME                ; hps_AC_ROM.hex   ; String                                                                                                                        ;
; INST_ROM_INIT_FILE_NAME              ; hps_inst_ROM.hex ; String                                                                                                                        ;
+--------------------------------------+------------------+-------------------------------------------------------------------------------------------------------------------------------+
Note: In order to hide this table in the UI and the text report file, please set the "Show Parameter Settings in Synthesis Report" option in "Analysis and Synthesis Settings -> More Settings" to "Off".


+------------------------------------------------------------------------------------------------------------------------------------------------------------------------------------------------------------------------------+
; Parameter Settings for User Entity Instance: HPSfgpa2:u0|HPSfgpa2_hps_0:hps_0|HPSfgpa2_hps_0_hps_io:hps_io|HPSfgpa2_hps_0_hps_io_border:border|hps_sdram:hps_sdram_inst|hps_sdram_p0:p0|hps_sdram_p0_acv_hard_memphy:umemphy ;
+---------------------------------+------------------+-------------------------------------------------------------------------------------------------------------------------------------------------------------------------+
; Parameter Name                  ; Value            ; Type                                                                                                                                                                    ;
+---------------------------------+------------------+-------------------------------------------------------------------------------------------------------------------------------------------------------------------------+
; DEVICE_FAMILY                   ; Cyclone V        ; String                                                                                                                                                                  ;
; IS_HHP_HPS                      ; true             ; String                                                                                                                                                                  ;
; OCT_SERIES_TERM_CONTROL_WIDTH   ; 16               ; Signed Integer                                                                                                                                                          ;
; OCT_PARALLEL_TERM_CONTROL_WIDTH ; 16               ; Signed Integer                                                                                                                                                          ;
; MEM_ADDRESS_WIDTH               ; 13               ; Signed Integer                                                                                                                                                          ;
; MEM_BANK_WIDTH                  ; 3                ; Signed Integer                                                                                                                                                          ;
; MEM_IF_CS_WIDTH                 ; 1                ; Signed Integer                                                                                                                                                          ;
; MEM_CLK_EN_WIDTH                ; 1                ; Signed Integer                                                                                                                                                          ;
; MEM_CK_WIDTH                    ; 1                ; Signed Integer                                                                                                                                                          ;
; MEM_ODT_WIDTH                   ; 1                ; Signed Integer                                                                                                                                                          ;
; MEM_DQS_WIDTH                   ; 1                ; Signed Integer                                                                                                                                                          ;
; MEM_DM_WIDTH                    ; 1                ; Signed Integer                                                                                                                                                          ;
; MEM_CONTROL_WIDTH               ; 1                ; Signed Integer                                                                                                                                                          ;
; MEM_DQ_WIDTH                    ; 8                ; Signed Integer                                                                                                                                                          ;
; MEM_READ_DQS_WIDTH              ; 1                ; Signed Integer                                                                                                                                                          ;
; MEM_WRITE_DQS_WIDTH             ; 1                ; Signed Integer                                                                                                                                                          ;
; DLL_DELAY_CTRL_WIDTH            ; 7                ; Signed Integer                                                                                                                                                          ;
; MR1_ODS                         ; 0                ; Signed Integer                                                                                                                                                          ;
; MR1_RTT                         ; 0                ; Signed Integer                                                                                                                                                          ;
; MR2_RTT_WR                      ; 0                ; Signed Integer                                                                                                                                                          ;
; TB_PROTOCOL                     ; DDR3             ; String                                                                                                                                                                  ;
; TB_MEM_CLK_FREQ                 ; 300.0            ; String                                                                                                                                                                  ;
; TB_RATE                         ; FULL             ; String                                                                                                                                                                  ;
; TB_MEM_DQ_WIDTH                 ; 8                ; String                                                                                                                                                                  ;
; TB_MEM_DQS_WIDTH                ; 1                ; String                                                                                                                                                                  ;
; TB_PLL_DLL_MASTER               ; true             ; String                                                                                                                                                                  ;
; FAST_SIM_MODEL                  ; 0                ; Signed Integer                                                                                                                                                          ;
; FAST_SIM_CALIBRATION            ; false            ; String                                                                                                                                                                  ;
; CALIB_REG_WIDTH                 ; 8                ; Signed Integer                                                                                                                                                          ;
; AC_ROM_INIT_FILE_NAME           ; hps_AC_ROM.hex   ; String                                                                                                                                                                  ;
; INST_ROM_INIT_FILE_NAME         ; hps_inst_ROM.hex ; String                                                                                                                                                                  ;
+---------------------------------+------------------+-------------------------------------------------------------------------------------------------------------------------------------------------------------------------+
Note: In order to hide this table in the UI and the text report file, please set the "Show Parameter Settings in Synthesis Report" option in "Analysis and Synthesis Settings -> More Settings" to "Off".


+--------------------------------------------------------------------------------------------------------------------------------------------------------------------------------------------------------------------------------------------------------------+
; Parameter Settings for User Entity Instance: HPSfgpa2:u0|HPSfgpa2_hps_0:hps_0|HPSfgpa2_hps_0_hps_io:hps_io|HPSfgpa2_hps_0_hps_io_border:border|hps_sdram:hps_sdram_inst|hps_sdram_p0:p0|hps_sdram_p0_acv_hard_memphy:umemphy|hps_sdram_p0_acv_ldc:memphy_ldc ;
+----------------------+-------+-------------------------------------------------------------------------------------------------------------------------------------------------------------------------------------------------------------------------------+
; Parameter Name       ; Value ; Type                                                                                                                                                                                                                          ;
+----------------------+-------+-------------------------------------------------------------------------------------------------------------------------------------------------------------------------------------------------------------------------------+
; DLL_DELAY_CTRL_WIDTH ; 7     ; Signed Integer                                                                                                                                                                                                                ;
; ADC_PHASE_SETTING    ; 0     ; Signed Integer                                                                                                                                                                                                                ;
; ADC_INVERT_PHASE     ; true  ; String                                                                                                                                                                                                                        ;
; IS_HHP_HPS           ; true  ; String                                                                                                                                                                                                                        ;
+----------------------+-------+-------------------------------------------------------------------------------------------------------------------------------------------------------------------------------------------------------------------------------+
Note: In order to hide this table in the UI and the text report file, please set the "Show Parameter Settings in Synthesis Report" option in "Analysis and Synthesis Settings -> More Settings" to "Off".


+---------------------------------------------------------------------------------------------------------------------------------------------------------------------------------------------------------------------------------------------------------------------+
; Parameter Settings for User Entity Instance: HPSfgpa2:u0|HPSfgpa2_hps_0:hps_0|HPSfgpa2_hps_0_hps_io:hps_io|HPSfgpa2_hps_0_hps_io_border:border|hps_sdram:hps_sdram_inst|hps_sdram_p0:p0|hps_sdram_p0_acv_hard_memphy:umemphy|hps_sdram_p0_acv_hard_io_pads:uio_pads ;
+---------------------------------+-----------+-----------------------------------------------------------------------------------------------------------------------------------------------------------------------------------------------------------------------+
; Parameter Name                  ; Value     ; Type                                                                                                                                                                                                                  ;
+---------------------------------+-----------+-----------------------------------------------------------------------------------------------------------------------------------------------------------------------------------------------------------------------+
; DEVICE_FAMILY                   ; Cyclone V ; String                                                                                                                                                                                                                ;
; FAST_SIM_MODEL                  ; 0         ; Signed Integer                                                                                                                                                                                                        ;
; OCT_SERIES_TERM_CONTROL_WIDTH   ; 16        ; Signed Integer                                                                                                                                                                                                        ;
; OCT_PARALLEL_TERM_CONTROL_WIDTH ; 16        ; Signed Integer                                                                                                                                                                                                        ;
; MEM_ADDRESS_WIDTH               ; 13        ; Signed Integer                                                                                                                                                                                                        ;
; MEM_BANK_WIDTH                  ; 3         ; Signed Integer                                                                                                                                                                                                        ;
; MEM_CHIP_SELECT_WIDTH           ; 1         ; Signed Integer                                                                                                                                                                                                        ;
; MEM_CLK_EN_WIDTH                ; 1         ; Signed Integer                                                                                                                                                                                                        ;
; MEM_CK_WIDTH                    ; 1         ; Signed Integer                                                                                                                                                                                                        ;
; MEM_ODT_WIDTH                   ; 1         ; Signed Integer                                                                                                                                                                                                        ;
; MEM_DQS_WIDTH                   ; 1         ; Signed Integer                                                                                                                                                                                                        ;
; MEM_DM_WIDTH                    ; 1         ; Signed Integer                                                                                                                                                                                                        ;
; MEM_CONTROL_WIDTH               ; 1         ; Signed Integer                                                                                                                                                                                                        ;
; MEM_DQ_WIDTH                    ; 8         ; Signed Integer                                                                                                                                                                                                        ;
; MEM_READ_DQS_WIDTH              ; 1         ; Signed Integer                                                                                                                                                                                                        ;
; MEM_WRITE_DQS_WIDTH             ; 1         ; Signed Integer                                                                                                                                                                                                        ;
; DLL_DELAY_CTRL_WIDTH            ; 7         ; Signed Integer                                                                                                                                                                                                        ;
; ADC_PHASE_SETTING               ; 0         ; Signed Integer                                                                                                                                                                                                        ;
; ADC_INVERT_PHASE                ; true      ; String                                                                                                                                                                                                                ;
; IS_HHP_HPS                      ; true      ; String                                                                                                                                                                                                                ;
+---------------------------------+-----------+-----------------------------------------------------------------------------------------------------------------------------------------------------------------------------------------------------------------------+
Note: In order to hide this table in the UI and the text report file, please set the "Show Parameter Settings in Synthesis Report" option in "Analysis and Synthesis Settings -> More Settings" to "Off".


+------------------------------------------------------------------------------------------------------------------------------------------------------------------------------------------------------------------------------------------------------------------------------------------------------------------------+
; Parameter Settings for User Entity Instance: HPSfgpa2:u0|HPSfgpa2_hps_0:hps_0|HPSfgpa2_hps_0_hps_io:hps_io|HPSfgpa2_hps_0_hps_io_border:border|hps_sdram:hps_sdram_inst|hps_sdram_p0:p0|hps_sdram_p0_acv_hard_memphy:umemphy|hps_sdram_p0_acv_hard_io_pads:uio_pads|hps_sdram_p0_acv_hard_addr_cmd_pads:uaddr_cmd_pads ;
+-----------------------+-----------+------------------------------------------------------------------------------------------------------------------------------------------------------------------------------------------------------------------------------------------------------------------------------------+
; Parameter Name        ; Value     ; Type                                                                                                                                                                                                                                                                               ;
+-----------------------+-----------+------------------------------------------------------------------------------------------------------------------------------------------------------------------------------------------------------------------------------------------------------------------------------------+
; DEVICE_FAMILY         ; Cyclone V ; String                                                                                                                                                                                                                                                                             ;
; MEM_ADDRESS_WIDTH     ; 13        ; Signed Integer                                                                                                                                                                                                                                                                     ;
; MEM_BANK_WIDTH        ; 3         ; Signed Integer                                                                                                                                                                                                                                                                     ;
; MEM_CHIP_SELECT_WIDTH ; 1         ; Signed Integer                                                                                                                                                                                                                                                                     ;
; MEM_CLK_EN_WIDTH      ; 1         ; Signed Integer                                                                                                                                                                                                                                                                     ;
; MEM_CK_WIDTH          ; 1         ; Signed Integer                                                                                                                                                                                                                                                                     ;
; MEM_ODT_WIDTH         ; 1         ; Signed Integer                                                                                                                                                                                                                                                                     ;
; MEM_CONTROL_WIDTH     ; 1         ; Signed Integer                                                                                                                                                                                                                                                                     ;
; AFI_ADDRESS_WIDTH     ; 52        ; Signed Integer                                                                                                                                                                                                                                                                     ;
; AFI_BANK_WIDTH        ; 12        ; Signed Integer                                                                                                                                                                                                                                                                     ;
; AFI_CHIP_SELECT_WIDTH ; 4         ; Signed Integer                                                                                                                                                                                                                                                                     ;
; AFI_CLK_EN_WIDTH      ; 4         ; Signed Integer                                                                                                                                                                                                                                                                     ;
; AFI_ODT_WIDTH         ; 4         ; Signed Integer                                                                                                                                                                                                                                                                     ;
; AFI_CONTROL_WIDTH     ; 4         ; Signed Integer                                                                                                                                                                                                                                                                     ;
; DLL_WIDTH             ; 7         ; Signed Integer                                                                                                                                                                                                                                                                     ;
; ADC_PHASE_SETTING     ; 0         ; Signed Integer                                                                                                                                                                                                                                                                     ;
; ADC_INVERT_PHASE      ; true      ; String                                                                                                                                                                                                                                                                             ;
; IS_HHP_HPS            ; true      ; String                                                                                                                                                                                                                                                                             ;
+-----------------------+-----------+------------------------------------------------------------------------------------------------------------------------------------------------------------------------------------------------------------------------------------------------------------------------------------+
Note: In order to hide this table in the UI and the text report file, please set the "Show Parameter Settings in Synthesis Report" option in "Analysis and Synthesis Settings -> More Settings" to "Off".


+-----------------------------------------------------------------------------------------------------------------------------------------------------------------------------------------------------------------------------------------------------------------------------------------------------------------------------------------------------------------------+
; Parameter Settings for User Entity Instance: HPSfgpa2:u0|HPSfgpa2_hps_0:hps_0|HPSfgpa2_hps_0_hps_io:hps_io|HPSfgpa2_hps_0_hps_io_border:border|hps_sdram:hps_sdram_inst|hps_sdram_p0:p0|hps_sdram_p0_acv_hard_memphy:umemphy|hps_sdram_p0_acv_hard_io_pads:uio_pads|hps_sdram_p0_acv_hard_addr_cmd_pads:uaddr_cmd_pads|hps_sdram_p0_acv_ldc:address_gen[0].acv_ac_ldc ;
+----------------------+-------+----------------------------------------------------------------------------------------------------------------------------------------------------------------------------------------------------------------------------------------------------------------------------------------------------------------------------------------+
; Parameter Name       ; Value ; Type                                                                                                                                                                                                                                                                                                                                   ;
+----------------------+-------+----------------------------------------------------------------------------------------------------------------------------------------------------------------------------------------------------------------------------------------------------------------------------------------------------------------------------------------+
; DLL_DELAY_CTRL_WIDTH ; 7     ; Signed Integer                                                                                                                                                                                                                                                                                                                         ;
; ADC_PHASE_SETTING    ; 0     ; Signed Integer                                                                                                                                                                                                                                                                                                                         ;
; ADC_INVERT_PHASE     ; true  ; String                                                                                                                                                                                                                                                                                                                                 ;
; IS_HHP_HPS           ; true  ; String                                                                                                                                                                                                                                                                                                                                 ;
+----------------------+-------+----------------------------------------------------------------------------------------------------------------------------------------------------------------------------------------------------------------------------------------------------------------------------------------------------------------------------------------+
Note: In order to hide this table in the UI and the text report file, please set the "Show Parameter Settings in Synthesis Report" option in "Analysis and Synthesis Settings -> More Settings" to "Off".


+-----------------------------------------------------------------------------------------------------------------------------------------------------------------------------------------------------------------------------------------------------------------------------------------------------------------------------------------------------------------------+
; Parameter Settings for User Entity Instance: HPSfgpa2:u0|HPSfgpa2_hps_0:hps_0|HPSfgpa2_hps_0_hps_io:hps_io|HPSfgpa2_hps_0_hps_io_border:border|hps_sdram:hps_sdram_inst|hps_sdram_p0:p0|hps_sdram_p0_acv_hard_memphy:umemphy|hps_sdram_p0_acv_hard_io_pads:uio_pads|hps_sdram_p0_acv_hard_addr_cmd_pads:uaddr_cmd_pads|hps_sdram_p0_acv_ldc:address_gen[1].acv_ac_ldc ;
+----------------------+-------+----------------------------------------------------------------------------------------------------------------------------------------------------------------------------------------------------------------------------------------------------------------------------------------------------------------------------------------+
; Parameter Name       ; Value ; Type                                                                                                                                                                                                                                                                                                                                   ;
+----------------------+-------+----------------------------------------------------------------------------------------------------------------------------------------------------------------------------------------------------------------------------------------------------------------------------------------------------------------------------------------+
; DLL_DELAY_CTRL_WIDTH ; 7     ; Signed Integer                                                                                                                                                                                                                                                                                                                         ;
; ADC_PHASE_SETTING    ; 0     ; Signed Integer                                                                                                                                                                                                                                                                                                                         ;
; ADC_INVERT_PHASE     ; true  ; String                                                                                                                                                                                                                                                                                                                                 ;
; IS_HHP_HPS           ; true  ; String                                                                                                                                                                                                                                                                                                                                 ;
+----------------------+-------+----------------------------------------------------------------------------------------------------------------------------------------------------------------------------------------------------------------------------------------------------------------------------------------------------------------------------------------+
Note: In order to hide this table in the UI and the text report file, please set the "Show Parameter Settings in Synthesis Report" option in "Analysis and Synthesis Settings -> More Settings" to "Off".


+-----------------------------------------------------------------------------------------------------------------------------------------------------------------------------------------------------------------------------------------------------------------------------------------------------------------------------------------------------------------------+
; Parameter Settings for User Entity Instance: HPSfgpa2:u0|HPSfgpa2_hps_0:hps_0|HPSfgpa2_hps_0_hps_io:hps_io|HPSfgpa2_hps_0_hps_io_border:border|hps_sdram:hps_sdram_inst|hps_sdram_p0:p0|hps_sdram_p0_acv_hard_memphy:umemphy|hps_sdram_p0_acv_hard_io_pads:uio_pads|hps_sdram_p0_acv_hard_addr_cmd_pads:uaddr_cmd_pads|hps_sdram_p0_acv_ldc:address_gen[2].acv_ac_ldc ;
+----------------------+-------+----------------------------------------------------------------------------------------------------------------------------------------------------------------------------------------------------------------------------------------------------------------------------------------------------------------------------------------+
; Parameter Name       ; Value ; Type                                                                                                                                                                                                                                                                                                                                   ;
+----------------------+-------+----------------------------------------------------------------------------------------------------------------------------------------------------------------------------------------------------------------------------------------------------------------------------------------------------------------------------------------+
; DLL_DELAY_CTRL_WIDTH ; 7     ; Signed Integer                                                                                                                                                                                                                                                                                                                         ;
; ADC_PHASE_SETTING    ; 0     ; Signed Integer                                                                                                                                                                                                                                                                                                                         ;
; ADC_INVERT_PHASE     ; true  ; String                                                                                                                                                                                                                                                                                                                                 ;
; IS_HHP_HPS           ; true  ; String                                                                                                                                                                                                                                                                                                                                 ;
+----------------------+-------+----------------------------------------------------------------------------------------------------------------------------------------------------------------------------------------------------------------------------------------------------------------------------------------------------------------------------------------+
Note: In order to hide this table in the UI and the text report file, please set the "Show Parameter Settings in Synthesis Report" option in "Analysis and Synthesis Settings -> More Settings" to "Off".


+-----------------------------------------------------------------------------------------------------------------------------------------------------------------------------------------------------------------------------------------------------------------------------------------------------------------------------------------------------------------------+
; Parameter Settings for User Entity Instance: HPSfgpa2:u0|HPSfgpa2_hps_0:hps_0|HPSfgpa2_hps_0_hps_io:hps_io|HPSfgpa2_hps_0_hps_io_border:border|hps_sdram:hps_sdram_inst|hps_sdram_p0:p0|hps_sdram_p0_acv_hard_memphy:umemphy|hps_sdram_p0_acv_hard_io_pads:uio_pads|hps_sdram_p0_acv_hard_addr_cmd_pads:uaddr_cmd_pads|hps_sdram_p0_acv_ldc:address_gen[3].acv_ac_ldc ;
+----------------------+-------+----------------------------------------------------------------------------------------------------------------------------------------------------------------------------------------------------------------------------------------------------------------------------------------------------------------------------------------+
; Parameter Name       ; Value ; Type                                                                                                                                                                                                                                                                                                                                   ;
+----------------------+-------+----------------------------------------------------------------------------------------------------------------------------------------------------------------------------------------------------------------------------------------------------------------------------------------------------------------------------------------+
; DLL_DELAY_CTRL_WIDTH ; 7     ; Signed Integer                                                                                                                                                                                                                                                                                                                         ;
; ADC_PHASE_SETTING    ; 0     ; Signed Integer                                                                                                                                                                                                                                                                                                                         ;
; ADC_INVERT_PHASE     ; true  ; String                                                                                                                                                                                                                                                                                                                                 ;
; IS_HHP_HPS           ; true  ; String                                                                                                                                                                                                                                                                                                                                 ;
+----------------------+-------+----------------------------------------------------------------------------------------------------------------------------------------------------------------------------------------------------------------------------------------------------------------------------------------------------------------------------------------+
Note: In order to hide this table in the UI and the text report file, please set the "Show Parameter Settings in Synthesis Report" option in "Analysis and Synthesis Settings -> More Settings" to "Off".


+-----------------------------------------------------------------------------------------------------------------------------------------------------------------------------------------------------------------------------------------------------------------------------------------------------------------------------------------------------------------------+
; Parameter Settings for User Entity Instance: HPSfgpa2:u0|HPSfgpa2_hps_0:hps_0|HPSfgpa2_hps_0_hps_io:hps_io|HPSfgpa2_hps_0_hps_io_border:border|hps_sdram:hps_sdram_inst|hps_sdram_p0:p0|hps_sdram_p0_acv_hard_memphy:umemphy|hps_sdram_p0_acv_hard_io_pads:uio_pads|hps_sdram_p0_acv_hard_addr_cmd_pads:uaddr_cmd_pads|hps_sdram_p0_acv_ldc:address_gen[4].acv_ac_ldc ;
+----------------------+-------+----------------------------------------------------------------------------------------------------------------------------------------------------------------------------------------------------------------------------------------------------------------------------------------------------------------------------------------+
; Parameter Name       ; Value ; Type                                                                                                                                                                                                                                                                                                                                   ;
+----------------------+-------+----------------------------------------------------------------------------------------------------------------------------------------------------------------------------------------------------------------------------------------------------------------------------------------------------------------------------------------+
; DLL_DELAY_CTRL_WIDTH ; 7     ; Signed Integer                                                                                                                                                                                                                                                                                                                         ;
; ADC_PHASE_SETTING    ; 0     ; Signed Integer                                                                                                                                                                                                                                                                                                                         ;
; ADC_INVERT_PHASE     ; true  ; String                                                                                                                                                                                                                                                                                                                                 ;
; IS_HHP_HPS           ; true  ; String                                                                                                                                                                                                                                                                                                                                 ;
+----------------------+-------+----------------------------------------------------------------------------------------------------------------------------------------------------------------------------------------------------------------------------------------------------------------------------------------------------------------------------------------+
Note: In order to hide this table in the UI and the text report file, please set the "Show Parameter Settings in Synthesis Report" option in "Analysis and Synthesis Settings -> More Settings" to "Off".


+-----------------------------------------------------------------------------------------------------------------------------------------------------------------------------------------------------------------------------------------------------------------------------------------------------------------------------------------------------------------------+
; Parameter Settings for User Entity Instance: HPSfgpa2:u0|HPSfgpa2_hps_0:hps_0|HPSfgpa2_hps_0_hps_io:hps_io|HPSfgpa2_hps_0_hps_io_border:border|hps_sdram:hps_sdram_inst|hps_sdram_p0:p0|hps_sdram_p0_acv_hard_memphy:umemphy|hps_sdram_p0_acv_hard_io_pads:uio_pads|hps_sdram_p0_acv_hard_addr_cmd_pads:uaddr_cmd_pads|hps_sdram_p0_acv_ldc:address_gen[5].acv_ac_ldc ;
+----------------------+-------+----------------------------------------------------------------------------------------------------------------------------------------------------------------------------------------------------------------------------------------------------------------------------------------------------------------------------------------+
; Parameter Name       ; Value ; Type                                                                                                                                                                                                                                                                                                                                   ;
+----------------------+-------+----------------------------------------------------------------------------------------------------------------------------------------------------------------------------------------------------------------------------------------------------------------------------------------------------------------------------------------+
; DLL_DELAY_CTRL_WIDTH ; 7     ; Signed Integer                                                                                                                                                                                                                                                                                                                         ;
; ADC_PHASE_SETTING    ; 0     ; Signed Integer                                                                                                                                                                                                                                                                                                                         ;
; ADC_INVERT_PHASE     ; true  ; String                                                                                                                                                                                                                                                                                                                                 ;
; IS_HHP_HPS           ; true  ; String                                                                                                                                                                                                                                                                                                                                 ;
+----------------------+-------+----------------------------------------------------------------------------------------------------------------------------------------------------------------------------------------------------------------------------------------------------------------------------------------------------------------------------------------+
Note: In order to hide this table in the UI and the text report file, please set the "Show Parameter Settings in Synthesis Report" option in "Analysis and Synthesis Settings -> More Settings" to "Off".


+-----------------------------------------------------------------------------------------------------------------------------------------------------------------------------------------------------------------------------------------------------------------------------------------------------------------------------------------------------------------------+
; Parameter Settings for User Entity Instance: HPSfgpa2:u0|HPSfgpa2_hps_0:hps_0|HPSfgpa2_hps_0_hps_io:hps_io|HPSfgpa2_hps_0_hps_io_border:border|hps_sdram:hps_sdram_inst|hps_sdram_p0:p0|hps_sdram_p0_acv_hard_memphy:umemphy|hps_sdram_p0_acv_hard_io_pads:uio_pads|hps_sdram_p0_acv_hard_addr_cmd_pads:uaddr_cmd_pads|hps_sdram_p0_acv_ldc:address_gen[6].acv_ac_ldc ;
+----------------------+-------+----------------------------------------------------------------------------------------------------------------------------------------------------------------------------------------------------------------------------------------------------------------------------------------------------------------------------------------+
; Parameter Name       ; Value ; Type                                                                                                                                                                                                                                                                                                                                   ;
+----------------------+-------+----------------------------------------------------------------------------------------------------------------------------------------------------------------------------------------------------------------------------------------------------------------------------------------------------------------------------------------+
; DLL_DELAY_CTRL_WIDTH ; 7     ; Signed Integer                                                                                                                                                                                                                                                                                                                         ;
; ADC_PHASE_SETTING    ; 0     ; Signed Integer                                                                                                                                                                                                                                                                                                                         ;
; ADC_INVERT_PHASE     ; true  ; String                                                                                                                                                                                                                                                                                                                                 ;
; IS_HHP_HPS           ; true  ; String                                                                                                                                                                                                                                                                                                                                 ;
+----------------------+-------+----------------------------------------------------------------------------------------------------------------------------------------------------------------------------------------------------------------------------------------------------------------------------------------------------------------------------------------+
Note: In order to hide this table in the UI and the text report file, please set the "Show Parameter Settings in Synthesis Report" option in "Analysis and Synthesis Settings -> More Settings" to "Off".


+-----------------------------------------------------------------------------------------------------------------------------------------------------------------------------------------------------------------------------------------------------------------------------------------------------------------------------------------------------------------------+
; Parameter Settings for User Entity Instance: HPSfgpa2:u0|HPSfgpa2_hps_0:hps_0|HPSfgpa2_hps_0_hps_io:hps_io|HPSfgpa2_hps_0_hps_io_border:border|hps_sdram:hps_sdram_inst|hps_sdram_p0:p0|hps_sdram_p0_acv_hard_memphy:umemphy|hps_sdram_p0_acv_hard_io_pads:uio_pads|hps_sdram_p0_acv_hard_addr_cmd_pads:uaddr_cmd_pads|hps_sdram_p0_acv_ldc:address_gen[7].acv_ac_ldc ;
+----------------------+-------+----------------------------------------------------------------------------------------------------------------------------------------------------------------------------------------------------------------------------------------------------------------------------------------------------------------------------------------+
; Parameter Name       ; Value ; Type                                                                                                                                                                                                                                                                                                                                   ;
+----------------------+-------+----------------------------------------------------------------------------------------------------------------------------------------------------------------------------------------------------------------------------------------------------------------------------------------------------------------------------------------+
; DLL_DELAY_CTRL_WIDTH ; 7     ; Signed Integer                                                                                                                                                                                                                                                                                                                         ;
; ADC_PHASE_SETTING    ; 0     ; Signed Integer                                                                                                                                                                                                                                                                                                                         ;
; ADC_INVERT_PHASE     ; true  ; String                                                                                                                                                                                                                                                                                                                                 ;
; IS_HHP_HPS           ; true  ; String                                                                                                                                                                                                                                                                                                                                 ;
+----------------------+-------+----------------------------------------------------------------------------------------------------------------------------------------------------------------------------------------------------------------------------------------------------------------------------------------------------------------------------------------+
Note: In order to hide this table in the UI and the text report file, please set the "Show Parameter Settings in Synthesis Report" option in "Analysis and Synthesis Settings -> More Settings" to "Off".


+-----------------------------------------------------------------------------------------------------------------------------------------------------------------------------------------------------------------------------------------------------------------------------------------------------------------------------------------------------------------------+
; Parameter Settings for User Entity Instance: HPSfgpa2:u0|HPSfgpa2_hps_0:hps_0|HPSfgpa2_hps_0_hps_io:hps_io|HPSfgpa2_hps_0_hps_io_border:border|hps_sdram:hps_sdram_inst|hps_sdram_p0:p0|hps_sdram_p0_acv_hard_memphy:umemphy|hps_sdram_p0_acv_hard_io_pads:uio_pads|hps_sdram_p0_acv_hard_addr_cmd_pads:uaddr_cmd_pads|hps_sdram_p0_acv_ldc:address_gen[8].acv_ac_ldc ;
+----------------------+-------+----------------------------------------------------------------------------------------------------------------------------------------------------------------------------------------------------------------------------------------------------------------------------------------------------------------------------------------+
; Parameter Name       ; Value ; Type                                                                                                                                                                                                                                                                                                                                   ;
+----------------------+-------+----------------------------------------------------------------------------------------------------------------------------------------------------------------------------------------------------------------------------------------------------------------------------------------------------------------------------------------+
; DLL_DELAY_CTRL_WIDTH ; 7     ; Signed Integer                                                                                                                                                                                                                                                                                                                         ;
; ADC_PHASE_SETTING    ; 0     ; Signed Integer                                                                                                                                                                                                                                                                                                                         ;
; ADC_INVERT_PHASE     ; true  ; String                                                                                                                                                                                                                                                                                                                                 ;
; IS_HHP_HPS           ; true  ; String                                                                                                                                                                                                                                                                                                                                 ;
+----------------------+-------+----------------------------------------------------------------------------------------------------------------------------------------------------------------------------------------------------------------------------------------------------------------------------------------------------------------------------------------+
Note: In order to hide this table in the UI and the text report file, please set the "Show Parameter Settings in Synthesis Report" option in "Analysis and Synthesis Settings -> More Settings" to "Off".


+-----------------------------------------------------------------------------------------------------------------------------------------------------------------------------------------------------------------------------------------------------------------------------------------------------------------------------------------------------------------------+
; Parameter Settings for User Entity Instance: HPSfgpa2:u0|HPSfgpa2_hps_0:hps_0|HPSfgpa2_hps_0_hps_io:hps_io|HPSfgpa2_hps_0_hps_io_border:border|hps_sdram:hps_sdram_inst|hps_sdram_p0:p0|hps_sdram_p0_acv_hard_memphy:umemphy|hps_sdram_p0_acv_hard_io_pads:uio_pads|hps_sdram_p0_acv_hard_addr_cmd_pads:uaddr_cmd_pads|hps_sdram_p0_acv_ldc:address_gen[9].acv_ac_ldc ;
+----------------------+-------+----------------------------------------------------------------------------------------------------------------------------------------------------------------------------------------------------------------------------------------------------------------------------------------------------------------------------------------+
; Parameter Name       ; Value ; Type                                                                                                                                                                                                                                                                                                                                   ;
+----------------------+-------+----------------------------------------------------------------------------------------------------------------------------------------------------------------------------------------------------------------------------------------------------------------------------------------------------------------------------------------+
; DLL_DELAY_CTRL_WIDTH ; 7     ; Signed Integer                                                                                                                                                                                                                                                                                                                         ;
; ADC_PHASE_SETTING    ; 0     ; Signed Integer                                                                                                                                                                                                                                                                                                                         ;
; ADC_INVERT_PHASE     ; true  ; String                                                                                                                                                                                                                                                                                                                                 ;
; IS_HHP_HPS           ; true  ; String                                                                                                                                                                                                                                                                                                                                 ;
+----------------------+-------+----------------------------------------------------------------------------------------------------------------------------------------------------------------------------------------------------------------------------------------------------------------------------------------------------------------------------------------+
Note: In order to hide this table in the UI and the text report file, please set the "Show Parameter Settings in Synthesis Report" option in "Analysis and Synthesis Settings -> More Settings" to "Off".


+------------------------------------------------------------------------------------------------------------------------------------------------------------------------------------------------------------------------------------------------------------------------------------------------------------------------------------------------------------------------+
; Parameter Settings for User Entity Instance: HPSfgpa2:u0|HPSfgpa2_hps_0:hps_0|HPSfgpa2_hps_0_hps_io:hps_io|HPSfgpa2_hps_0_hps_io_border:border|hps_sdram:hps_sdram_inst|hps_sdram_p0:p0|hps_sdram_p0_acv_hard_memphy:umemphy|hps_sdram_p0_acv_hard_io_pads:uio_pads|hps_sdram_p0_acv_hard_addr_cmd_pads:uaddr_cmd_pads|hps_sdram_p0_acv_ldc:address_gen[10].acv_ac_ldc ;
+----------------------+-------+-----------------------------------------------------------------------------------------------------------------------------------------------------------------------------------------------------------------------------------------------------------------------------------------------------------------------------------------+
; Parameter Name       ; Value ; Type                                                                                                                                                                                                                                                                                                                                    ;
+----------------------+-------+-----------------------------------------------------------------------------------------------------------------------------------------------------------------------------------------------------------------------------------------------------------------------------------------------------------------------------------------+
; DLL_DELAY_CTRL_WIDTH ; 7     ; Signed Integer                                                                                                                                                                                                                                                                                                                          ;
; ADC_PHASE_SETTING    ; 0     ; Signed Integer                                                                                                                                                                                                                                                                                                                          ;
; ADC_INVERT_PHASE     ; true  ; String                                                                                                                                                                                                                                                                                                                                  ;
; IS_HHP_HPS           ; true  ; String                                                                                                                                                                                                                                                                                                                                  ;
+----------------------+-------+-----------------------------------------------------------------------------------------------------------------------------------------------------------------------------------------------------------------------------------------------------------------------------------------------------------------------------------------+
Note: In order to hide this table in the UI and the text report file, please set the "Show Parameter Settings in Synthesis Report" option in "Analysis and Synthesis Settings -> More Settings" to "Off".


+------------------------------------------------------------------------------------------------------------------------------------------------------------------------------------------------------------------------------------------------------------------------------------------------------------------------------------------------------------------------+
; Parameter Settings for User Entity Instance: HPSfgpa2:u0|HPSfgpa2_hps_0:hps_0|HPSfgpa2_hps_0_hps_io:hps_io|HPSfgpa2_hps_0_hps_io_border:border|hps_sdram:hps_sdram_inst|hps_sdram_p0:p0|hps_sdram_p0_acv_hard_memphy:umemphy|hps_sdram_p0_acv_hard_io_pads:uio_pads|hps_sdram_p0_acv_hard_addr_cmd_pads:uaddr_cmd_pads|hps_sdram_p0_acv_ldc:address_gen[11].acv_ac_ldc ;
+----------------------+-------+-----------------------------------------------------------------------------------------------------------------------------------------------------------------------------------------------------------------------------------------------------------------------------------------------------------------------------------------+
; Parameter Name       ; Value ; Type                                                                                                                                                                                                                                                                                                                                    ;
+----------------------+-------+-----------------------------------------------------------------------------------------------------------------------------------------------------------------------------------------------------------------------------------------------------------------------------------------------------------------------------------------+
; DLL_DELAY_CTRL_WIDTH ; 7     ; Signed Integer                                                                                                                                                                                                                                                                                                                          ;
; ADC_PHASE_SETTING    ; 0     ; Signed Integer                                                                                                                                                                                                                                                                                                                          ;
; ADC_INVERT_PHASE     ; true  ; String                                                                                                                                                                                                                                                                                                                                  ;
; IS_HHP_HPS           ; true  ; String                                                                                                                                                                                                                                                                                                                                  ;
+----------------------+-------+-----------------------------------------------------------------------------------------------------------------------------------------------------------------------------------------------------------------------------------------------------------------------------------------------------------------------------------------+
Note: In order to hide this table in the UI and the text report file, please set the "Show Parameter Settings in Synthesis Report" option in "Analysis and Synthesis Settings -> More Settings" to "Off".


+------------------------------------------------------------------------------------------------------------------------------------------------------------------------------------------------------------------------------------------------------------------------------------------------------------------------------------------------------------------------+
; Parameter Settings for User Entity Instance: HPSfgpa2:u0|HPSfgpa2_hps_0:hps_0|HPSfgpa2_hps_0_hps_io:hps_io|HPSfgpa2_hps_0_hps_io_border:border|hps_sdram:hps_sdram_inst|hps_sdram_p0:p0|hps_sdram_p0_acv_hard_memphy:umemphy|hps_sdram_p0_acv_hard_io_pads:uio_pads|hps_sdram_p0_acv_hard_addr_cmd_pads:uaddr_cmd_pads|hps_sdram_p0_acv_ldc:address_gen[12].acv_ac_ldc ;
+----------------------+-------+-----------------------------------------------------------------------------------------------------------------------------------------------------------------------------------------------------------------------------------------------------------------------------------------------------------------------------------------+
; Parameter Name       ; Value ; Type                                                                                                                                                                                                                                                                                                                                    ;
+----------------------+-------+-----------------------------------------------------------------------------------------------------------------------------------------------------------------------------------------------------------------------------------------------------------------------------------------------------------------------------------------+
; DLL_DELAY_CTRL_WIDTH ; 7     ; Signed Integer                                                                                                                                                                                                                                                                                                                          ;
; ADC_PHASE_SETTING    ; 0     ; Signed Integer                                                                                                                                                                                                                                                                                                                          ;
; ADC_INVERT_PHASE     ; true  ; String                                                                                                                                                                                                                                                                                                                                  ;
; IS_HHP_HPS           ; true  ; String                                                                                                                                                                                                                                                                                                                                  ;
+----------------------+-------+-----------------------------------------------------------------------------------------------------------------------------------------------------------------------------------------------------------------------------------------------------------------------------------------------------------------------------------------+
Note: In order to hide this table in the UI and the text report file, please set the "Show Parameter Settings in Synthesis Report" option in "Analysis and Synthesis Settings -> More Settings" to "Off".


+------------------------------------------------------------------------------------------------------------------------------------------------------------------------------------------------------------------------------------------------------------------------------------------------------------------------------------------------------------------------+
; Parameter Settings for User Entity Instance: HPSfgpa2:u0|HPSfgpa2_hps_0:hps_0|HPSfgpa2_hps_0_hps_io:hps_io|HPSfgpa2_hps_0_hps_io_border:border|hps_sdram:hps_sdram_inst|hps_sdram_p0:p0|hps_sdram_p0_acv_hard_memphy:umemphy|hps_sdram_p0_acv_hard_io_pads:uio_pads|hps_sdram_p0_acv_hard_addr_cmd_pads:uaddr_cmd_pads|hps_sdram_p0_acv_ldc:address_gen[13].acv_ac_ldc ;
+----------------------+-------+-----------------------------------------------------------------------------------------------------------------------------------------------------------------------------------------------------------------------------------------------------------------------------------------------------------------------------------------+
; Parameter Name       ; Value ; Type                                                                                                                                                                                                                                                                                                                                    ;
+----------------------+-------+-----------------------------------------------------------------------------------------------------------------------------------------------------------------------------------------------------------------------------------------------------------------------------------------------------------------------------------------+
; DLL_DELAY_CTRL_WIDTH ; 7     ; Signed Integer                                                                                                                                                                                                                                                                                                                          ;
; ADC_PHASE_SETTING    ; 0     ; Signed Integer                                                                                                                                                                                                                                                                                                                          ;
; ADC_INVERT_PHASE     ; true  ; String                                                                                                                                                                                                                                                                                                                                  ;
; IS_HHP_HPS           ; true  ; String                                                                                                                                                                                                                                                                                                                                  ;
+----------------------+-------+-----------------------------------------------------------------------------------------------------------------------------------------------------------------------------------------------------------------------------------------------------------------------------------------------------------------------------------------+
Note: In order to hide this table in the UI and the text report file, please set the "Show Parameter Settings in Synthesis Report" option in "Analysis and Synthesis Settings -> More Settings" to "Off".


+------------------------------------------------------------------------------------------------------------------------------------------------------------------------------------------------------------------------------------------------------------------------------------------------------------------------------------------------------------------------+
; Parameter Settings for User Entity Instance: HPSfgpa2:u0|HPSfgpa2_hps_0:hps_0|HPSfgpa2_hps_0_hps_io:hps_io|HPSfgpa2_hps_0_hps_io_border:border|hps_sdram:hps_sdram_inst|hps_sdram_p0:p0|hps_sdram_p0_acv_hard_memphy:umemphy|hps_sdram_p0_acv_hard_io_pads:uio_pads|hps_sdram_p0_acv_hard_addr_cmd_pads:uaddr_cmd_pads|hps_sdram_p0_acv_ldc:address_gen[14].acv_ac_ldc ;
+----------------------+-------+-----------------------------------------------------------------------------------------------------------------------------------------------------------------------------------------------------------------------------------------------------------------------------------------------------------------------------------------+
; Parameter Name       ; Value ; Type                                                                                                                                                                                                                                                                                                                                    ;
+----------------------+-------+-----------------------------------------------------------------------------------------------------------------------------------------------------------------------------------------------------------------------------------------------------------------------------------------------------------------------------------------+
; DLL_DELAY_CTRL_WIDTH ; 7     ; Signed Integer                                                                                                                                                                                                                                                                                                                          ;
; ADC_PHASE_SETTING    ; 0     ; Signed Integer                                                                                                                                                                                                                                                                                                                          ;
; ADC_INVERT_PHASE     ; true  ; String                                                                                                                                                                                                                                                                                                                                  ;
; IS_HHP_HPS           ; true  ; String                                                                                                                                                                                                                                                                                                                                  ;
+----------------------+-------+-----------------------------------------------------------------------------------------------------------------------------------------------------------------------------------------------------------------------------------------------------------------------------------------------------------------------------------------+
Note: In order to hide this table in the UI and the text report file, please set the "Show Parameter Settings in Synthesis Report" option in "Analysis and Synthesis Settings -> More Settings" to "Off".


+------------------------------------------------------------------------------------------------------------------------------------------------------------------------------------------------------------------------------------------------------------------------------------------------------------------------------------------------------------------------+
; Parameter Settings for User Entity Instance: HPSfgpa2:u0|HPSfgpa2_hps_0:hps_0|HPSfgpa2_hps_0_hps_io:hps_io|HPSfgpa2_hps_0_hps_io_border:border|hps_sdram:hps_sdram_inst|hps_sdram_p0:p0|hps_sdram_p0_acv_hard_memphy:umemphy|hps_sdram_p0_acv_hard_io_pads:uio_pads|hps_sdram_p0_acv_hard_addr_cmd_pads:uaddr_cmd_pads|hps_sdram_p0_acv_ldc:address_gen[15].acv_ac_ldc ;
+----------------------+-------+-----------------------------------------------------------------------------------------------------------------------------------------------------------------------------------------------------------------------------------------------------------------------------------------------------------------------------------------+
; Parameter Name       ; Value ; Type                                                                                                                                                                                                                                                                                                                                    ;
+----------------------+-------+-----------------------------------------------------------------------------------------------------------------------------------------------------------------------------------------------------------------------------------------------------------------------------------------------------------------------------------------+
; DLL_DELAY_CTRL_WIDTH ; 7     ; Signed Integer                                                                                                                                                                                                                                                                                                                          ;
; ADC_PHASE_SETTING    ; 0     ; Signed Integer                                                                                                                                                                                                                                                                                                                          ;
; ADC_INVERT_PHASE     ; true  ; String                                                                                                                                                                                                                                                                                                                                  ;
; IS_HHP_HPS           ; true  ; String                                                                                                                                                                                                                                                                                                                                  ;
+----------------------+-------+-----------------------------------------------------------------------------------------------------------------------------------------------------------------------------------------------------------------------------------------------------------------------------------------------------------------------------------------+
Note: In order to hide this table in the UI and the text report file, please set the "Show Parameter Settings in Synthesis Report" option in "Analysis and Synthesis Settings -> More Settings" to "Off".


+------------------------------------------------------------------------------------------------------------------------------------------------------------------------------------------------------------------------------------------------------------------------------------------------------------------------------------------------------------------------+
; Parameter Settings for User Entity Instance: HPSfgpa2:u0|HPSfgpa2_hps_0:hps_0|HPSfgpa2_hps_0_hps_io:hps_io|HPSfgpa2_hps_0_hps_io_border:border|hps_sdram:hps_sdram_inst|hps_sdram_p0:p0|hps_sdram_p0_acv_hard_memphy:umemphy|hps_sdram_p0_acv_hard_io_pads:uio_pads|hps_sdram_p0_acv_hard_addr_cmd_pads:uaddr_cmd_pads|hps_sdram_p0_acv_ldc:address_gen[16].acv_ac_ldc ;
+----------------------+-------+-----------------------------------------------------------------------------------------------------------------------------------------------------------------------------------------------------------------------------------------------------------------------------------------------------------------------------------------+
; Parameter Name       ; Value ; Type                                                                                                                                                                                                                                                                                                                                    ;
+----------------------+-------+-----------------------------------------------------------------------------------------------------------------------------------------------------------------------------------------------------------------------------------------------------------------------------------------------------------------------------------------+
; DLL_DELAY_CTRL_WIDTH ; 7     ; Signed Integer                                                                                                                                                                                                                                                                                                                          ;
; ADC_PHASE_SETTING    ; 0     ; Signed Integer                                                                                                                                                                                                                                                                                                                          ;
; ADC_INVERT_PHASE     ; true  ; String                                                                                                                                                                                                                                                                                                                                  ;
; IS_HHP_HPS           ; true  ; String                                                                                                                                                                                                                                                                                                                                  ;
+----------------------+-------+-----------------------------------------------------------------------------------------------------------------------------------------------------------------------------------------------------------------------------------------------------------------------------------------------------------------------------------------+
Note: In order to hide this table in the UI and the text report file, please set the "Show Parameter Settings in Synthesis Report" option in "Analysis and Synthesis Settings -> More Settings" to "Off".


+------------------------------------------------------------------------------------------------------------------------------------------------------------------------------------------------------------------------------------------------------------------------------------------------------------------------------------------------------------------------+
; Parameter Settings for User Entity Instance: HPSfgpa2:u0|HPSfgpa2_hps_0:hps_0|HPSfgpa2_hps_0_hps_io:hps_io|HPSfgpa2_hps_0_hps_io_border:border|hps_sdram:hps_sdram_inst|hps_sdram_p0:p0|hps_sdram_p0_acv_hard_memphy:umemphy|hps_sdram_p0_acv_hard_io_pads:uio_pads|hps_sdram_p0_acv_hard_addr_cmd_pads:uaddr_cmd_pads|hps_sdram_p0_acv_ldc:address_gen[17].acv_ac_ldc ;
+----------------------+-------+-----------------------------------------------------------------------------------------------------------------------------------------------------------------------------------------------------------------------------------------------------------------------------------------------------------------------------------------+
; Parameter Name       ; Value ; Type                                                                                                                                                                                                                                                                                                                                    ;
+----------------------+-------+-----------------------------------------------------------------------------------------------------------------------------------------------------------------------------------------------------------------------------------------------------------------------------------------------------------------------------------------+
; DLL_DELAY_CTRL_WIDTH ; 7     ; Signed Integer                                                                                                                                                                                                                                                                                                                          ;
; ADC_PHASE_SETTING    ; 0     ; Signed Integer                                                                                                                                                                                                                                                                                                                          ;
; ADC_INVERT_PHASE     ; true  ; String                                                                                                                                                                                                                                                                                                                                  ;
; IS_HHP_HPS           ; true  ; String                                                                                                                                                                                                                                                                                                                                  ;
+----------------------+-------+-----------------------------------------------------------------------------------------------------------------------------------------------------------------------------------------------------------------------------------------------------------------------------------------------------------------------------------------+
Note: In order to hide this table in the UI and the text report file, please set the "Show Parameter Settings in Synthesis Report" option in "Analysis and Synthesis Settings -> More Settings" to "Off".


+------------------------------------------------------------------------------------------------------------------------------------------------------------------------------------------------------------------------------------------------------------------------------------------------------------------------------------------------------------------------+
; Parameter Settings for User Entity Instance: HPSfgpa2:u0|HPSfgpa2_hps_0:hps_0|HPSfgpa2_hps_0_hps_io:hps_io|HPSfgpa2_hps_0_hps_io_border:border|hps_sdram:hps_sdram_inst|hps_sdram_p0:p0|hps_sdram_p0_acv_hard_memphy:umemphy|hps_sdram_p0_acv_hard_io_pads:uio_pads|hps_sdram_p0_acv_hard_addr_cmd_pads:uaddr_cmd_pads|hps_sdram_p0_acv_ldc:address_gen[18].acv_ac_ldc ;
+----------------------+-------+-----------------------------------------------------------------------------------------------------------------------------------------------------------------------------------------------------------------------------------------------------------------------------------------------------------------------------------------+
; Parameter Name       ; Value ; Type                                                                                                                                                                                                                                                                                                                                    ;
+----------------------+-------+-----------------------------------------------------------------------------------------------------------------------------------------------------------------------------------------------------------------------------------------------------------------------------------------------------------------------------------------+
; DLL_DELAY_CTRL_WIDTH ; 7     ; Signed Integer                                                                                                                                                                                                                                                                                                                          ;
; ADC_PHASE_SETTING    ; 0     ; Signed Integer                                                                                                                                                                                                                                                                                                                          ;
; ADC_INVERT_PHASE     ; true  ; String                                                                                                                                                                                                                                                                                                                                  ;
; IS_HHP_HPS           ; true  ; String                                                                                                                                                                                                                                                                                                                                  ;
+----------------------+-------+-----------------------------------------------------------------------------------------------------------------------------------------------------------------------------------------------------------------------------------------------------------------------------------------------------------------------------------------+
Note: In order to hide this table in the UI and the text report file, please set the "Show Parameter Settings in Synthesis Report" option in "Analysis and Synthesis Settings -> More Settings" to "Off".


+------------------------------------------------------------------------------------------------------------------------------------------------------------------------------------------------------------------------------------------------------------------------------------------------------------------------------------------------------------------------+
; Parameter Settings for User Entity Instance: HPSfgpa2:u0|HPSfgpa2_hps_0:hps_0|HPSfgpa2_hps_0_hps_io:hps_io|HPSfgpa2_hps_0_hps_io_border:border|hps_sdram:hps_sdram_inst|hps_sdram_p0:p0|hps_sdram_p0_acv_hard_memphy:umemphy|hps_sdram_p0_acv_hard_io_pads:uio_pads|hps_sdram_p0_acv_hard_addr_cmd_pads:uaddr_cmd_pads|hps_sdram_p0_acv_ldc:address_gen[19].acv_ac_ldc ;
+----------------------+-------+-----------------------------------------------------------------------------------------------------------------------------------------------------------------------------------------------------------------------------------------------------------------------------------------------------------------------------------------+
; Parameter Name       ; Value ; Type                                                                                                                                                                                                                                                                                                                                    ;
+----------------------+-------+-----------------------------------------------------------------------------------------------------------------------------------------------------------------------------------------------------------------------------------------------------------------------------------------------------------------------------------------+
; DLL_DELAY_CTRL_WIDTH ; 7     ; Signed Integer                                                                                                                                                                                                                                                                                                                          ;
; ADC_PHASE_SETTING    ; 0     ; Signed Integer                                                                                                                                                                                                                                                                                                                          ;
; ADC_INVERT_PHASE     ; true  ; String                                                                                                                                                                                                                                                                                                                                  ;
; IS_HHP_HPS           ; true  ; String                                                                                                                                                                                                                                                                                                                                  ;
+----------------------+-------+-----------------------------------------------------------------------------------------------------------------------------------------------------------------------------------------------------------------------------------------------------------------------------------------------------------------------------------------+
Note: In order to hide this table in the UI and the text report file, please set the "Show Parameter Settings in Synthesis Report" option in "Analysis and Synthesis Settings -> More Settings" to "Off".


+------------------------------------------------------------------------------------------------------------------------------------------------------------------------------------------------------------------------------------------------------------------------------------------------------------------------------------------------------------------------+
; Parameter Settings for User Entity Instance: HPSfgpa2:u0|HPSfgpa2_hps_0:hps_0|HPSfgpa2_hps_0_hps_io:hps_io|HPSfgpa2_hps_0_hps_io_border:border|hps_sdram:hps_sdram_inst|hps_sdram_p0:p0|hps_sdram_p0_acv_hard_memphy:umemphy|hps_sdram_p0_acv_hard_io_pads:uio_pads|hps_sdram_p0_acv_hard_addr_cmd_pads:uaddr_cmd_pads|hps_sdram_p0_acv_ldc:address_gen[20].acv_ac_ldc ;
+----------------------+-------+-----------------------------------------------------------------------------------------------------------------------------------------------------------------------------------------------------------------------------------------------------------------------------------------------------------------------------------------+
; Parameter Name       ; Value ; Type                                                                                                                                                                                                                                                                                                                                    ;
+----------------------+-------+-----------------------------------------------------------------------------------------------------------------------------------------------------------------------------------------------------------------------------------------------------------------------------------------------------------------------------------------+
; DLL_DELAY_CTRL_WIDTH ; 7     ; Signed Integer                                                                                                                                                                                                                                                                                                                          ;
; ADC_PHASE_SETTING    ; 0     ; Signed Integer                                                                                                                                                                                                                                                                                                                          ;
; ADC_INVERT_PHASE     ; true  ; String                                                                                                                                                                                                                                                                                                                                  ;
; IS_HHP_HPS           ; true  ; String                                                                                                                                                                                                                                                                                                                                  ;
+----------------------+-------+-----------------------------------------------------------------------------------------------------------------------------------------------------------------------------------------------------------------------------------------------------------------------------------------------------------------------------------------+
Note: In order to hide this table in the UI and the text report file, please set the "Show Parameter Settings in Synthesis Report" option in "Analysis and Synthesis Settings -> More Settings" to "Off".


+------------------------------------------------------------------------------------------------------------------------------------------------------------------------------------------------------------------------------------------------------------------------------------------------------------------------------------------------------------------------+
; Parameter Settings for User Entity Instance: HPSfgpa2:u0|HPSfgpa2_hps_0:hps_0|HPSfgpa2_hps_0_hps_io:hps_io|HPSfgpa2_hps_0_hps_io_border:border|hps_sdram:hps_sdram_inst|hps_sdram_p0:p0|hps_sdram_p0_acv_hard_memphy:umemphy|hps_sdram_p0_acv_hard_io_pads:uio_pads|hps_sdram_p0_acv_hard_addr_cmd_pads:uaddr_cmd_pads|hps_sdram_p0_acv_ldc:address_gen[21].acv_ac_ldc ;
+----------------------+-------+-----------------------------------------------------------------------------------------------------------------------------------------------------------------------------------------------------------------------------------------------------------------------------------------------------------------------------------------+
; Parameter Name       ; Value ; Type                                                                                                                                                                                                                                                                                                                                    ;
+----------------------+-------+-----------------------------------------------------------------------------------------------------------------------------------------------------------------------------------------------------------------------------------------------------------------------------------------------------------------------------------------+
; DLL_DELAY_CTRL_WIDTH ; 7     ; Signed Integer                                                                                                                                                                                                                                                                                                                          ;
; ADC_PHASE_SETTING    ; 0     ; Signed Integer                                                                                                                                                                                                                                                                                                                          ;
; ADC_INVERT_PHASE     ; true  ; String                                                                                                                                                                                                                                                                                                                                  ;
; IS_HHP_HPS           ; true  ; String                                                                                                                                                                                                                                                                                                                                  ;
+----------------------+-------+-----------------------------------------------------------------------------------------------------------------------------------------------------------------------------------------------------------------------------------------------------------------------------------------------------------------------------------------+
Note: In order to hide this table in the UI and the text report file, please set the "Show Parameter Settings in Synthesis Report" option in "Analysis and Synthesis Settings -> More Settings" to "Off".


+------------------------------------------------------------------------------------------------------------------------------------------------------------------------------------------------------------------------------------------------------------------------------------------------------------------------------------------------------------------------+
; Parameter Settings for User Entity Instance: HPSfgpa2:u0|HPSfgpa2_hps_0:hps_0|HPSfgpa2_hps_0_hps_io:hps_io|HPSfgpa2_hps_0_hps_io_border:border|hps_sdram:hps_sdram_inst|hps_sdram_p0:p0|hps_sdram_p0_acv_hard_memphy:umemphy|hps_sdram_p0_acv_hard_io_pads:uio_pads|hps_sdram_p0_acv_hard_addr_cmd_pads:uaddr_cmd_pads|hps_sdram_p0_acv_ldc:address_gen[22].acv_ac_ldc ;
+----------------------+-------+-----------------------------------------------------------------------------------------------------------------------------------------------------------------------------------------------------------------------------------------------------------------------------------------------------------------------------------------+
; Parameter Name       ; Value ; Type                                                                                                                                                                                                                                                                                                                                    ;
+----------------------+-------+-----------------------------------------------------------------------------------------------------------------------------------------------------------------------------------------------------------------------------------------------------------------------------------------------------------------------------------------+
; DLL_DELAY_CTRL_WIDTH ; 7     ; Signed Integer                                                                                                                                                                                                                                                                                                                          ;
; ADC_PHASE_SETTING    ; 0     ; Signed Integer                                                                                                                                                                                                                                                                                                                          ;
; ADC_INVERT_PHASE     ; true  ; String                                                                                                                                                                                                                                                                                                                                  ;
; IS_HHP_HPS           ; true  ; String                                                                                                                                                                                                                                                                                                                                  ;
+----------------------+-------+-----------------------------------------------------------------------------------------------------------------------------------------------------------------------------------------------------------------------------------------------------------------------------------------------------------------------------------------+
Note: In order to hide this table in the UI and the text report file, please set the "Show Parameter Settings in Synthesis Report" option in "Analysis and Synthesis Settings -> More Settings" to "Off".


+---------------------------------------------------------------------------------------------------------------------------------------------------------------------------------------------------------------------------------------------------------------------------------------------------------------------------------------------------------------+
; Parameter Settings for User Entity Instance: HPSfgpa2:u0|HPSfgpa2_hps_0:hps_0|HPSfgpa2_hps_0_hps_io:hps_io|HPSfgpa2_hps_0_hps_io_border:border|hps_sdram:hps_sdram_inst|hps_sdram_p0:p0|hps_sdram_p0_acv_hard_memphy:umemphy|hps_sdram_p0_acv_hard_io_pads:uio_pads|hps_sdram_p0_acv_hard_addr_cmd_pads:uaddr_cmd_pads|hps_sdram_p0_generic_ddio:uaddress_pad ;
+----------------+-------+--------------------------------------------------------------------------------------------------------------------------------------------------------------------------------------------------------------------------------------------------------------------------------------------------------------------------------------+
; Parameter Name ; Value ; Type                                                                                                                                                                                                                                                                                                                                 ;
+----------------+-------+--------------------------------------------------------------------------------------------------------------------------------------------------------------------------------------------------------------------------------------------------------------------------------------------------------------------------------------+
; WIDTH          ; 13    ; Signed Integer                                                                                                                                                                                                                                                                                                                       ;
+----------------+-------+--------------------------------------------------------------------------------------------------------------------------------------------------------------------------------------------------------------------------------------------------------------------------------------------------------------------------------------+
Note: In order to hide this table in the UI and the text report file, please set the "Show Parameter Settings in Synthesis Report" option in "Analysis and Synthesis Settings -> More Settings" to "Off".


+------------------------------------------------------------------------------------------------------------------------------------------------------------------------------------------------------------------------------------------------------------------------------------------------------------------------------------------------------------+
; Parameter Settings for User Entity Instance: HPSfgpa2:u0|HPSfgpa2_hps_0:hps_0|HPSfgpa2_hps_0_hps_io:hps_io|HPSfgpa2_hps_0_hps_io_border:border|hps_sdram:hps_sdram_inst|hps_sdram_p0:p0|hps_sdram_p0_acv_hard_memphy:umemphy|hps_sdram_p0_acv_hard_io_pads:uio_pads|hps_sdram_p0_acv_hard_addr_cmd_pads:uaddr_cmd_pads|hps_sdram_p0_generic_ddio:ubank_pad ;
+----------------+-------+-----------------------------------------------------------------------------------------------------------------------------------------------------------------------------------------------------------------------------------------------------------------------------------------------------------------------------------+
; Parameter Name ; Value ; Type                                                                                                                                                                                                                                                                                                                              ;
+----------------+-------+-----------------------------------------------------------------------------------------------------------------------------------------------------------------------------------------------------------------------------------------------------------------------------------------------------------------------------------+
; WIDTH          ; 3     ; Signed Integer                                                                                                                                                                                                                                                                                                                    ;
+----------------+-------+-----------------------------------------------------------------------------------------------------------------------------------------------------------------------------------------------------------------------------------------------------------------------------------------------------------------------------------+
Note: In order to hide this table in the UI and the text report file, please set the "Show Parameter Settings in Synthesis Report" option in "Analysis and Synthesis Settings -> More Settings" to "Off".


+-----------------------------------------------------------------------------------------------------------------------------------------------------------------------------------------------------------------------------------------------------------------------------------------------------------------------------------------------------------+
; Parameter Settings for User Entity Instance: HPSfgpa2:u0|HPSfgpa2_hps_0:hps_0|HPSfgpa2_hps_0_hps_io:hps_io|HPSfgpa2_hps_0_hps_io_border:border|hps_sdram:hps_sdram_inst|hps_sdram_p0:p0|hps_sdram_p0_acv_hard_memphy:umemphy|hps_sdram_p0_acv_hard_io_pads:uio_pads|hps_sdram_p0_acv_hard_addr_cmd_pads:uaddr_cmd_pads|hps_sdram_p0_generic_ddio:ucmd_pad ;
+----------------+-------+----------------------------------------------------------------------------------------------------------------------------------------------------------------------------------------------------------------------------------------------------------------------------------------------------------------------------------+
; Parameter Name ; Value ; Type                                                                                                                                                                                                                                                                                                                             ;
+----------------+-------+----------------------------------------------------------------------------------------------------------------------------------------------------------------------------------------------------------------------------------------------------------------------------------------------------------------------------------+
; WIDTH          ; 6     ; Signed Integer                                                                                                                                                                                                                                                                                                                   ;
+----------------+-------+----------------------------------------------------------------------------------------------------------------------------------------------------------------------------------------------------------------------------------------------------------------------------------------------------------------------------------+
Note: In order to hide this table in the UI and the text report file, please set the "Show Parameter Settings in Synthesis Report" option in "Analysis and Synthesis Settings -> More Settings" to "Off".


+---------------------------------------------------------------------------------------------------------------------------------------------------------------------------------------------------------------------------------------------------------------------------------------------------------------------------------------------------------------+
; Parameter Settings for User Entity Instance: HPSfgpa2:u0|HPSfgpa2_hps_0:hps_0|HPSfgpa2_hps_0_hps_io:hps_io|HPSfgpa2_hps_0_hps_io_border:border|hps_sdram:hps_sdram_inst|hps_sdram_p0:p0|hps_sdram_p0_acv_hard_memphy:umemphy|hps_sdram_p0_acv_hard_io_pads:uio_pads|hps_sdram_p0_acv_hard_addr_cmd_pads:uaddr_cmd_pads|hps_sdram_p0_generic_ddio:ureset_n_pad ;
+----------------+-------+--------------------------------------------------------------------------------------------------------------------------------------------------------------------------------------------------------------------------------------------------------------------------------------------------------------------------------------+
; Parameter Name ; Value ; Type                                                                                                                                                                                                                                                                                                                                 ;
+----------------+-------+--------------------------------------------------------------------------------------------------------------------------------------------------------------------------------------------------------------------------------------------------------------------------------------------------------------------------------------+
; WIDTH          ; 1     ; Signed Integer                                                                                                                                                                                                                                                                                                                       ;
+----------------+-------+--------------------------------------------------------------------------------------------------------------------------------------------------------------------------------------------------------------------------------------------------------------------------------------------------------------------------------------+
Note: In order to hide this table in the UI and the text report file, please set the "Show Parameter Settings in Synthesis Report" option in "Analysis and Synthesis Settings -> More Settings" to "Off".


+-------------------------------------------------------------------------------------------------------------------------------------------------------------------------------------------------------------------------------------------------------------------------------------------------------------------------------------------------------------+
; Parameter Settings for User Entity Instance: HPSfgpa2:u0|HPSfgpa2_hps_0:hps_0|HPSfgpa2_hps_0_hps_io:hps_io|HPSfgpa2_hps_0_hps_io_border:border|hps_sdram:hps_sdram_inst|hps_sdram_p0:p0|hps_sdram_p0_acv_hard_memphy:umemphy|hps_sdram_p0_acv_hard_io_pads:uio_pads|hps_sdram_p0_acv_hard_addr_cmd_pads:uaddr_cmd_pads|altddio_out:clock_gen[0].umem_ck_pad ;
+------------------------+--------------+---------------------------------------------------------------------------------------------------------------------------------------------------------------------------------------------------------------------------------------------------------------------------------------------------------------------+
; Parameter Name         ; Value        ; Type                                                                                                                                                                                                                                                                                                                ;
+------------------------+--------------+---------------------------------------------------------------------------------------------------------------------------------------------------------------------------------------------------------------------------------------------------------------------------------------------------------------------+
; AUTO_CARRY_CHAINS      ; ON           ; AUTO_CARRY                                                                                                                                                                                                                                                                                                          ;
; IGNORE_CARRY_BUFFERS   ; OFF          ; IGNORE_CARRY                                                                                                                                                                                                                                                                                                        ;
; AUTO_CASCADE_CHAINS    ; ON           ; AUTO_CASCADE                                                                                                                                                                                                                                                                                                        ;
; IGNORE_CASCADE_BUFFERS ; OFF          ; IGNORE_CASCADE                                                                                                                                                                                                                                                                                                      ;
; WIDTH                  ; 1            ; Signed Integer                                                                                                                                                                                                                                                                                                      ;
; POWER_UP_HIGH          ; OFF          ; Untyped                                                                                                                                                                                                                                                                                                             ;
; OE_REG                 ; UNUSED       ; Untyped                                                                                                                                                                                                                                                                                                             ;
; extend_oe_disable      ; UNUSED       ; Untyped                                                                                                                                                                                                                                                                                                             ;
; INTENDED_DEVICE_FAMILY ; Cyclone V    ; Untyped                                                                                                                                                                                                                                                                                                             ;
; DEVICE_FAMILY          ; Cyclone V    ; Untyped                                                                                                                                                                                                                                                                                                             ;
; CBXI_PARAMETER         ; ddio_out_uqe ; Untyped                                                                                                                                                                                                                                                                                                             ;
+------------------------+--------------+---------------------------------------------------------------------------------------------------------------------------------------------------------------------------------------------------------------------------------------------------------------------------------------------------------------------+
Note: In order to hide this table in the UI and the text report file, please set the "Show Parameter Settings in Synthesis Report" option in "Analysis and Synthesis Settings -> More Settings" to "Off".


+--------------------------------------------------------------------------------------------------------------------------------------------------------------------------------------------------------------------------------------------------------------------------------------------------------------------+
; Parameter Settings for User Entity Instance: HPSfgpa2:u0|HPSfgpa2_hps_0:hps_0|HPSfgpa2_hps_0_hps_io:hps_io|HPSfgpa2_hps_0_hps_io_border:border|hps_sdram:hps_sdram_inst|hps_sdram_p0:p0|hps_sdram_p0_acv_hard_memphy:umemphy|hps_sdram_p0_acv_hard_io_pads:uio_pads|hps_sdram_p0_altdqdqs:dq_ddio[0].ubidir_dq_dqs ;
+----------------------------------+-------+-------------------------------------------------------------------------------------------------------------------------------------------------------------------------------------------------------------------------------------------------------------------------+
; Parameter Name                   ; Value ; Type                                                                                                                                                                                                                                                                    ;
+----------------------------------+-------+-------------------------------------------------------------------------------------------------------------------------------------------------------------------------------------------------------------------------------------------------------------------------+
; ALTERA_ALTDQ_DQS2_FAST_SIM_MODEL ;       ; String                                                                                                                                                                                                                                                                  ;
+----------------------------------+-------+-------------------------------------------------------------------------------------------------------------------------------------------------------------------------------------------------------------------------------------------------------------------------+
Note: In order to hide this table in the UI and the text report file, please set the "Show Parameter Settings in Synthesis Report" option in "Analysis and Synthesis Settings -> More Settings" to "Off".


+--------------------------------------------------------------------------------------------------------------------------------------------------------------------------------------------------------------------------------------------------------------------------------------------------------------------------------------------------------------------------------+
; Parameter Settings for User Entity Instance: HPSfgpa2:u0|HPSfgpa2_hps_0:hps_0|HPSfgpa2_hps_0_hps_io:hps_io|HPSfgpa2_hps_0_hps_io_border:border|hps_sdram:hps_sdram_inst|hps_sdram_p0:p0|hps_sdram_p0_acv_hard_memphy:umemphy|hps_sdram_p0_acv_hard_io_pads:uio_pads|hps_sdram_p0_altdqdqs:dq_ddio[0].ubidir_dq_dqs|altdq_dqs2_acv_connect_to_hard_phy_cyclonev:altdq_dqs2_inst ;
+----------------------------------+---------+-----------------------------------------------------------------------------------------------------------------------------------------------------------------------------------------------------------------------------------------------------------------------------------------------------------------------------------+
; Parameter Name                   ; Value   ; Type                                                                                                                                                                                                                                                                                                                              ;
+----------------------------------+---------+-----------------------------------------------------------------------------------------------------------------------------------------------------------------------------------------------------------------------------------------------------------------------------------------------------------------------------------+
; PIN_WIDTH                        ; 8       ; Signed Integer                                                                                                                                                                                                                                                                                                                    ;
; PIN_TYPE                         ; bidir   ; String                                                                                                                                                                                                                                                                                                                            ;
; USE_INPUT_PHASE_ALIGNMENT        ; false   ; String                                                                                                                                                                                                                                                                                                                            ;
; USE_OUTPUT_PHASE_ALIGNMENT       ; false   ; String                                                                                                                                                                                                                                                                                                                            ;
; USE_HALF_RATE_INPUT              ; false   ; String                                                                                                                                                                                                                                                                                                                            ;
; USE_HALF_RATE_OUTPUT             ; true    ; String                                                                                                                                                                                                                                                                                                                            ;
; DIFFERENTIAL_CAPTURE_STROBE      ; true    ; String                                                                                                                                                                                                                                                                                                                            ;
; SEPARATE_CAPTURE_STROBE          ; false   ; String                                                                                                                                                                                                                                                                                                                            ;
; INPUT_FREQ                       ; 300.0   ; Signed Float                                                                                                                                                                                                                                                                                                                      ;
; INPUT_FREQ_PS                    ; 3333 ps ; String                                                                                                                                                                                                                                                                                                                            ;
; DELAY_CHAIN_BUFFER_MODE          ; high    ; String                                                                                                                                                                                                                                                                                                                            ;
; DQS_PHASE_SETTING                ; 0       ; Signed Integer                                                                                                                                                                                                                                                                                                                    ;
; DQS_PHASE_SHIFT                  ; 0       ; Signed Integer                                                                                                                                                                                                                                                                                                                    ;
; DQS_ENABLE_PHASE_SETTING         ; 3       ; Signed Integer                                                                                                                                                                                                                                                                                                                    ;
; USE_DYNAMIC_CONFIG               ; true    ; String                                                                                                                                                                                                                                                                                                                            ;
; INVERT_CAPTURE_STROBE            ; true    ; String                                                                                                                                                                                                                                                                                                                            ;
; SWAP_CAPTURE_STROBE_POLARITY     ; false   ; String                                                                                                                                                                                                                                                                                                                            ;
; USE_TERMINATION_CONTROL          ; true    ; String                                                                                                                                                                                                                                                                                                                            ;
; USE_OCT_ENA_IN_FOR_OCT           ; true    ; String                                                                                                                                                                                                                                                                                                                            ;
; USE_DQS_ENABLE                   ; true    ; String                                                                                                                                                                                                                                                                                                                            ;
; USE_IO_CONFIG                    ; false   ; String                                                                                                                                                                                                                                                                                                                            ;
; USE_DQS_CONFIG                   ; false   ; String                                                                                                                                                                                                                                                                                                                            ;
; USE_OFFSET_CTRL                  ; false   ; String                                                                                                                                                                                                                                                                                                                            ;
; HR_DDIO_OUT_HAS_THREE_REGS       ; false   ; String                                                                                                                                                                                                                                                                                                                            ;
; USE_OUTPUT_STROBE                ; true    ; String                                                                                                                                                                                                                                                                                                                            ;
; DIFFERENTIAL_OUTPUT_STROBE       ; true    ; String                                                                                                                                                                                                                                                                                                                            ;
; USE_OUTPUT_STROBE_RESET          ; false   ; String                                                                                                                                                                                                                                                                                                                            ;
; USE_BIDIR_STROBE                 ; true    ; String                                                                                                                                                                                                                                                                                                                            ;
; REVERSE_READ_WORDS               ; false   ; String                                                                                                                                                                                                                                                                                                                            ;
; NATURAL_ALIGNMENT                ; true    ; String                                                                                                                                                                                                                                                                                                                            ;
; EXTRA_OUTPUT_WIDTH               ; 1       ; Signed Integer                                                                                                                                                                                                                                                                                                                    ;
; PREAMBLE_TYPE                    ; high    ; String                                                                                                                                                                                                                                                                                                                            ;
; USE_DATA_OE_FOR_OCT              ; false   ; String                                                                                                                                                                                                                                                                                                                            ;
; DQS_ENABLE_WIDTH                 ; 1       ; Signed Integer                                                                                                                                                                                                                                                                                                                    ;
; EMIF_UNALIGNED_PREAMBLE_SUPPORT  ; false   ; String                                                                                                                                                                                                                                                                                                                            ;
; EMIF_BYPASS_OCT_DDIO             ; false   ; String                                                                                                                                                                                                                                                                                                                            ;
; USE_2X_FF                        ; false   ; String                                                                                                                                                                                                                                                                                                                            ;
; USE_DQS_TRACKING                 ; true    ; String                                                                                                                                                                                                                                                                                                                            ;
; SEPERATE_LDC_FOR_WRITE_STROBE    ; false   ; String                                                                                                                                                                                                                                                                                                                            ;
; DQS_ENABLE_PHASECTRL             ; true    ; String                                                                                                                                                                                                                                                                                                                            ;
; DYNAMIC_MODE                     ; dynamic ; String                                                                                                                                                                                                                                                                                                                            ;
; OCT_SERIES_TERM_CONTROL_WIDTH    ; 16      ; Signed Integer                                                                                                                                                                                                                                                                                                                    ;
; OCT_PARALLEL_TERM_CONTROL_WIDTH  ; 16      ; Signed Integer                                                                                                                                                                                                                                                                                                                    ;
; DLL_WIDTH                        ; 7       ; Signed Integer                                                                                                                                                                                                                                                                                                                    ;
; REGULAR_WRITE_BUS_ORDERING       ; true    ; String                                                                                                                                                                                                                                                                                                                            ;
; ALTERA_ALTDQ_DQS2_FAST_SIM_MODEL ; 0       ; Signed Integer                                                                                                                                                                                                                                                                                                                    ;
; USE_HARD_FIFOS                   ; true    ; String                                                                                                                                                                                                                                                                                                                            ;
; CALIBRATION_SUPPORT              ; false   ; String                                                                                                                                                                                                                                                                                                                            ;
; USE_DQSIN_FOR_VFIFO_READ         ; false   ; String                                                                                                                                                                                                                                                                                                                            ;
; HHP_HPS                          ; true    ; String                                                                                                                                                                                                                                                                                                                            ;
; USE_LDC_AS_LOW_SKEW_CLOCK        ; false   ; String                                                                                                                                                                                                                                                                                                                            ;
; DLL_USE_2X_CLK                   ; false   ; String                                                                                                                                                                                                                                                                                                                            ;
; DQS_ENABLE_AFTER_T7              ; true    ; String                                                                                                                                                                                                                                                                                                                            ;
; LFIFO_OCT_EN_MASK                ; -1      ; Signed Integer                                                                                                                                                                                                                                                                                                                    ;
+----------------------------------+---------+-----------------------------------------------------------------------------------------------------------------------------------------------------------------------------------------------------------------------------------------------------------------------------------------------------------------------------------+
Note: In order to hide this table in the UI and the text report file, please set the "Show Parameter Settings in Synthesis Report" option in "Analysis and Synthesis Settings -> More Settings" to "Off".


+--------------------------------------------------------------------------------------------------------------------------------------------------------------------------------------------------------------+
; Parameter Settings for User Entity Instance: HPSfgpa2:u0|HPSfgpa2_hps_0:hps_0|HPSfgpa2_hps_0_hps_io:hps_io|HPSfgpa2_hps_0_hps_io_border:border|hps_sdram:hps_sdram_inst|altera_mem_if_hhp_qseq_synth_top:seq ;
+--------------------+-------+---------------------------------------------------------------------------------------------------------------------------------------------------------------------------------+
; Parameter Name     ; Value ; Type                                                                                                                                                                            ;
+--------------------+-------+---------------------------------------------------------------------------------------------------------------------------------------------------------------------------------+
; APB_DATA_WIDTH     ; 32    ; Signed Integer                                                                                                                                                                  ;
; APB_ADDR_WIDTH     ; 32    ; Signed Integer                                                                                                                                                                  ;
; AVL_DATA_WIDTH     ; 32    ; Signed Integer                                                                                                                                                                  ;
; AVL_ADDR_WIDTH     ; 16    ; Signed Integer                                                                                                                                                                  ;
; AVL_MMR_DATA_WIDTH ; 32    ; Signed Integer                                                                                                                                                                  ;
; AVL_MMR_ADDR_WIDTH ; 8     ; Signed Integer                                                                                                                                                                  ;
; MEM_IF_DQS_WIDTH   ; 1     ; Signed Integer                                                                                                                                                                  ;
; MEM_IF_DQ_WIDTH    ; 8     ; Signed Integer                                                                                                                                                                  ;
; MEM_IF_DM_WIDTH    ; 1     ; Signed Integer                                                                                                                                                                  ;
; MEM_IF_CS_WIDTH    ; 1     ; Signed Integer                                                                                                                                                                  ;
+--------------------+-------+---------------------------------------------------------------------------------------------------------------------------------------------------------------------------------+
Note: In order to hide this table in the UI and the text report file, please set the "Show Parameter Settings in Synthesis Report" option in "Analysis and Synthesis Settings -> More Settings" to "Off".


+------------------------------------------------------------------------------------------------------------------------------------------------------------------------------------------------------------------------------+
; Parameter Settings for User Entity Instance: HPSfgpa2:u0|HPSfgpa2_hps_0:hps_0|HPSfgpa2_hps_0_hps_io:hps_io|HPSfgpa2_hps_0_hps_io_border:border|hps_sdram:hps_sdram_inst|altera_mem_if_hard_memory_controller_top_cyclonev:c0 ;
+-----------------------------------------+------------------------------------------------------------------+-----------------------------------------------------------------------------------------------------------------+
; Parameter Name                          ; Value                                                            ; Type                                                                                                            ;
+-----------------------------------------+------------------------------------------------------------------+-----------------------------------------------------------------------------------------------------------------+
; AVL_SIZE_WIDTH                          ; 3                                                                ; Signed Integer                                                                                                  ;
; AVL_ADDR_WIDTH                          ; 22                                                               ; Signed Integer                                                                                                  ;
; AVL_DATA_WIDTH                          ; 16                                                               ; Signed Integer                                                                                                  ;
; MEM_IF_CLK_PAIR_COUNT                   ; 1                                                                ; Signed Integer                                                                                                  ;
; MEM_IF_CS_WIDTH                         ; 1                                                                ; Signed Integer                                                                                                  ;
; MEM_IF_DQS_WIDTH                        ; 1                                                                ; Signed Integer                                                                                                  ;
; MEM_IF_CHIP_BITS                        ; 1                                                                ; Signed Integer                                                                                                  ;
; AFI_ADDR_WIDTH                          ; 13                                                               ; Signed Integer                                                                                                  ;
; AFI_BANKADDR_WIDTH                      ; 3                                                                ; Signed Integer                                                                                                  ;
; AFI_CONTROL_WIDTH                       ; 1                                                                ; Signed Integer                                                                                                  ;
; AFI_CS_WIDTH                            ; 1                                                                ; Signed Integer                                                                                                  ;
; AFI_ODT_WIDTH                           ; 1                                                                ; Signed Integer                                                                                                  ;
; AFI_DM_WIDTH                            ; 2                                                                ; Signed Integer                                                                                                  ;
; AFI_DQ_WIDTH                            ; 16                                                               ; Signed Integer                                                                                                  ;
; AFI_WRITE_DQS_WIDTH                     ; 1                                                                ; Signed Integer                                                                                                  ;
; AFI_RATE_RATIO                          ; 1                                                                ; Signed Integer                                                                                                  ;
; AFI_WLAT_WIDTH                          ; 6                                                                ; Signed Integer                                                                                                  ;
; AFI_RLAT_WIDTH                          ; 6                                                                ; Signed Integer                                                                                                  ;
; CSR_BE_WIDTH                            ; 1                                                                ; Signed Integer                                                                                                  ;
; CSR_ADDR_WIDTH                          ; 10                                                               ; Signed Integer                                                                                                  ;
; CSR_DATA_WIDTH                          ; 8                                                                ; Signed Integer                                                                                                  ;
; AVL_DATA_WIDTH_PORT_0                   ; 1                                                                ; Signed Integer                                                                                                  ;
; AVL_DATA_WIDTH_PORT_1                   ; 1                                                                ; Signed Integer                                                                                                  ;
; AVL_DATA_WIDTH_PORT_2                   ; 1                                                                ; Signed Integer                                                                                                  ;
; AVL_DATA_WIDTH_PORT_3                   ; 1                                                                ; Signed Integer                                                                                                  ;
; AVL_DATA_WIDTH_PORT_4                   ; 1                                                                ; Signed Integer                                                                                                  ;
; AVL_DATA_WIDTH_PORT_5                   ; 1                                                                ; Signed Integer                                                                                                  ;
; AVL_ADDR_WIDTH_PORT_0                   ; 1                                                                ; Signed Integer                                                                                                  ;
; AVL_ADDR_WIDTH_PORT_1                   ; 1                                                                ; Signed Integer                                                                                                  ;
; AVL_ADDR_WIDTH_PORT_2                   ; 1                                                                ; Signed Integer                                                                                                  ;
; AVL_ADDR_WIDTH_PORT_3                   ; 1                                                                ; Signed Integer                                                                                                  ;
; AVL_ADDR_WIDTH_PORT_4                   ; 1                                                                ; Signed Integer                                                                                                  ;
; AVL_ADDR_WIDTH_PORT_5                   ; 1                                                                ; Signed Integer                                                                                                  ;
; AVL_NUM_SYMBOLS_PORT_0                  ; 1                                                                ; Signed Integer                                                                                                  ;
; AVL_NUM_SYMBOLS_PORT_1                  ; 1                                                                ; Signed Integer                                                                                                  ;
; AVL_NUM_SYMBOLS_PORT_2                  ; 1                                                                ; Signed Integer                                                                                                  ;
; AVL_NUM_SYMBOLS_PORT_3                  ; 1                                                                ; Signed Integer                                                                                                  ;
; AVL_NUM_SYMBOLS_PORT_4                  ; 1                                                                ; Signed Integer                                                                                                  ;
; AVL_NUM_SYMBOLS_PORT_5                  ; 1                                                                ; Signed Integer                                                                                                  ;
; LSB_WFIFO_PORT_0                        ; 5                                                                ; Signed Integer                                                                                                  ;
; MSB_WFIFO_PORT_0                        ; 5                                                                ; Signed Integer                                                                                                  ;
; LSB_RFIFO_PORT_0                        ; 5                                                                ; Signed Integer                                                                                                  ;
; MSB_RFIFO_PORT_0                        ; 5                                                                ; Signed Integer                                                                                                  ;
; LSB_WFIFO_PORT_1                        ; 5                                                                ; Signed Integer                                                                                                  ;
; MSB_WFIFO_PORT_1                        ; 5                                                                ; Signed Integer                                                                                                  ;
; LSB_RFIFO_PORT_1                        ; 5                                                                ; Signed Integer                                                                                                  ;
; MSB_RFIFO_PORT_1                        ; 5                                                                ; Signed Integer                                                                                                  ;
; LSB_WFIFO_PORT_2                        ; 5                                                                ; Signed Integer                                                                                                  ;
; MSB_WFIFO_PORT_2                        ; 5                                                                ; Signed Integer                                                                                                  ;
; LSB_RFIFO_PORT_2                        ; 5                                                                ; Signed Integer                                                                                                  ;
; MSB_RFIFO_PORT_2                        ; 5                                                                ; Signed Integer                                                                                                  ;
; LSB_WFIFO_PORT_3                        ; 5                                                                ; Signed Integer                                                                                                  ;
; MSB_WFIFO_PORT_3                        ; 5                                                                ; Signed Integer                                                                                                  ;
; LSB_RFIFO_PORT_3                        ; 5                                                                ; Signed Integer                                                                                                  ;
; MSB_RFIFO_PORT_3                        ; 5                                                                ; Signed Integer                                                                                                  ;
; LSB_WFIFO_PORT_4                        ; 5                                                                ; Signed Integer                                                                                                  ;
; MSB_WFIFO_PORT_4                        ; 5                                                                ; Signed Integer                                                                                                  ;
; LSB_RFIFO_PORT_4                        ; 5                                                                ; Signed Integer                                                                                                  ;
; MSB_RFIFO_PORT_4                        ; 5                                                                ; Signed Integer                                                                                                  ;
; LSB_WFIFO_PORT_5                        ; 5                                                                ; Signed Integer                                                                                                  ;
; MSB_WFIFO_PORT_5                        ; 5                                                                ; Signed Integer                                                                                                  ;
; LSB_RFIFO_PORT_5                        ; 5                                                                ; Signed Integer                                                                                                  ;
; MSB_RFIFO_PORT_5                        ; 5                                                                ; Signed Integer                                                                                                  ;
; HARD_PHY                                ; 1                                                                ; Signed Integer                                                                                                  ;
; ENUM_ATTR_COUNTER_ONE_RESET             ; DISABLED                                                         ; String                                                                                                          ;
; ENUM_ATTR_COUNTER_ZERO_RESET            ; DISABLED                                                         ; String                                                                                                          ;
; ENUM_ATTR_STATIC_CONFIG_VALID           ; DISABLED                                                         ; String                                                                                                          ;
; ENUM_AUTO_PCH_ENABLE_0                  ; DISABLED                                                         ; String                                                                                                          ;
; ENUM_AUTO_PCH_ENABLE_1                  ; DISABLED                                                         ; String                                                                                                          ;
; ENUM_AUTO_PCH_ENABLE_2                  ; DISABLED                                                         ; String                                                                                                          ;
; ENUM_AUTO_PCH_ENABLE_3                  ; DISABLED                                                         ; String                                                                                                          ;
; ENUM_AUTO_PCH_ENABLE_4                  ; DISABLED                                                         ; String                                                                                                          ;
; ENUM_AUTO_PCH_ENABLE_5                  ; DISABLED                                                         ; String                                                                                                          ;
; ENUM_CAL_REQ                            ; DISABLED                                                         ; String                                                                                                          ;
; ENUM_CFG_BURST_LENGTH                   ; BL_8                                                             ; String                                                                                                          ;
; ENUM_CFG_INTERFACE_WIDTH                ; DWIDTH_8                                                         ; String                                                                                                          ;
; ENUM_CFG_SELF_RFSH_EXIT_CYCLES          ; SELF_RFSH_EXIT_CYCLES_512                                        ; String                                                                                                          ;
; ENUM_CFG_STARVE_LIMIT                   ; STARVE_LIMIT_10                                                  ; String                                                                                                          ;
; ENUM_CFG_TYPE                           ; DDR3                                                             ; String                                                                                                          ;
; ENUM_CLOCK_OFF_0                        ; DISABLED                                                         ; String                                                                                                          ;
; ENUM_CLOCK_OFF_1                        ; DISABLED                                                         ; String                                                                                                          ;
; ENUM_CLOCK_OFF_2                        ; DISABLED                                                         ; String                                                                                                          ;
; ENUM_CLOCK_OFF_3                        ; DISABLED                                                         ; String                                                                                                          ;
; ENUM_CLOCK_OFF_4                        ; DISABLED                                                         ; String                                                                                                          ;
; ENUM_CLOCK_OFF_5                        ; DISABLED                                                         ; String                                                                                                          ;
; ENUM_CLR_INTR                           ; NO_CLR_INTR                                                      ; String                                                                                                          ;
; ENUM_CMD_PORT_IN_USE_0                  ; FALSE                                                            ; String                                                                                                          ;
; ENUM_CMD_PORT_IN_USE_1                  ; FALSE                                                            ; String                                                                                                          ;
; ENUM_CMD_PORT_IN_USE_2                  ; FALSE                                                            ; String                                                                                                          ;
; ENUM_CMD_PORT_IN_USE_3                  ; FALSE                                                            ; String                                                                                                          ;
; ENUM_CMD_PORT_IN_USE_4                  ; FALSE                                                            ; String                                                                                                          ;
; ENUM_CMD_PORT_IN_USE_5                  ; FALSE                                                            ; String                                                                                                          ;
; ENUM_CPORT0_RDY_ALMOST_FULL             ; NOT_FULL                                                         ; String                                                                                                          ;
; ENUM_CPORT0_RFIFO_MAP                   ; FIFO_0                                                           ; String                                                                                                          ;
; ENUM_CPORT0_TYPE                        ; DISABLE                                                          ; String                                                                                                          ;
; ENUM_CPORT0_WFIFO_MAP                   ; FIFO_0                                                           ; String                                                                                                          ;
; ENUM_CPORT1_RDY_ALMOST_FULL             ; NOT_FULL                                                         ; String                                                                                                          ;
; ENUM_CPORT1_RFIFO_MAP                   ; FIFO_0                                                           ; String                                                                                                          ;
; ENUM_CPORT1_TYPE                        ; DISABLE                                                          ; String                                                                                                          ;
; ENUM_CPORT1_WFIFO_MAP                   ; FIFO_0                                                           ; String                                                                                                          ;
; ENUM_CPORT2_RDY_ALMOST_FULL             ; NOT_FULL                                                         ; String                                                                                                          ;
; ENUM_CPORT2_RFIFO_MAP                   ; FIFO_0                                                           ; String                                                                                                          ;
; ENUM_CPORT2_TYPE                        ; DISABLE                                                          ; String                                                                                                          ;
; ENUM_CPORT2_WFIFO_MAP                   ; FIFO_0                                                           ; String                                                                                                          ;
; ENUM_CPORT3_RDY_ALMOST_FULL             ; NOT_FULL                                                         ; String                                                                                                          ;
; ENUM_CPORT3_RFIFO_MAP                   ; FIFO_0                                                           ; String                                                                                                          ;
; ENUM_CPORT3_TYPE                        ; DISABLE                                                          ; String                                                                                                          ;
; ENUM_CPORT3_WFIFO_MAP                   ; FIFO_0                                                           ; String                                                                                                          ;
; ENUM_CPORT4_RDY_ALMOST_FULL             ; NOT_FULL                                                         ; String                                                                                                          ;
; ENUM_CPORT4_RFIFO_MAP                   ; FIFO_0                                                           ; String                                                                                                          ;
; ENUM_CPORT4_TYPE                        ; DISABLE                                                          ; String                                                                                                          ;
; ENUM_CPORT4_WFIFO_MAP                   ; FIFO_0                                                           ; String                                                                                                          ;
; ENUM_CPORT5_RDY_ALMOST_FULL             ; NOT_FULL                                                         ; String                                                                                                          ;
; ENUM_CPORT5_RFIFO_MAP                   ; FIFO_0                                                           ; String                                                                                                          ;
; ENUM_CPORT5_TYPE                        ; DISABLE                                                          ; String                                                                                                          ;
; ENUM_CPORT5_WFIFO_MAP                   ; FIFO_0                                                           ; String                                                                                                          ;
; ENUM_CTL_ADDR_ORDER                     ; CHIP_ROW_BANK_COL                                                ; String                                                                                                          ;
; ENUM_CTL_ECC_ENABLED                    ; CTL_ECC_DISABLED                                                 ; String                                                                                                          ;
; ENUM_CTL_ECC_RMW_ENABLED                ; CTL_ECC_RMW_DISABLED                                             ; String                                                                                                          ;
; ENUM_CTL_REGDIMM_ENABLED                ; REGDIMM_DISABLED                                                 ; String                                                                                                          ;
; ENUM_CTL_USR_REFRESH                    ; CTL_USR_REFRESH_DISABLED                                         ; String                                                                                                          ;
; ENUM_CTRL_WIDTH                         ; DATA_WIDTH_16_BIT                                                ; String                                                                                                          ;
; ENUM_DELAY_BONDING                      ; BONDING_LATENCY_0                                                ; String                                                                                                          ;
; ENUM_DFX_BYPASS_ENABLE                  ; DFX_BYPASS_DISABLED                                              ; String                                                                                                          ;
; ENUM_DISABLE_MERGING                    ; MERGING_ENABLED                                                  ; String                                                                                                          ;
; ENUM_ECC_DQ_WIDTH                       ; ECC_DQ_WIDTH_0                                                   ; String                                                                                                          ;
; ENUM_ENABLE_ATPG                        ; DISABLED                                                         ; String                                                                                                          ;
; ENUM_ENABLE_BONDING_0                   ; DISABLED                                                         ; String                                                                                                          ;
; ENUM_ENABLE_BONDING_1                   ; DISABLED                                                         ; String                                                                                                          ;
; ENUM_ENABLE_BONDING_2                   ; DISABLED                                                         ; String                                                                                                          ;
; ENUM_ENABLE_BONDING_3                   ; DISABLED                                                         ; String                                                                                                          ;
; ENUM_ENABLE_BONDING_4                   ; DISABLED                                                         ; String                                                                                                          ;
; ENUM_ENABLE_BONDING_5                   ; DISABLED                                                         ; String                                                                                                          ;
; ENUM_ENABLE_BONDING_WRAPBACK            ; DISABLED                                                         ; String                                                                                                          ;
; ENUM_ENABLE_DQS_TRACKING                ; ENABLED                                                          ; String                                                                                                          ;
; ENUM_ENABLE_ECC_CODE_OVERWRITES         ; DISABLED                                                         ; String                                                                                                          ;
; ENUM_ENABLE_FAST_EXIT_PPD               ; DISABLED                                                         ; String                                                                                                          ;
; ENUM_ENABLE_INTR                        ; DISABLED                                                         ; String                                                                                                          ;
; ENUM_ENABLE_NO_DM                       ; DISABLED                                                         ; String                                                                                                          ;
; ENUM_ENABLE_PIPELINEGLOBAL              ; DISABLED                                                         ; String                                                                                                          ;
; ENUM_GANGED_ARF                         ; DISABLED                                                         ; String                                                                                                          ;
; ENUM_GEN_DBE                            ; GEN_DBE_DISABLED                                                 ; String                                                                                                          ;
; ENUM_GEN_SBE                            ; GEN_SBE_DISABLED                                                 ; String                                                                                                          ;
; ENUM_INC_SYNC                           ; FIFO_SET_2                                                       ; String                                                                                                          ;
; ENUM_LOCAL_IF_CS_WIDTH                  ; ADDR_WIDTH_0                                                     ; String                                                                                                          ;
; ENUM_MASK_CORR_DROPPED_INTR             ; DISABLED                                                         ; String                                                                                                          ;
; ENUM_MASK_DBE_INTR                      ; DISABLED                                                         ; String                                                                                                          ;
; ENUM_MASK_SBE_INTR                      ; DISABLED                                                         ; String                                                                                                          ;
; ENUM_MEM_IF_AL                          ; AL_0                                                             ; String                                                                                                          ;
; ENUM_MEM_IF_BANKADDR_WIDTH              ; ADDR_WIDTH_3                                                     ; String                                                                                                          ;
; ENUM_MEM_IF_BURSTLENGTH                 ; MEM_IF_BURSTLENGTH_8                                             ; String                                                                                                          ;
; ENUM_MEM_IF_COLADDR_WIDTH               ; ADDR_WIDTH_8                                                     ; String                                                                                                          ;
; ENUM_MEM_IF_CS_PER_RANK                 ; MEM_IF_CS_PER_RANK_1                                             ; String                                                                                                          ;
; ENUM_MEM_IF_CS_WIDTH                    ; MEM_IF_CS_WIDTH_1                                                ; String                                                                                                          ;
; ENUM_MEM_IF_DQ_PER_CHIP                 ; MEM_IF_DQ_PER_CHIP_8                                             ; String                                                                                                          ;
; ENUM_MEM_IF_DQS_WIDTH                   ; DQS_WIDTH_1                                                      ; String                                                                                                          ;
; ENUM_MEM_IF_DWIDTH                      ; MEM_IF_DWIDTH_8                                                  ; String                                                                                                          ;
; ENUM_MEM_IF_MEMTYPE                     ; DDR3_SDRAM                                                       ; String                                                                                                          ;
; ENUM_MEM_IF_ROWADDR_WIDTH               ; ADDR_WIDTH_12                                                    ; String                                                                                                          ;
; ENUM_MEM_IF_SPEEDBIN                    ; DDR3_800_5_5_5                                                   ; String                                                                                                          ;
; ENUM_MEM_IF_TCCD                        ; TCCD_4                                                           ; String                                                                                                          ;
; ENUM_MEM_IF_TCL                         ; TCL_7                                                            ; String                                                                                                          ;
; ENUM_MEM_IF_TCWL                        ; TCWL_6                                                           ; String                                                                                                          ;
; ENUM_MEM_IF_TFAW                        ; TFAW_12                                                          ; String                                                                                                          ;
; ENUM_MEM_IF_TMRD                        ; TMRD_4                                                           ; String                                                                                                          ;
; ENUM_MEM_IF_TRAS                        ; TRAS_13                                                          ; String                                                                                                          ;
; ENUM_MEM_IF_TRC                         ; TRC_17                                                           ; String                                                                                                          ;
; ENUM_MEM_IF_TRCD                        ; TRCD_5                                                           ; String                                                                                                          ;
; ENUM_MEM_IF_TRP                         ; TRP_5                                                            ; String                                                                                                          ;
; ENUM_MEM_IF_TRRD                        ; TRRD_3                                                           ; String                                                                                                          ;
; ENUM_MEM_IF_TRTP                        ; TRTP_3                                                           ; String                                                                                                          ;
; ENUM_MEM_IF_TWR                         ; TWR_5                                                            ; String                                                                                                          ;
; ENUM_MEM_IF_TWTR                        ; TWTR_2                                                           ; String                                                                                                          ;
; ENUM_MMR_CFG_MEM_BL                     ; MP_BL_8                                                          ; String                                                                                                          ;
; ENUM_OUTPUT_REGD                        ; DISABLED                                                         ; String                                                                                                          ;
; ENUM_PDN_EXIT_CYCLES                    ; SLOW_EXIT                                                        ; String                                                                                                          ;
; ENUM_PORT0_WIDTH                        ; PORT_32_BIT                                                      ; String                                                                                                          ;
; ENUM_PORT1_WIDTH                        ; PORT_32_BIT                                                      ; String                                                                                                          ;
; ENUM_PORT2_WIDTH                        ; PORT_32_BIT                                                      ; String                                                                                                          ;
; ENUM_PORT3_WIDTH                        ; PORT_32_BIT                                                      ; String                                                                                                          ;
; ENUM_PORT4_WIDTH                        ; PORT_32_BIT                                                      ; String                                                                                                          ;
; ENUM_PORT5_WIDTH                        ; PORT_32_BIT                                                      ; String                                                                                                          ;
; ENUM_PRIORITY_0_0                       ; WEIGHT_0                                                         ; String                                                                                                          ;
; ENUM_PRIORITY_0_1                       ; WEIGHT_0                                                         ; String                                                                                                          ;
; ENUM_PRIORITY_0_2                       ; WEIGHT_0                                                         ; String                                                                                                          ;
; ENUM_PRIORITY_0_3                       ; WEIGHT_0                                                         ; String                                                                                                          ;
; ENUM_PRIORITY_0_4                       ; WEIGHT_0                                                         ; String                                                                                                          ;
; ENUM_PRIORITY_0_5                       ; WEIGHT_0                                                         ; String                                                                                                          ;
; ENUM_PRIORITY_1_0                       ; WEIGHT_0                                                         ; String                                                                                                          ;
; ENUM_PRIORITY_1_1                       ; WEIGHT_0                                                         ; String                                                                                                          ;
; ENUM_PRIORITY_1_2                       ; WEIGHT_0                                                         ; String                                                                                                          ;
; ENUM_PRIORITY_1_3                       ; WEIGHT_0                                                         ; String                                                                                                          ;
; ENUM_PRIORITY_1_4                       ; WEIGHT_0                                                         ; String                                                                                                          ;
; ENUM_PRIORITY_1_5                       ; WEIGHT_0                                                         ; String                                                                                                          ;
; ENUM_PRIORITY_2_0                       ; WEIGHT_0                                                         ; String                                                                                                          ;
; ENUM_PRIORITY_2_1                       ; WEIGHT_0                                                         ; String                                                                                                          ;
; ENUM_PRIORITY_2_2                       ; WEIGHT_0                                                         ; String                                                                                                          ;
; ENUM_PRIORITY_2_3                       ; WEIGHT_0                                                         ; String                                                                                                          ;
; ENUM_PRIORITY_2_4                       ; WEIGHT_0                                                         ; String                                                                                                          ;
; ENUM_PRIORITY_2_5                       ; WEIGHT_0                                                         ; String                                                                                                          ;
; ENUM_PRIORITY_3_0                       ; WEIGHT_0                                                         ; String                                                                                                          ;
; ENUM_PRIORITY_3_1                       ; WEIGHT_0                                                         ; String                                                                                                          ;
; ENUM_PRIORITY_3_2                       ; WEIGHT_0                                                         ; String                                                                                                          ;
; ENUM_PRIORITY_3_3                       ; WEIGHT_0                                                         ; String                                                                                                          ;
; ENUM_PRIORITY_3_4                       ; WEIGHT_0                                                         ; String                                                                                                          ;
; ENUM_PRIORITY_3_5                       ; WEIGHT_0                                                         ; String                                                                                                          ;
; ENUM_PRIORITY_4_0                       ; WEIGHT_0                                                         ; String                                                                                                          ;
; ENUM_PRIORITY_4_1                       ; WEIGHT_0                                                         ; String                                                                                                          ;
; ENUM_PRIORITY_4_2                       ; WEIGHT_0                                                         ; String                                                                                                          ;
; ENUM_PRIORITY_4_3                       ; WEIGHT_0                                                         ; String                                                                                                          ;
; ENUM_PRIORITY_4_4                       ; WEIGHT_0                                                         ; String                                                                                                          ;
; ENUM_PRIORITY_4_5                       ; WEIGHT_0                                                         ; String                                                                                                          ;
; ENUM_PRIORITY_5_0                       ; WEIGHT_0                                                         ; String                                                                                                          ;
; ENUM_PRIORITY_5_1                       ; WEIGHT_0                                                         ; String                                                                                                          ;
; ENUM_PRIORITY_5_2                       ; WEIGHT_0                                                         ; String                                                                                                          ;
; ENUM_PRIORITY_5_3                       ; WEIGHT_0                                                         ; String                                                                                                          ;
; ENUM_PRIORITY_5_4                       ; WEIGHT_0                                                         ; String                                                                                                          ;
; ENUM_PRIORITY_5_5                       ; WEIGHT_0                                                         ; String                                                                                                          ;
; ENUM_PRIORITY_6_0                       ; WEIGHT_0                                                         ; String                                                                                                          ;
; ENUM_PRIORITY_6_1                       ; WEIGHT_0                                                         ; String                                                                                                          ;
; ENUM_PRIORITY_6_2                       ; WEIGHT_0                                                         ; String                                                                                                          ;
; ENUM_PRIORITY_6_3                       ; WEIGHT_0                                                         ; String                                                                                                          ;
; ENUM_PRIORITY_6_4                       ; WEIGHT_0                                                         ; String                                                                                                          ;
; ENUM_PRIORITY_6_5                       ; WEIGHT_0                                                         ; String                                                                                                          ;
; ENUM_PRIORITY_7_0                       ; WEIGHT_0                                                         ; String                                                                                                          ;
; ENUM_PRIORITY_7_1                       ; WEIGHT_0                                                         ; String                                                                                                          ;
; ENUM_PRIORITY_7_2                       ; WEIGHT_0                                                         ; String                                                                                                          ;
; ENUM_PRIORITY_7_3                       ; WEIGHT_0                                                         ; String                                                                                                          ;
; ENUM_PRIORITY_7_4                       ; WEIGHT_0                                                         ; String                                                                                                          ;
; ENUM_PRIORITY_7_5                       ; WEIGHT_0                                                         ; String                                                                                                          ;
; ENUM_RCFG_STATIC_WEIGHT_0               ; WEIGHT_0                                                         ; String                                                                                                          ;
; ENUM_RCFG_STATIC_WEIGHT_1               ; WEIGHT_0                                                         ; String                                                                                                          ;
; ENUM_RCFG_STATIC_WEIGHT_2               ; WEIGHT_0                                                         ; String                                                                                                          ;
; ENUM_RCFG_STATIC_WEIGHT_3               ; WEIGHT_0                                                         ; String                                                                                                          ;
; ENUM_RCFG_STATIC_WEIGHT_4               ; WEIGHT_0                                                         ; String                                                                                                          ;
; ENUM_RCFG_STATIC_WEIGHT_5               ; WEIGHT_0                                                         ; String                                                                                                          ;
; ENUM_RCFG_USER_PRIORITY_0               ; PRIORITY_1                                                       ; String                                                                                                          ;
; ENUM_RCFG_USER_PRIORITY_1               ; PRIORITY_1                                                       ; String                                                                                                          ;
; ENUM_RCFG_USER_PRIORITY_2               ; PRIORITY_1                                                       ; String                                                                                                          ;
; ENUM_RCFG_USER_PRIORITY_3               ; PRIORITY_1                                                       ; String                                                                                                          ;
; ENUM_RCFG_USER_PRIORITY_4               ; PRIORITY_1                                                       ; String                                                                                                          ;
; ENUM_RCFG_USER_PRIORITY_5               ; PRIORITY_1                                                       ; String                                                                                                          ;
; ENUM_RD_DWIDTH_0                        ; DWIDTH_0                                                         ; String                                                                                                          ;
; ENUM_RD_DWIDTH_1                        ; DWIDTH_0                                                         ; String                                                                                                          ;
; ENUM_RD_DWIDTH_2                        ; DWIDTH_0                                                         ; String                                                                                                          ;
; ENUM_RD_DWIDTH_3                        ; DWIDTH_0                                                         ; String                                                                                                          ;
; ENUM_RD_DWIDTH_4                        ; DWIDTH_0                                                         ; String                                                                                                          ;
; ENUM_RD_DWIDTH_5                        ; DWIDTH_0                                                         ; String                                                                                                          ;
; ENUM_RD_FIFO_IN_USE_0                   ; FALSE                                                            ; String                                                                                                          ;
; ENUM_RD_FIFO_IN_USE_1                   ; FALSE                                                            ; String                                                                                                          ;
; ENUM_RD_FIFO_IN_USE_2                   ; FALSE                                                            ; String                                                                                                          ;
; ENUM_RD_FIFO_IN_USE_3                   ; FALSE                                                            ; String                                                                                                          ;
; ENUM_RD_PORT_INFO_0                     ; USE_NO                                                           ; String                                                                                                          ;
; ENUM_RD_PORT_INFO_1                     ; USE_NO                                                           ; String                                                                                                          ;
; ENUM_RD_PORT_INFO_2                     ; USE_NO                                                           ; String                                                                                                          ;
; ENUM_RD_PORT_INFO_3                     ; USE_NO                                                           ; String                                                                                                          ;
; ENUM_RD_PORT_INFO_4                     ; USE_NO                                                           ; String                                                                                                          ;
; ENUM_RD_PORT_INFO_5                     ; USE_NO                                                           ; String                                                                                                          ;
; ENUM_READ_ODT_CHIP                      ; ODT_DISABLED                                                     ; String                                                                                                          ;
; ENUM_REORDER_DATA                       ; DATA_REORDERING                                                  ; String                                                                                                          ;
; ENUM_RFIFO0_CPORT_MAP                   ; CMD_PORT_0                                                       ; String                                                                                                          ;
; ENUM_RFIFO1_CPORT_MAP                   ; CMD_PORT_0                                                       ; String                                                                                                          ;
; ENUM_RFIFO2_CPORT_MAP                   ; CMD_PORT_0                                                       ; String                                                                                                          ;
; ENUM_RFIFO3_CPORT_MAP                   ; CMD_PORT_0                                                       ; String                                                                                                          ;
; ENUM_SINGLE_READY_0                     ; CONCATENATE_RDY                                                  ; String                                                                                                          ;
; ENUM_SINGLE_READY_1                     ; CONCATENATE_RDY                                                  ; String                                                                                                          ;
; ENUM_SINGLE_READY_2                     ; CONCATENATE_RDY                                                  ; String                                                                                                          ;
; ENUM_SINGLE_READY_3                     ; CONCATENATE_RDY                                                  ; String                                                                                                          ;
; ENUM_STATIC_WEIGHT_0                    ; WEIGHT_0                                                         ; String                                                                                                          ;
; ENUM_STATIC_WEIGHT_1                    ; WEIGHT_0                                                         ; String                                                                                                          ;
; ENUM_STATIC_WEIGHT_2                    ; WEIGHT_0                                                         ; String                                                                                                          ;
; ENUM_STATIC_WEIGHT_3                    ; WEIGHT_0                                                         ; String                                                                                                          ;
; ENUM_STATIC_WEIGHT_4                    ; WEIGHT_0                                                         ; String                                                                                                          ;
; ENUM_STATIC_WEIGHT_5                    ; WEIGHT_0                                                         ; String                                                                                                          ;
; ENUM_SYNC_MODE_0                        ; ASYNCHRONOUS                                                     ; String                                                                                                          ;
; ENUM_SYNC_MODE_1                        ; ASYNCHRONOUS                                                     ; String                                                                                                          ;
; ENUM_SYNC_MODE_2                        ; ASYNCHRONOUS                                                     ; String                                                                                                          ;
; ENUM_SYNC_MODE_3                        ; ASYNCHRONOUS                                                     ; String                                                                                                          ;
; ENUM_SYNC_MODE_4                        ; ASYNCHRONOUS                                                     ; String                                                                                                          ;
; ENUM_SYNC_MODE_5                        ; ASYNCHRONOUS                                                     ; String                                                                                                          ;
; ENUM_TEST_MODE                          ; NORMAL_MODE                                                      ; String                                                                                                          ;
; ENUM_THLD_JAR1_0                        ; THRESHOLD_32                                                     ; String                                                                                                          ;
; ENUM_THLD_JAR1_1                        ; THRESHOLD_32                                                     ; String                                                                                                          ;
; ENUM_THLD_JAR1_2                        ; THRESHOLD_32                                                     ; String                                                                                                          ;
; ENUM_THLD_JAR1_3                        ; THRESHOLD_32                                                     ; String                                                                                                          ;
; ENUM_THLD_JAR1_4                        ; THRESHOLD_32                                                     ; String                                                                                                          ;
; ENUM_THLD_JAR1_5                        ; THRESHOLD_32                                                     ; String                                                                                                          ;
; ENUM_THLD_JAR2_0                        ; THRESHOLD_16                                                     ; String                                                                                                          ;
; ENUM_THLD_JAR2_1                        ; THRESHOLD_16                                                     ; String                                                                                                          ;
; ENUM_THLD_JAR2_2                        ; THRESHOLD_16                                                     ; String                                                                                                          ;
; ENUM_THLD_JAR2_3                        ; THRESHOLD_16                                                     ; String                                                                                                          ;
; ENUM_THLD_JAR2_4                        ; THRESHOLD_16                                                     ; String                                                                                                          ;
; ENUM_THLD_JAR2_5                        ; THRESHOLD_16                                                     ; String                                                                                                          ;
; ENUM_USE_ALMOST_EMPTY_0                 ; EMPTY                                                            ; String                                                                                                          ;
; ENUM_USE_ALMOST_EMPTY_1                 ; EMPTY                                                            ; String                                                                                                          ;
; ENUM_USE_ALMOST_EMPTY_2                 ; EMPTY                                                            ; String                                                                                                          ;
; ENUM_USE_ALMOST_EMPTY_3                 ; EMPTY                                                            ; String                                                                                                          ;
; ENUM_USER_ECC_EN                        ; DISABLE                                                          ; String                                                                                                          ;
; ENUM_USER_PRIORITY_0                    ; PRIORITY_1                                                       ; String                                                                                                          ;
; ENUM_USER_PRIORITY_1                    ; PRIORITY_1                                                       ; String                                                                                                          ;
; ENUM_USER_PRIORITY_2                    ; PRIORITY_1                                                       ; String                                                                                                          ;
; ENUM_USER_PRIORITY_3                    ; PRIORITY_1                                                       ; String                                                                                                          ;
; ENUM_USER_PRIORITY_4                    ; PRIORITY_1                                                       ; String                                                                                                          ;
; ENUM_USER_PRIORITY_5                    ; PRIORITY_1                                                       ; String                                                                                                          ;
; ENUM_WFIFO0_CPORT_MAP                   ; CMD_PORT_0                                                       ; String                                                                                                          ;
; ENUM_WFIFO0_RDY_ALMOST_FULL             ; NOT_FULL                                                         ; String                                                                                                          ;
; ENUM_WFIFO1_CPORT_MAP                   ; CMD_PORT_0                                                       ; String                                                                                                          ;
; ENUM_WFIFO1_RDY_ALMOST_FULL             ; NOT_FULL                                                         ; String                                                                                                          ;
; ENUM_WFIFO2_CPORT_MAP                   ; CMD_PORT_0                                                       ; String                                                                                                          ;
; ENUM_WFIFO2_RDY_ALMOST_FULL             ; NOT_FULL                                                         ; String                                                                                                          ;
; ENUM_WFIFO3_CPORT_MAP                   ; CMD_PORT_0                                                       ; String                                                                                                          ;
; ENUM_WFIFO3_RDY_ALMOST_FULL             ; NOT_FULL                                                         ; String                                                                                                          ;
; ENUM_WR_DWIDTH_0                        ; DWIDTH_0                                                         ; String                                                                                                          ;
; ENUM_WR_DWIDTH_1                        ; DWIDTH_0                                                         ; String                                                                                                          ;
; ENUM_WR_DWIDTH_2                        ; DWIDTH_0                                                         ; String                                                                                                          ;
; ENUM_WR_DWIDTH_3                        ; DWIDTH_0                                                         ; String                                                                                                          ;
; ENUM_WR_DWIDTH_4                        ; DWIDTH_0                                                         ; String                                                                                                          ;
; ENUM_WR_DWIDTH_5                        ; DWIDTH_0                                                         ; String                                                                                                          ;
; ENUM_WR_FIFO_IN_USE_0                   ; FALSE                                                            ; String                                                                                                          ;
; ENUM_WR_FIFO_IN_USE_1                   ; FALSE                                                            ; String                                                                                                          ;
; ENUM_WR_FIFO_IN_USE_2                   ; FALSE                                                            ; String                                                                                                          ;
; ENUM_WR_FIFO_IN_USE_3                   ; FALSE                                                            ; String                                                                                                          ;
; ENUM_WR_PORT_INFO_0                     ; USE_NO                                                           ; String                                                                                                          ;
; ENUM_WR_PORT_INFO_1                     ; USE_NO                                                           ; String                                                                                                          ;
; ENUM_WR_PORT_INFO_2                     ; USE_NO                                                           ; String                                                                                                          ;
; ENUM_WR_PORT_INFO_3                     ; USE_NO                                                           ; String                                                                                                          ;
; ENUM_WR_PORT_INFO_4                     ; USE_NO                                                           ; String                                                                                                          ;
; ENUM_WR_PORT_INFO_5                     ; USE_NO                                                           ; String                                                                                                          ;
; ENUM_WRITE_ODT_CHIP                     ; ODT_DISABLED                                                     ; String                                                                                                          ;
; ENUM_ENABLE_BURST_INTERRUPT             ; DISABLED                                                         ; String                                                                                                          ;
; ENUM_ENABLE_BURST_TERMINATE             ; DISABLED                                                         ; String                                                                                                          ;
; INTG_POWER_SAVING_EXIT_CYCLES           ; 5                                                                ; Signed Integer                                                                                                  ;
; INTG_MEM_CLK_ENTRY_CYCLES               ; 10                                                               ; Signed Integer                                                                                                  ;
; INTG_PRIORITY_REMAP                     ; 0                                                                ; Signed Integer                                                                                                  ;
; INTG_MEM_AUTO_PD_CYCLES                 ; 0                                                                ; Signed Integer                                                                                                  ;
; INTG_CYC_TO_RLD_JARS_0                  ; 1                                                                ; Signed Integer                                                                                                  ;
; INTG_CYC_TO_RLD_JARS_1                  ; 1                                                                ; Signed Integer                                                                                                  ;
; INTG_CYC_TO_RLD_JARS_2                  ; 1                                                                ; Signed Integer                                                                                                  ;
; INTG_CYC_TO_RLD_JARS_3                  ; 1                                                                ; Signed Integer                                                                                                  ;
; INTG_CYC_TO_RLD_JARS_4                  ; 1                                                                ; Signed Integer                                                                                                  ;
; INTG_CYC_TO_RLD_JARS_5                  ; 1                                                                ; Signed Integer                                                                                                  ;
; INTG_EXTRA_CTL_CLK_ACT_TO_ACT           ; 0                                                                ; Signed Integer                                                                                                  ;
; INTG_EXTRA_CTL_CLK_ACT_TO_ACT_DIFF_BANK ; 0                                                                ; Signed Integer                                                                                                  ;
; INTG_EXTRA_CTL_CLK_ACT_TO_PCH           ; 0                                                                ; Signed Integer                                                                                                  ;
; INTG_EXTRA_CTL_CLK_ACT_TO_RDWR          ; 0                                                                ; Signed Integer                                                                                                  ;
; INTG_EXTRA_CTL_CLK_ARF_PERIOD           ; 0                                                                ; Signed Integer                                                                                                  ;
; INTG_EXTRA_CTL_CLK_ARF_TO_VALID         ; 0                                                                ; Signed Integer                                                                                                  ;
; INTG_EXTRA_CTL_CLK_FOUR_ACT_TO_ACT      ; 0                                                                ; Signed Integer                                                                                                  ;
; INTG_EXTRA_CTL_CLK_PCH_ALL_TO_VALID     ; 0                                                                ; Signed Integer                                                                                                  ;
; INTG_EXTRA_CTL_CLK_PCH_TO_VALID         ; 0                                                                ; Signed Integer                                                                                                  ;
; INTG_EXTRA_CTL_CLK_PDN_PERIOD           ; 0                                                                ; Signed Integer                                                                                                  ;
; INTG_EXTRA_CTL_CLK_PDN_TO_VALID         ; 0                                                                ; Signed Integer                                                                                                  ;
; INTG_EXTRA_CTL_CLK_RD_AP_TO_VALID       ; 0                                                                ; Signed Integer                                                                                                  ;
; INTG_EXTRA_CTL_CLK_RD_TO_PCH            ; 0                                                                ; Signed Integer                                                                                                  ;
; INTG_EXTRA_CTL_CLK_RD_TO_RD             ; 0                                                                ; Signed Integer                                                                                                  ;
; INTG_EXTRA_CTL_CLK_RD_TO_RD_DIFF_CHIP   ; 0                                                                ; Signed Integer                                                                                                  ;
; INTG_EXTRA_CTL_CLK_RD_TO_WR             ; 2                                                                ; Signed Integer                                                                                                  ;
; INTG_EXTRA_CTL_CLK_RD_TO_WR_BC          ; 2                                                                ; Signed Integer                                                                                                  ;
; INTG_EXTRA_CTL_CLK_RD_TO_WR_DIFF_CHIP   ; 2                                                                ; Signed Integer                                                                                                  ;
; INTG_EXTRA_CTL_CLK_SRF_TO_VALID         ; 0                                                                ; Signed Integer                                                                                                  ;
; INTG_EXTRA_CTL_CLK_SRF_TO_ZQ_CAL        ; 0                                                                ; Signed Integer                                                                                                  ;
; INTG_EXTRA_CTL_CLK_WR_AP_TO_VALID       ; 0                                                                ; Signed Integer                                                                                                  ;
; INTG_EXTRA_CTL_CLK_WR_TO_PCH            ; 0                                                                ; Signed Integer                                                                                                  ;
; INTG_EXTRA_CTL_CLK_WR_TO_RD             ; 3                                                                ; Signed Integer                                                                                                  ;
; INTG_EXTRA_CTL_CLK_WR_TO_RD_BC          ; 3                                                                ; Signed Integer                                                                                                  ;
; INTG_EXTRA_CTL_CLK_WR_TO_RD_DIFF_CHIP   ; 3                                                                ; Signed Integer                                                                                                  ;
; INTG_EXTRA_CTL_CLK_WR_TO_WR             ; 0                                                                ; Signed Integer                                                                                                  ;
; INTG_EXTRA_CTL_CLK_WR_TO_WR_DIFF_CHIP   ; 0                                                                ; Signed Integer                                                                                                  ;
; INTG_MEM_IF_TREFI                       ; 2101                                                             ; Signed Integer                                                                                                  ;
; INTG_MEM_IF_TRFC                        ; 23                                                               ; Signed Integer                                                                                                  ;
; INTG_RCFG_SUM_WT_PRIORITY_0             ; 0                                                                ; Signed Integer                                                                                                  ;
; INTG_RCFG_SUM_WT_PRIORITY_1             ; 0                                                                ; Signed Integer                                                                                                  ;
; INTG_RCFG_SUM_WT_PRIORITY_2             ; 0                                                                ; Signed Integer                                                                                                  ;
; INTG_RCFG_SUM_WT_PRIORITY_3             ; 0                                                                ; Signed Integer                                                                                                  ;
; INTG_RCFG_SUM_WT_PRIORITY_4             ; 0                                                                ; Signed Integer                                                                                                  ;
; INTG_RCFG_SUM_WT_PRIORITY_5             ; 0                                                                ; Signed Integer                                                                                                  ;
; INTG_RCFG_SUM_WT_PRIORITY_6             ; 0                                                                ; Signed Integer                                                                                                  ;
; INTG_RCFG_SUM_WT_PRIORITY_7             ; 0                                                                ; Signed Integer                                                                                                  ;
; INTG_SUM_WT_PRIORITY_0                  ; 0                                                                ; Signed Integer                                                                                                  ;
; INTG_SUM_WT_PRIORITY_1                  ; 0                                                                ; Signed Integer                                                                                                  ;
; INTG_SUM_WT_PRIORITY_2                  ; 0                                                                ; Signed Integer                                                                                                  ;
; INTG_SUM_WT_PRIORITY_3                  ; 0                                                                ; Signed Integer                                                                                                  ;
; INTG_SUM_WT_PRIORITY_4                  ; 0                                                                ; Signed Integer                                                                                                  ;
; INTG_SUM_WT_PRIORITY_5                  ; 0                                                                ; Signed Integer                                                                                                  ;
; INTG_SUM_WT_PRIORITY_6                  ; 0                                                                ; Signed Integer                                                                                                  ;
; INTG_SUM_WT_PRIORITY_7                  ; 0                                                                ; Signed Integer                                                                                                  ;
; VECT_ATTR_COUNTER_ONE_MASK              ; 0000000000000000000000000000000000000000000000000000000000000000 ; Unsigned Binary                                                                                                 ;
; VECT_ATTR_COUNTER_ONE_MATCH             ; 0000000000000000000000000000000000000000000000000000000000000000 ; Unsigned Binary                                                                                                 ;
; VECT_ATTR_COUNTER_ZERO_MASK             ; 0000000000000000000000000000000000000000000000000000000000000000 ; Unsigned Binary                                                                                                 ;
; VECT_ATTR_COUNTER_ZERO_MATCH            ; 0000000000000000000000000000000000000000000000000000000000000000 ; Unsigned Binary                                                                                                 ;
; VECT_ATTR_DEBUG_SELECT_BYTE             ; 00000000000000000000000000000000                                 ; Unsigned Binary                                                                                                 ;
+-----------------------------------------+------------------------------------------------------------------+-----------------------------------------------------------------------------------------------------------------+
Note: In order to hide this table in the UI and the text report file, please set the "Show Parameter Settings in Synthesis Report" option in "Analysis and Synthesis Settings -> More Settings" to "Off".


+--------------------------------------------------------------------------------------------------------------------------------------------------------------------------------------------------------+
; Parameter Settings for User Entity Instance: HPSfgpa2:u0|HPSfgpa2_hps_0:hps_0|HPSfgpa2_hps_0_hps_io:hps_io|HPSfgpa2_hps_0_hps_io_border:border|hps_sdram:hps_sdram_inst|altera_mem_if_oct_cyclonev:oct ;
+------------------------+-------+-----------------------------------------------------------------------------------------------------------------------------------------------------------------------+
; Parameter Name         ; Value ; Type                                                                                                                                                                  ;
+------------------------+-------+-----------------------------------------------------------------------------------------------------------------------------------------------------------------------+
; OCT_TERM_CONTROL_WIDTH ; 16    ; Signed Integer                                                                                                                                                        ;
+------------------------+-------+-----------------------------------------------------------------------------------------------------------------------------------------------------------------------+
Note: In order to hide this table in the UI and the text report file, please set the "Show Parameter Settings in Synthesis Report" option in "Analysis and Synthesis Settings -> More Settings" to "Off".


+--------------------------------------------------------------------------------------------------------------------------------------------------------------------------------------------------------+
; Parameter Settings for User Entity Instance: HPSfgpa2:u0|HPSfgpa2_hps_0:hps_0|HPSfgpa2_hps_0_hps_io:hps_io|HPSfgpa2_hps_0_hps_io_border:border|hps_sdram:hps_sdram_inst|altera_mem_if_dll_cyclonev:dll ;
+----------------------------+---------+-----------------------------------------------------------------------------------------------------------------------------------------------------------------+
; Parameter Name             ; Value   ; Type                                                                                                                                                            ;
+----------------------------+---------+-----------------------------------------------------------------------------------------------------------------------------------------------------------------+
; DLL_DELAY_CTRL_WIDTH       ; 7       ; Signed Integer                                                                                                                                                  ;
; DELAY_BUFFER_MODE          ; HIGH    ; String                                                                                                                                                          ;
; DELAY_CHAIN_LENGTH         ; 8       ; Signed Integer                                                                                                                                                  ;
; DLL_INPUT_FREQUENCY_PS_STR ; 3333 ps ; String                                                                                                                                                          ;
; DLL_OFFSET_CTRL_WIDTH      ; 6       ; Signed Integer                                                                                                                                                  ;
+----------------------------+---------+-----------------------------------------------------------------------------------------------------------------------------------------------------------------+
Note: In order to hide this table in the UI and the text report file, please set the "Show Parameter Settings in Synthesis Report" option in "Analysis and Synthesis Settings -> More Settings" to "Off".


+-----------------------------------------------------------------------------------------------------+
; Parameter Settings for User Entity Instance: HPSfgpa2:u0|HPSfgpa2_onchip_memory2_0:onchip_memory2_0 ;
+----------------+--------+---------------------------------------------------------------------------+
; Parameter Name ; Value  ; Type                                                                      ;
+----------------+--------+---------------------------------------------------------------------------+
; INIT_FILE      ; UNUSED ; String                                                                    ;
+----------------+--------+---------------------------------------------------------------------------+
Note: In order to hide this table in the UI and the text report file, please set the "Show Parameter Settings in Synthesis Report" option in "Analysis and Synthesis Settings -> More Settings" to "Off".


+-------------------------------------------------------------------------------------------------------------------------------+
; Parameter Settings for User Entity Instance: HPSfgpa2:u0|HPSfgpa2_onchip_memory2_0:onchip_memory2_0|altsyncram:the_altsyncram ;
+------------------------------------+----------------------+-------------------------------------------------------------------+
; Parameter Name                     ; Value                ; Type                                                              ;
+------------------------------------+----------------------+-------------------------------------------------------------------+
; BYTE_SIZE_BLOCK                    ; 8                    ; Untyped                                                           ;
; AUTO_CARRY_CHAINS                  ; ON                   ; AUTO_CARRY                                                        ;
; IGNORE_CARRY_BUFFERS               ; OFF                  ; IGNORE_CARRY                                                      ;
; AUTO_CASCADE_CHAINS                ; ON                   ; AUTO_CASCADE                                                      ;
; IGNORE_CASCADE_BUFFERS             ; OFF                  ; IGNORE_CASCADE                                                    ;
; WIDTH_BYTEENA                      ; 1                    ; Untyped                                                           ;
; OPERATION_MODE                     ; BIDIR_DUAL_PORT      ; Untyped                                                           ;
; WIDTH_A                            ; 32                   ; Signed Integer                                                    ;
; WIDTHAD_A                          ; 10                   ; Signed Integer                                                    ;
; NUMWORDS_A                         ; 1024                 ; Signed Integer                                                    ;
; OUTDATA_REG_A                      ; UNREGISTERED         ; Untyped                                                           ;
; ADDRESS_ACLR_A                     ; NONE                 ; Untyped                                                           ;
; OUTDATA_ACLR_A                     ; NONE                 ; Untyped                                                           ;
; WRCONTROL_ACLR_A                   ; NONE                 ; Untyped                                                           ;
; INDATA_ACLR_A                      ; NONE                 ; Untyped                                                           ;
; BYTEENA_ACLR_A                     ; NONE                 ; Untyped                                                           ;
; WIDTH_B                            ; 32                   ; Signed Integer                                                    ;
; WIDTHAD_B                          ; 10                   ; Signed Integer                                                    ;
; NUMWORDS_B                         ; 1024                 ; Signed Integer                                                    ;
; INDATA_REG_B                       ; CLOCK0               ; Untyped                                                           ;
; WRCONTROL_WRADDRESS_REG_B          ; CLOCK0               ; Untyped                                                           ;
; RDCONTROL_REG_B                    ; CLOCK1               ; Untyped                                                           ;
; ADDRESS_REG_B                      ; CLOCK0               ; Untyped                                                           ;
; OUTDATA_REG_B                      ; UNREGISTERED         ; Untyped                                                           ;
; BYTEENA_REG_B                      ; CLOCK0               ; Untyped                                                           ;
; INDATA_ACLR_B                      ; NONE                 ; Untyped                                                           ;
; WRCONTROL_ACLR_B                   ; NONE                 ; Untyped                                                           ;
; ADDRESS_ACLR_B                     ; NONE                 ; Untyped                                                           ;
; OUTDATA_ACLR_B                     ; NONE                 ; Untyped                                                           ;
; RDCONTROL_ACLR_B                   ; NONE                 ; Untyped                                                           ;
; BYTEENA_ACLR_B                     ; NONE                 ; Untyped                                                           ;
; WIDTH_BYTEENA_A                    ; 4                    ; Signed Integer                                                    ;
; WIDTH_BYTEENA_B                    ; 4                    ; Signed Integer                                                    ;
; RAM_BLOCK_TYPE                     ; AUTO                 ; Untyped                                                           ;
; BYTE_SIZE                          ; 8                    ; Signed Integer                                                    ;
; READ_DURING_WRITE_MODE_MIXED_PORTS ; OLD_DATA             ; Untyped                                                           ;
; READ_DURING_WRITE_MODE_PORT_A      ; NEW_DATA_NO_NBE_READ ; Untyped                                                           ;
; READ_DURING_WRITE_MODE_PORT_B      ; NEW_DATA_NO_NBE_READ ; Untyped                                                           ;
; INIT_FILE                          ; UNUSED               ; Untyped                                                           ;
; INIT_FILE_LAYOUT                   ; PORT_A               ; Untyped                                                           ;
; MAXIMUM_DEPTH                      ; 1024                 ; Signed Integer                                                    ;
; CLOCK_ENABLE_INPUT_A               ; NORMAL               ; Untyped                                                           ;
; CLOCK_ENABLE_INPUT_B               ; NORMAL               ; Untyped                                                           ;
; CLOCK_ENABLE_OUTPUT_A              ; NORMAL               ; Untyped                                                           ;
; CLOCK_ENABLE_OUTPUT_B              ; NORMAL               ; Untyped                                                           ;
; CLOCK_ENABLE_CORE_A                ; USE_INPUT_CLKEN      ; Untyped                                                           ;
; CLOCK_ENABLE_CORE_B                ; USE_INPUT_CLKEN      ; Untyped                                                           ;
; ENABLE_ECC                         ; FALSE                ; Untyped                                                           ;
; ECC_PIPELINE_STAGE_ENABLED         ; FALSE                ; Untyped                                                           ;
; WIDTH_ECCSTATUS                    ; 3                    ; Untyped                                                           ;
; DEVICE_FAMILY                      ; Cyclone V            ; Untyped                                                           ;
; CBXI_PARAMETER                     ; altsyncram_m872      ; Untyped                                                           ;
+------------------------------------+----------------------+-------------------------------------------------------------------+
Note: In order to hide this table in the UI and the text report file, please set the "Show Parameter Settings in Synthesis Report" option in "Analysis and Synthesis Settings -> More Settings" to "Off".


+---------------------------------------------------------------------------------------------------------------------------------------------------------------------+
; Parameter Settings for User Entity Instance: HPSfgpa2:u0|HPSfgpa2_mm_interconnect_0:mm_interconnect_0|altera_merlin_slave_translator:onchip_memory2_0_s1_translator ;
+--------------------------------+-------+----------------------------------------------------------------------------------------------------------------------------+
; Parameter Name                 ; Value ; Type                                                                                                                       ;
+--------------------------------+-------+----------------------------------------------------------------------------------------------------------------------------+
; AV_ADDRESS_W                   ; 10    ; Signed Integer                                                                                                             ;
; AV_DATA_W                      ; 32    ; Signed Integer                                                                                                             ;
; AV_BURSTCOUNT_W                ; 1     ; Signed Integer                                                                                                             ;
; AV_BYTEENABLE_W                ; 4     ; Signed Integer                                                                                                             ;
; UAV_BYTEENABLE_W               ; 4     ; Signed Integer                                                                                                             ;
; AV_READLATENCY                 ; 1     ; Signed Integer                                                                                                             ;
; AV_READ_WAIT_CYCLES            ; 0     ; Signed Integer                                                                                                             ;
; AV_WRITE_WAIT_CYCLES           ; 0     ; Signed Integer                                                                                                             ;
; AV_SETUP_WAIT_CYCLES           ; 0     ; Signed Integer                                                                                                             ;
; AV_DATA_HOLD_CYCLES            ; 0     ; Signed Integer                                                                                                             ;
; USE_READDATAVALID              ; 0     ; Signed Integer                                                                                                             ;
; USE_WAITREQUEST                ; 0     ; Signed Integer                                                                                                             ;
; USE_READRESPONSE               ; 0     ; Signed Integer                                                                                                             ;
; USE_WRITERESPONSE              ; 0     ; Signed Integer                                                                                                             ;
; AV_SYMBOLS_PER_WORD            ; 4     ; Signed Integer                                                                                                             ;
; AV_ADDRESS_SYMBOLS             ; 0     ; Signed Integer                                                                                                             ;
; AV_BURSTCOUNT_SYMBOLS          ; 0     ; Signed Integer                                                                                                             ;
; BITS_PER_WORD                  ; 2     ; Signed Integer                                                                                                             ;
; UAV_ADDRESS_W                  ; 21    ; Signed Integer                                                                                                             ;
; UAV_BURSTCOUNT_W               ; 3     ; Signed Integer                                                                                                             ;
; UAV_DATA_W                     ; 32    ; Signed Integer                                                                                                             ;
; AV_CONSTANT_BURST_BEHAVIOR     ; 0     ; Signed Integer                                                                                                             ;
; UAV_CONSTANT_BURST_BEHAVIOR    ; 0     ; Signed Integer                                                                                                             ;
; CHIPSELECT_THROUGH_READLATENCY ; 0     ; Signed Integer                                                                                                             ;
; USE_UAV_CLKEN                  ; 0     ; Signed Integer                                                                                                             ;
; AV_REQUIRE_UNALIGNED_ADDRESSES ; 0     ; Signed Integer                                                                                                             ;
+--------------------------------+-------+----------------------------------------------------------------------------------------------------------------------------+
Note: In order to hide this table in the UI and the text report file, please set the "Show Parameter Settings in Synthesis Report" option in "Analysis and Synthesis Settings -> More Settings" to "Off".


+-----------------------------------------------------------------------------------------------------------------------------------------------------------------+
; Parameter Settings for User Entity Instance: HPSfgpa2:u0|HPSfgpa2_mm_interconnect_0:mm_interconnect_0|altera_merlin_axi_master_ni:hps_0_h2f_lw_axi_master_agent ;
+---------------------------+-------+-----------------------------------------------------------------------------------------------------------------------------+
; Parameter Name            ; Value ; Type                                                                                                                        ;
+---------------------------+-------+-----------------------------------------------------------------------------------------------------------------------------+
; ID_WIDTH                  ; 12    ; Signed Integer                                                                                                              ;
; ADDR_WIDTH                ; 21    ; Signed Integer                                                                                                              ;
; RDATA_WIDTH               ; 32    ; Signed Integer                                                                                                              ;
; WDATA_WIDTH               ; 32    ; Signed Integer                                                                                                              ;
; ADDR_USER_WIDTH           ; 1     ; Signed Integer                                                                                                              ;
; DATA_USER_WIDTH           ; 1     ; Signed Integer                                                                                                              ;
; AXI_LOCK_WIDTH            ; 2     ; Signed Integer                                                                                                              ;
; AXI_BURST_LENGTH_WIDTH    ; 4     ; Signed Integer                                                                                                              ;
; WRITE_ISSUING_CAPABILITY  ; 8     ; Signed Integer                                                                                                              ;
; READ_ISSUING_CAPABILITY   ; 8     ; Signed Integer                                                                                                              ;
; AXI_VERSION               ; AXI3  ; String                                                                                                                      ;
; PKT_THREAD_ID_H           ; 99    ; Signed Integer                                                                                                              ;
; PKT_THREAD_ID_L           ; 88    ; Signed Integer                                                                                                              ;
; PKT_QOS_H                 ; 85    ; Signed Integer                                                                                                              ;
; PKT_QOS_L                 ; 85    ; Signed Integer                                                                                                              ;
; PKT_BEGIN_BURST           ; 84    ; Signed Integer                                                                                                              ;
; PKT_CACHE_H               ; 106   ; Signed Integer                                                                                                              ;
; PKT_CACHE_L               ; 103   ; Signed Integer                                                                                                              ;
; PKT_ADDR_SIDEBAND_H       ; 82    ; Signed Integer                                                                                                              ;
; PKT_ADDR_SIDEBAND_L       ; 82    ; Signed Integer                                                                                                              ;
; PKT_DATA_SIDEBAND_H       ; 83    ; Signed Integer                                                                                                              ;
; PKT_DATA_SIDEBAND_L       ; 83    ; Signed Integer                                                                                                              ;
; PKT_PROTECTION_H          ; 102   ; Signed Integer                                                                                                              ;
; PKT_PROTECTION_L          ; 100   ; Signed Integer                                                                                                              ;
; PKT_BURST_SIZE_H          ; 79    ; Signed Integer                                                                                                              ;
; PKT_BURST_SIZE_L          ; 77    ; Signed Integer                                                                                                              ;
; PKT_BURST_TYPE_H          ; 81    ; Signed Integer                                                                                                              ;
; PKT_BURST_TYPE_L          ; 80    ; Signed Integer                                                                                                              ;
; PKT_RESPONSE_STATUS_L     ; 107   ; Signed Integer                                                                                                              ;
; PKT_RESPONSE_STATUS_H     ; 108   ; Signed Integer                                                                                                              ;
; PKT_BURSTWRAP_H           ; 76    ; Signed Integer                                                                                                              ;
; PKT_BURSTWRAP_L           ; 70    ; Signed Integer                                                                                                              ;
; PKT_BYTE_CNT_H            ; 69    ; Signed Integer                                                                                                              ;
; PKT_BYTE_CNT_L            ; 63    ; Signed Integer                                                                                                              ;
; PKT_ADDR_H                ; 56    ; Signed Integer                                                                                                              ;
; PKT_ADDR_L                ; 36    ; Signed Integer                                                                                                              ;
; PKT_TRANS_EXCLUSIVE       ; 62    ; Signed Integer                                                                                                              ;
; PKT_TRANS_LOCK            ; 61    ; Signed Integer                                                                                                              ;
; PKT_TRANS_COMPRESSED_READ ; 57    ; Signed Integer                                                                                                              ;
; PKT_TRANS_POSTED          ; 58    ; Signed Integer                                                                                                              ;
; PKT_TRANS_WRITE           ; 59    ; Signed Integer                                                                                                              ;
; PKT_TRANS_READ            ; 60    ; Signed Integer                                                                                                              ;
; PKT_DATA_H                ; 31    ; Signed Integer                                                                                                              ;
; PKT_DATA_L                ; 0     ; Signed Integer                                                                                                              ;
; PKT_BYTEEN_H              ; 35    ; Signed Integer                                                                                                              ;
; PKT_BYTEEN_L              ; 32    ; Signed Integer                                                                                                              ;
; PKT_SRC_ID_H              ; 86    ; Signed Integer                                                                                                              ;
; PKT_SRC_ID_L              ; 86    ; Signed Integer                                                                                                              ;
; PKT_DEST_ID_H             ; 87    ; Signed Integer                                                                                                              ;
; PKT_DEST_ID_L             ; 87    ; Signed Integer                                                                                                              ;
; PKT_ORI_BURST_SIZE_H      ; 111   ; Signed Integer                                                                                                              ;
; PKT_ORI_BURST_SIZE_L      ; 109   ; Signed Integer                                                                                                              ;
; ST_DATA_W                 ; 112   ; Signed Integer                                                                                                              ;
; ST_CHANNEL_W              ; 2     ; Signed Integer                                                                                                              ;
; ID                        ; 0     ; Signed Integer                                                                                                              ;
; PKT_BURSTWRAP_W           ; 7     ; Signed Integer                                                                                                              ;
; PKT_BYTE_CNT_W            ; 7     ; Signed Integer                                                                                                              ;
; PKT_ADDR_W                ; 21    ; Signed Integer                                                                                                              ;
; PKT_DATA_W                ; 32    ; Signed Integer                                                                                                              ;
; PKT_BYTEEN_W              ; 4     ; Signed Integer                                                                                                              ;
; PKT_SRC_ID_W              ; 1     ; Signed Integer                                                                                                              ;
; PKT_DEST_ID_W             ; 1     ; Signed Integer                                                                                                              ;
+---------------------------+-------+-----------------------------------------------------------------------------------------------------------------------------+
Note: In order to hide this table in the UI and the text report file, please set the "Show Parameter Settings in Synthesis Report" option in "Analysis and Synthesis Settings -> More Settings" to "Off".


+-----------------------------------------------------------------------------------------------------------------------------------------------------------------------------------------------------------------------+
; Parameter Settings for User Entity Instance: HPSfgpa2:u0|HPSfgpa2_mm_interconnect_0:mm_interconnect_0|altera_merlin_axi_master_ni:hps_0_h2f_lw_axi_master_agent|altera_merlin_address_alignment:align_address_to_size ;
+-------------------+-------+-------------------------------------------------------------------------------------------------------------------------------------------------------------------------------------------+
; Parameter Name    ; Value ; Type                                                                                                                                                                                      ;
+-------------------+-------+-------------------------------------------------------------------------------------------------------------------------------------------------------------------------------------------+
; ADDR_W            ; 21    ; Signed Integer                                                                                                                                                                            ;
; BURSTWRAP_W       ; 7     ; Signed Integer                                                                                                                                                                            ;
; TYPE_W            ; 2     ; Signed Integer                                                                                                                                                                            ;
; SIZE_W            ; 3     ; Signed Integer                                                                                                                                                                            ;
; INCREMENT_ADDRESS ; 1     ; Signed Integer                                                                                                                                                                            ;
; NUMSYMBOLS        ; 4     ; Signed Integer                                                                                                                                                                            ;
; SELECT_BITS       ; 2     ; Signed Integer                                                                                                                                                                            ;
; IN_DATA_W         ; 32    ; Signed Integer                                                                                                                                                                            ;
; OUT_DATA_W        ; 23    ; Signed Integer                                                                                                                                                                            ;
+-------------------+-------+-------------------------------------------------------------------------------------------------------------------------------------------------------------------------------------------+
Note: In order to hide this table in the UI and the text report file, please set the "Show Parameter Settings in Synthesis Report" option in "Analysis and Synthesis Settings -> More Settings" to "Off".


+-----------------------------------------------------------------------------------------------------------------------------------------------------------+
; Parameter Settings for User Entity Instance: HPSfgpa2:u0|HPSfgpa2_mm_interconnect_0:mm_interconnect_0|altera_merlin_slave_agent:onchip_memory2_0_s1_agent ;
+---------------------------+-------+-----------------------------------------------------------------------------------------------------------------------+
; Parameter Name            ; Value ; Type                                                                                                                  ;
+---------------------------+-------+-----------------------------------------------------------------------------------------------------------------------+
; PKT_BEGIN_BURST           ; 84    ; Signed Integer                                                                                                        ;
; PKT_DATA_H                ; 31    ; Signed Integer                                                                                                        ;
; PKT_DATA_L                ; 0     ; Signed Integer                                                                                                        ;
; PKT_SYMBOL_W              ; 8     ; Signed Integer                                                                                                        ;
; PKT_BYTEEN_H              ; 35    ; Signed Integer                                                                                                        ;
; PKT_BYTEEN_L              ; 32    ; Signed Integer                                                                                                        ;
; PKT_ADDR_H                ; 56    ; Signed Integer                                                                                                        ;
; PKT_ADDR_L                ; 36    ; Signed Integer                                                                                                        ;
; PKT_TRANS_LOCK            ; 61    ; Signed Integer                                                                                                        ;
; PKT_TRANS_COMPRESSED_READ ; 57    ; Signed Integer                                                                                                        ;
; PKT_TRANS_POSTED          ; 58    ; Signed Integer                                                                                                        ;
; PKT_TRANS_WRITE           ; 59    ; Signed Integer                                                                                                        ;
; PKT_TRANS_READ            ; 60    ; Signed Integer                                                                                                        ;
; PKT_SRC_ID_H              ; 86    ; Signed Integer                                                                                                        ;
; PKT_SRC_ID_L              ; 86    ; Signed Integer                                                                                                        ;
; PKT_DEST_ID_H             ; 87    ; Signed Integer                                                                                                        ;
; PKT_DEST_ID_L             ; 87    ; Signed Integer                                                                                                        ;
; PKT_BURSTWRAP_H           ; 76    ; Signed Integer                                                                                                        ;
; PKT_BURSTWRAP_L           ; 70    ; Signed Integer                                                                                                        ;
; PKT_BYTE_CNT_H            ; 69    ; Signed Integer                                                                                                        ;
; PKT_BYTE_CNT_L            ; 63    ; Signed Integer                                                                                                        ;
; PKT_PROTECTION_H          ; 102   ; Signed Integer                                                                                                        ;
; PKT_PROTECTION_L          ; 100   ; Signed Integer                                                                                                        ;
; PKT_RESPONSE_STATUS_H     ; 108   ; Signed Integer                                                                                                        ;
; PKT_RESPONSE_STATUS_L     ; 107   ; Signed Integer                                                                                                        ;
; PKT_BURST_SIZE_H          ; 79    ; Signed Integer                                                                                                        ;
; PKT_BURST_SIZE_L          ; 77    ; Signed Integer                                                                                                        ;
; PKT_ORI_BURST_SIZE_L      ; 109   ; Signed Integer                                                                                                        ;
; PKT_ORI_BURST_SIZE_H      ; 111   ; Signed Integer                                                                                                        ;
; ST_DATA_W                 ; 112   ; Signed Integer                                                                                                        ;
; ST_CHANNEL_W              ; 2     ; Signed Integer                                                                                                        ;
; ADDR_W                    ; 21    ; Signed Integer                                                                                                        ;
; AVS_DATA_W                ; 32    ; Signed Integer                                                                                                        ;
; AVS_BURSTCOUNT_W          ; 3     ; Signed Integer                                                                                                        ;
; PKT_SYMBOLS               ; 4     ; Signed Integer                                                                                                        ;
; PREVENT_FIFO_OVERFLOW     ; 1     ; Signed Integer                                                                                                        ;
; SUPPRESS_0_BYTEEN_CMD     ; 1     ; Signed Integer                                                                                                        ;
; USE_READRESPONSE          ; 0     ; Signed Integer                                                                                                        ;
; USE_WRITERESPONSE         ; 0     ; Signed Integer                                                                                                        ;
; AVS_BE_W                  ; 4     ; Signed Integer                                                                                                        ;
; BURST_SIZE_W              ; 3     ; Signed Integer                                                                                                        ;
; FIFO_DATA_W               ; 113   ; Signed Integer                                                                                                        ;
; ECC_ENABLE                ; 0     ; Signed Integer                                                                                                        ;
+---------------------------+-------+-----------------------------------------------------------------------------------------------------------------------+
Note: In order to hide this table in the UI and the text report file, please set the "Show Parameter Settings in Synthesis Report" option in "Analysis and Synthesis Settings -> More Settings" to "Off".


+---------------------------------------------------------------------------------------------------------------------------------------------------------------------------------------------------------+
; Parameter Settings for User Entity Instance: HPSfgpa2:u0|HPSfgpa2_mm_interconnect_0:mm_interconnect_0|altera_merlin_slave_agent:onchip_memory2_0_s1_agent|altera_merlin_burst_uncompressor:uncompressor ;
+----------------+-------+--------------------------------------------------------------------------------------------------------------------------------------------------------------------------------+
; Parameter Name ; Value ; Type                                                                                                                                                                           ;
+----------------+-------+--------------------------------------------------------------------------------------------------------------------------------------------------------------------------------+
; ADDR_W         ; 21    ; Signed Integer                                                                                                                                                                 ;
; BURSTWRAP_W    ; 7     ; Signed Integer                                                                                                                                                                 ;
; BYTE_CNT_W     ; 7     ; Signed Integer                                                                                                                                                                 ;
; PKT_SYMBOLS    ; 4     ; Signed Integer                                                                                                                                                                 ;
; BURST_SIZE_W   ; 3     ; Signed Integer                                                                                                                                                                 ;
+----------------+-------+--------------------------------------------------------------------------------------------------------------------------------------------------------------------------------+
Note: In order to hide this table in the UI and the text report file, please set the "Show Parameter Settings in Synthesis Report" option in "Analysis and Synthesis Settings -> More Settings" to "Off".


+----------------------------------------------------------------------------------------------------------------------------------------------------------------+
; Parameter Settings for User Entity Instance: HPSfgpa2:u0|HPSfgpa2_mm_interconnect_0:mm_interconnect_0|altera_avalon_sc_fifo:onchip_memory2_0_s1_agent_rsp_fifo ;
+---------------------+-------+----------------------------------------------------------------------------------------------------------------------------------+
; Parameter Name      ; Value ; Type                                                                                                                             ;
+---------------------+-------+----------------------------------------------------------------------------------------------------------------------------------+
; SYMBOLS_PER_BEAT    ; 1     ; Signed Integer                                                                                                                   ;
; BITS_PER_SYMBOL     ; 113   ; Signed Integer                                                                                                                   ;
; FIFO_DEPTH          ; 2     ; Signed Integer                                                                                                                   ;
; CHANNEL_WIDTH       ; 0     ; Signed Integer                                                                                                                   ;
; ERROR_WIDTH         ; 0     ; Signed Integer                                                                                                                   ;
; USE_PACKETS         ; 1     ; Signed Integer                                                                                                                   ;
; USE_FILL_LEVEL      ; 0     ; Signed Integer                                                                                                                   ;
; USE_STORE_FORWARD   ; 0     ; Signed Integer                                                                                                                   ;
; USE_ALMOST_FULL_IF  ; 0     ; Signed Integer                                                                                                                   ;
; USE_ALMOST_EMPTY_IF ; 0     ; Signed Integer                                                                                                                   ;
; EMPTY_LATENCY       ; 1     ; Signed Integer                                                                                                                   ;
; USE_MEMORY_BLOCKS   ; 0     ; Signed Integer                                                                                                                   ;
; DATA_WIDTH          ; 113   ; Signed Integer                                                                                                                   ;
; EMPTY_WIDTH         ; 0     ; Signed Integer                                                                                                                   ;
+---------------------+-------+----------------------------------------------------------------------------------------------------------------------------------+
Note: In order to hide this table in the UI and the text report file, please set the "Show Parameter Settings in Synthesis Report" option in "Analysis and Synthesis Settings -> More Settings" to "Off".


+------------------------------------------------------------------------------------------------------------------------------------------------------------------+
; Parameter Settings for User Entity Instance: HPSfgpa2:u0|HPSfgpa2_mm_interconnect_0:mm_interconnect_0|altera_avalon_sc_fifo:onchip_memory2_0_s1_agent_rdata_fifo ;
+---------------------+-------+------------------------------------------------------------------------------------------------------------------------------------+
; Parameter Name      ; Value ; Type                                                                                                                               ;
+---------------------+-------+------------------------------------------------------------------------------------------------------------------------------------+
; SYMBOLS_PER_BEAT    ; 1     ; Signed Integer                                                                                                                     ;
; BITS_PER_SYMBOL     ; 34    ; Signed Integer                                                                                                                     ;
; FIFO_DEPTH          ; 2     ; Signed Integer                                                                                                                     ;
; CHANNEL_WIDTH       ; 0     ; Signed Integer                                                                                                                     ;
; ERROR_WIDTH         ; 0     ; Signed Integer                                                                                                                     ;
; USE_PACKETS         ; 0     ; Signed Integer                                                                                                                     ;
; USE_FILL_LEVEL      ; 0     ; Signed Integer                                                                                                                     ;
; USE_STORE_FORWARD   ; 0     ; Signed Integer                                                                                                                     ;
; USE_ALMOST_FULL_IF  ; 0     ; Signed Integer                                                                                                                     ;
; USE_ALMOST_EMPTY_IF ; 0     ; Signed Integer                                                                                                                     ;
; EMPTY_LATENCY       ; 0     ; Signed Integer                                                                                                                     ;
; USE_MEMORY_BLOCKS   ; 0     ; Signed Integer                                                                                                                     ;
; DATA_WIDTH          ; 34    ; Signed Integer                                                                                                                     ;
; EMPTY_WIDTH         ; 0     ; Signed Integer                                                                                                                     ;
+---------------------+-------+------------------------------------------------------------------------------------------------------------------------------------+
Note: In order to hide this table in the UI and the text report file, please set the "Show Parameter Settings in Synthesis Report" option in "Analysis and Synthesis Settings -> More Settings" to "Off".


+--------------------------------------------------------------------------------------------------------------------------------------------------------------------------------------------------------------------+
; Parameter Settings for User Entity Instance: HPSfgpa2:u0|HPSfgpa2_mm_interconnect_0:mm_interconnect_0|HPSfgpa2_mm_interconnect_0_router:router|HPSfgpa2_mm_interconnect_0_router_default_decode:the_default_decode ;
+--------------------+-------+---------------------------------------------------------------------------------------------------------------------------------------------------------------------------------------+
; Parameter Name     ; Value ; Type                                                                                                                                                                                  ;
+--------------------+-------+---------------------------------------------------------------------------------------------------------------------------------------------------------------------------------------+
; DEFAULT_CHANNEL    ; 0     ; Signed Integer                                                                                                                                                                        ;
; DEFAULT_WR_CHANNEL ; -1    ; Signed Integer                                                                                                                                                                        ;
; DEFAULT_RD_CHANNEL ; -1    ; Signed Integer                                                                                                                                                                        ;
; DEFAULT_DESTID     ; 0     ; Signed Integer                                                                                                                                                                        ;
+--------------------+-------+---------------------------------------------------------------------------------------------------------------------------------------------------------------------------------------+
Note: In order to hide this table in the UI and the text report file, please set the "Show Parameter Settings in Synthesis Report" option in "Analysis and Synthesis Settings -> More Settings" to "Off".


+------------------------------------------------------------------------------------------------------------------------------------------------------------------------------------------------------------------------+
; Parameter Settings for User Entity Instance: HPSfgpa2:u0|HPSfgpa2_mm_interconnect_0:mm_interconnect_0|HPSfgpa2_mm_interconnect_0_router:router_001|HPSfgpa2_mm_interconnect_0_router_default_decode:the_default_decode ;
+--------------------+-------+-------------------------------------------------------------------------------------------------------------------------------------------------------------------------------------------+
; Parameter Name     ; Value ; Type                                                                                                                                                                                      ;
+--------------------+-------+-------------------------------------------------------------------------------------------------------------------------------------------------------------------------------------------+
; DEFAULT_CHANNEL    ; 0     ; Signed Integer                                                                                                                                                                            ;
; DEFAULT_WR_CHANNEL ; -1    ; Signed Integer                                                                                                                                                                            ;
; DEFAULT_RD_CHANNEL ; -1    ; Signed Integer                                                                                                                                                                            ;
; DEFAULT_DESTID     ; 0     ; Signed Integer                                                                                                                                                                            ;
+--------------------+-------+-------------------------------------------------------------------------------------------------------------------------------------------------------------------------------------------+
Note: In order to hide this table in the UI and the text report file, please set the "Show Parameter Settings in Synthesis Report" option in "Analysis and Synthesis Settings -> More Settings" to "Off".


+--------------------------------------------------------------------------------------------------------------------------------------------------------------------------------------------------------------------------------+
; Parameter Settings for User Entity Instance: HPSfgpa2:u0|HPSfgpa2_mm_interconnect_0:mm_interconnect_0|HPSfgpa2_mm_interconnect_0_router_002:router_002|HPSfgpa2_mm_interconnect_0_router_002_default_decode:the_default_decode ;
+--------------------+-------+---------------------------------------------------------------------------------------------------------------------------------------------------------------------------------------------------+
; Parameter Name     ; Value ; Type                                                                                                                                                                                              ;
+--------------------+-------+---------------------------------------------------------------------------------------------------------------------------------------------------------------------------------------------------+
; DEFAULT_CHANNEL    ; -1    ; Signed Integer                                                                                                                                                                                    ;
; DEFAULT_WR_CHANNEL ; 0     ; Signed Integer                                                                                                                                                                                    ;
; DEFAULT_RD_CHANNEL ; 1     ; Signed Integer                                                                                                                                                                                    ;
; DEFAULT_DESTID     ; 0     ; Signed Integer                                                                                                                                                                                    ;
+--------------------+-------+---------------------------------------------------------------------------------------------------------------------------------------------------------------------------------------------------+
Note: In order to hide this table in the UI and the text report file, please set the "Show Parameter Settings in Synthesis Report" option in "Analysis and Synthesis Settings -> More Settings" to "Off".


+---------------------------------------------------------------------------------------------------------------------------------------------------------------------+
; Parameter Settings for User Entity Instance: HPSfgpa2:u0|HPSfgpa2_mm_interconnect_0:mm_interconnect_0|altera_merlin_burst_adapter:onchip_memory2_0_s1_burst_adapter ;
+---------------------------+-------+---------------------------------------------------------------------------------------------------------------------------------+
; Parameter Name            ; Value ; Type                                                                                                                            ;
+---------------------------+-------+---------------------------------------------------------------------------------------------------------------------------------+
; ADAPTER_VERSION           ; 13.1  ; String                                                                                                                          ;
; COMPRESSED_READ_SUPPORT   ; 1     ; Signed Integer                                                                                                                  ;
; PKT_BEGIN_BURST           ; 84    ; Signed Integer                                                                                                                  ;
; PKT_ADDR_H                ; 56    ; Signed Integer                                                                                                                  ;
; PKT_ADDR_L                ; 36    ; Signed Integer                                                                                                                  ;
; PKT_BYTE_CNT_H            ; 69    ; Signed Integer                                                                                                                  ;
; PKT_BYTE_CNT_L            ; 63    ; Signed Integer                                                                                                                  ;
; PKT_BURSTWRAP_H           ; 76    ; Signed Integer                                                                                                                  ;
; PKT_BURSTWRAP_L           ; 70    ; Signed Integer                                                                                                                  ;
; PKT_TRANS_COMPRESSED_READ ; 57    ; Signed Integer                                                                                                                  ;
; PKT_TRANS_WRITE           ; 59    ; Signed Integer                                                                                                                  ;
; PKT_TRANS_READ            ; 60    ; Signed Integer                                                                                                                  ;
; PKT_BYTEEN_H              ; 35    ; Signed Integer                                                                                                                  ;
; PKT_BYTEEN_L              ; 32    ; Signed Integer                                                                                                                  ;
; PKT_BURST_TYPE_H          ; 81    ; Signed Integer                                                                                                                  ;
; PKT_BURST_TYPE_L          ; 80    ; Signed Integer                                                                                                                  ;
; PKT_BURST_SIZE_H          ; 79    ; Signed Integer                                                                                                                  ;
; PKT_BURST_SIZE_L          ; 77    ; Signed Integer                                                                                                                  ;
; ST_DATA_W                 ; 112   ; Signed Integer                                                                                                                  ;
; ST_CHANNEL_W              ; 2     ; Signed Integer                                                                                                                  ;
; IN_NARROW_SIZE            ; 1     ; Signed Integer                                                                                                                  ;
; NO_WRAP_SUPPORT           ; 0     ; Signed Integer                                                                                                                  ;
; INCOMPLETE_WRAP_SUPPORT   ; 0     ; Signed Integer                                                                                                                  ;
; BURSTWRAP_CONST_MASK      ; 0     ; Signed Integer                                                                                                                  ;
; BURSTWRAP_CONST_VALUE     ; 0     ; Signed Integer                                                                                                                  ;
; OUT_NARROW_SIZE           ; 0     ; Signed Integer                                                                                                                  ;
; OUT_FIXED                 ; 0     ; Signed Integer                                                                                                                  ;
; OUT_COMPLETE_WRAP         ; 0     ; Signed Integer                                                                                                                  ;
; BYTEENABLE_SYNTHESIS      ; 1     ; Signed Integer                                                                                                                  ;
; PIPE_INPUTS               ; 0     ; Signed Integer                                                                                                                  ;
; OUT_BYTE_CNT_H            ; 65    ; Signed Integer                                                                                                                  ;
; OUT_BURSTWRAP_H           ; 76    ; Signed Integer                                                                                                                  ;
+---------------------------+-------+---------------------------------------------------------------------------------------------------------------------------------+
Note: In order to hide this table in the UI and the text report file, please set the "Show Parameter Settings in Synthesis Report" option in "Analysis and Synthesis Settings -> More Settings" to "Off".


+-----------------------------------------------------------------------------------------------------------------------------------------------------------------------------------------------------------------------------------------------------+
; Parameter Settings for User Entity Instance: HPSfgpa2:u0|HPSfgpa2_mm_interconnect_0:mm_interconnect_0|altera_merlin_burst_adapter:onchip_memory2_0_s1_burst_adapter|altera_merlin_burst_adapter_13_1:altera_merlin_burst_adapter_13_1.burst_adapter ;
+---------------------------+-------+-----------------------------------------------------------------------------------------------------------------------------------------------------------------------------------------------------------------+
; Parameter Name            ; Value ; Type                                                                                                                                                                                                            ;
+---------------------------+-------+-----------------------------------------------------------------------------------------------------------------------------------------------------------------------------------------------------------------+
; PKT_BEGIN_BURST           ; 84    ; Signed Integer                                                                                                                                                                                                  ;
; PKT_ADDR_H                ; 56    ; Signed Integer                                                                                                                                                                                                  ;
; PKT_ADDR_L                ; 36    ; Signed Integer                                                                                                                                                                                                  ;
; PKT_BYTE_CNT_H            ; 69    ; Signed Integer                                                                                                                                                                                                  ;
; PKT_BYTE_CNT_L            ; 63    ; Signed Integer                                                                                                                                                                                                  ;
; PKT_BURSTWRAP_H           ; 76    ; Signed Integer                                                                                                                                                                                                  ;
; PKT_BURSTWRAP_L           ; 70    ; Signed Integer                                                                                                                                                                                                  ;
; PKT_TRANS_COMPRESSED_READ ; 57    ; Signed Integer                                                                                                                                                                                                  ;
; PKT_TRANS_WRITE           ; 59    ; Signed Integer                                                                                                                                                                                                  ;
; PKT_TRANS_READ            ; 60    ; Signed Integer                                                                                                                                                                                                  ;
; PKT_BYTEEN_H              ; 35    ; Signed Integer                                                                                                                                                                                                  ;
; PKT_BYTEEN_L              ; 32    ; Signed Integer                                                                                                                                                                                                  ;
; PKT_BURST_TYPE_H          ; 81    ; Signed Integer                                                                                                                                                                                                  ;
; PKT_BURST_TYPE_L          ; 80    ; Signed Integer                                                                                                                                                                                                  ;
; PKT_BURST_SIZE_H          ; 79    ; Signed Integer                                                                                                                                                                                                  ;
; PKT_BURST_SIZE_L          ; 77    ; Signed Integer                                                                                                                                                                                                  ;
; IN_NARROW_SIZE            ; 1     ; Signed Integer                                                                                                                                                                                                  ;
; OUT_NARROW_SIZE           ; 0     ; Signed Integer                                                                                                                                                                                                  ;
; OUT_FIXED                 ; 0     ; Signed Integer                                                                                                                                                                                                  ;
; OUT_COMPLETE_WRAP         ; 0     ; Signed Integer                                                                                                                                                                                                  ;
; ST_DATA_W                 ; 112   ; Signed Integer                                                                                                                                                                                                  ;
; ST_CHANNEL_W              ; 2     ; Signed Integer                                                                                                                                                                                                  ;
; BYTEENABLE_SYNTHESIS      ; 1     ; Signed Integer                                                                                                                                                                                                  ;
; BURSTWRAP_CONST_MASK      ; 0     ; Signed Integer                                                                                                                                                                                                  ;
; PIPE_INPUTS               ; 0     ; Signed Integer                                                                                                                                                                                                  ;
; NO_WRAP_SUPPORT           ; 0     ; Signed Integer                                                                                                                                                                                                  ;
; BURSTWRAP_CONST_VALUE     ; 0     ; Signed Integer                                                                                                                                                                                                  ;
; OUT_BYTE_CNT_H            ; 65    ; Signed Integer                                                                                                                                                                                                  ;
; OUT_BURSTWRAP_H           ; 76    ; Signed Integer                                                                                                                                                                                                  ;
+---------------------------+-------+-----------------------------------------------------------------------------------------------------------------------------------------------------------------------------------------------------------------+
Note: In order to hide this table in the UI and the text report file, please set the "Show Parameter Settings in Synthesis Report" option in "Analysis and Synthesis Settings -> More Settings" to "Off".


+-----------------------------------------------------------------------------------------------------------------------------------------------------------------------------------------------------------------------------------------------------------------------------------------------------------+
; Parameter Settings for User Entity Instance: HPSfgpa2:u0|HPSfgpa2_mm_interconnect_0:mm_interconnect_0|altera_merlin_burst_adapter:onchip_memory2_0_s1_burst_adapter|altera_merlin_burst_adapter_13_1:altera_merlin_burst_adapter_13_1.burst_adapter|altera_merlin_address_alignment:align_address_to_size ;
+-------------------+-------+-------------------------------------------------------------------------------------------------------------------------------------------------------------------------------------------------------------------------------------------------------------------------------+
; Parameter Name    ; Value ; Type                                                                                                                                                                                                                                                                          ;
+-------------------+-------+-------------------------------------------------------------------------------------------------------------------------------------------------------------------------------------------------------------------------------------------------------------------------------+
; ADDR_W            ; 21    ; Signed Integer                                                                                                                                                                                                                                                                ;
; BURSTWRAP_W       ; 1     ; Signed Integer                                                                                                                                                                                                                                                                ;
; TYPE_W            ; 0     ; Signed Integer                                                                                                                                                                                                                                                                ;
; SIZE_W            ; 3     ; Signed Integer                                                                                                                                                                                                                                                                ;
; INCREMENT_ADDRESS ; 0     ; Signed Integer                                                                                                                                                                                                                                                                ;
; NUMSYMBOLS        ; 4     ; Signed Integer                                                                                                                                                                                                                                                                ;
; SELECT_BITS       ; 2     ; Signed Integer                                                                                                                                                                                                                                                                ;
; IN_DATA_W         ; 24    ; Signed Integer                                                                                                                                                                                                                                                                ;
; OUT_DATA_W        ; 23    ; Signed Integer                                                                                                                                                                                                                                                                ;
+-------------------+-------+-------------------------------------------------------------------------------------------------------------------------------------------------------------------------------------------------------------------------------------------------------------------------------+
Note: In order to hide this table in the UI and the text report file, please set the "Show Parameter Settings in Synthesis Report" option in "Analysis and Synthesis Settings -> More Settings" to "Off".


+-----------------------------------------------------------------------------------------------------------------------------------------------------------------------------------------------------------------------------------------------------------------------------------------------------------------------------+
; Parameter Settings for User Entity Instance: HPSfgpa2:u0|HPSfgpa2_mm_interconnect_0:mm_interconnect_0|altera_merlin_burst_adapter:onchip_memory2_0_s1_burst_adapter|altera_merlin_burst_adapter_13_1:altera_merlin_burst_adapter_13_1.burst_adapter|altera_merlin_burst_adapter_burstwrap_increment:the_burstwrap_increment ;
+----------------+-------+----------------------------------------------------------------------------------------------------------------------------------------------------------------------------------------------------------------------------------------------------------------------------------------------------+
; Parameter Name ; Value ; Type                                                                                                                                                                                                                                                                                               ;
+----------------+-------+----------------------------------------------------------------------------------------------------------------------------------------------------------------------------------------------------------------------------------------------------------------------------------------------------+
; WIDTH          ; 7     ; Signed Integer                                                                                                                                                                                                                                                                                     ;
+----------------+-------+----------------------------------------------------------------------------------------------------------------------------------------------------------------------------------------------------------------------------------------------------------------------------------------------------+
Note: In order to hide this table in the UI and the text report file, please set the "Show Parameter Settings in Synthesis Report" option in "Analysis and Synthesis Settings -> More Settings" to "Off".


+---------------------------------------------------------------------------------------------------------------------------------------------------------------------------------------------------------------------------------------------------------------------------------------------+
; Parameter Settings for User Entity Instance: HPSfgpa2:u0|HPSfgpa2_mm_interconnect_0:mm_interconnect_0|altera_merlin_burst_adapter:onchip_memory2_0_s1_burst_adapter|altera_merlin_burst_adapter_13_1:altera_merlin_burst_adapter_13_1.burst_adapter|altera_merlin_burst_adapter_min:the_min ;
+-------------------+-------+-----------------------------------------------------------------------------------------------------------------------------------------------------------------------------------------------------------------------------------------------------------------+
; Parameter Name    ; Value ; Type                                                                                                                                                                                                                                                            ;
+-------------------+-------+-----------------------------------------------------------------------------------------------------------------------------------------------------------------------------------------------------------------------------------------------------------------+
; PKT_BYTE_CNT_W    ; 7     ; Signed Integer                                                                                                                                                                                                                                                  ;
; PKT_BURSTWRAP_W   ; 7     ; Signed Integer                                                                                                                                                                                                                                                  ;
; PIPELINE_POSITION ; 2     ; Signed Integer                                                                                                                                                                                                                                                  ;
+-------------------+-------+-----------------------------------------------------------------------------------------------------------------------------------------------------------------------------------------------------------------------------------------------------------------+
Note: In order to hide this table in the UI and the text report file, please set the "Show Parameter Settings in Synthesis Report" option in "Analysis and Synthesis Settings -> More Settings" to "Off".


+-------------------------------------------------------------------------------------------------------------------------------------------------------------------------------------------------------------------------------------------------------------------------------------------------------------------------------------------+
; Parameter Settings for User Entity Instance: HPSfgpa2:u0|HPSfgpa2_mm_interconnect_0:mm_interconnect_0|altera_merlin_burst_adapter:onchip_memory2_0_s1_burst_adapter|altera_merlin_burst_adapter_13_1:altera_merlin_burst_adapter_13_1.burst_adapter|altera_merlin_burst_adapter_min:the_min|altera_merlin_burst_adapter_subtractor:ab_sub ;
+----------------+-------+------------------------------------------------------------------------------------------------------------------------------------------------------------------------------------------------------------------------------------------------------------------------------------------------------------------+
; Parameter Name ; Value ; Type                                                                                                                                                                                                                                                                                                             ;
+----------------+-------+------------------------------------------------------------------------------------------------------------------------------------------------------------------------------------------------------------------------------------------------------------------------------------------------------------------+
; WIDTH          ; 8     ; Signed Integer                                                                                                                                                                                                                                                                                                   ;
+----------------+-------+------------------------------------------------------------------------------------------------------------------------------------------------------------------------------------------------------------------------------------------------------------------------------------------------------------------+
Note: In order to hide this table in the UI and the text report file, please set the "Show Parameter Settings in Synthesis Report" option in "Analysis and Synthesis Settings -> More Settings" to "Off".


+--------------------------------------------------------------------------------------------------------------------------------------------------------------------------------------------------------------------------------------------------------------------------------------------------------------------------------------------------------------------------------------+
; Parameter Settings for User Entity Instance: HPSfgpa2:u0|HPSfgpa2_mm_interconnect_0:mm_interconnect_0|altera_merlin_burst_adapter:onchip_memory2_0_s1_burst_adapter|altera_merlin_burst_adapter_13_1:altera_merlin_burst_adapter_13_1.burst_adapter|altera_merlin_burst_adapter_min:the_min|altera_merlin_burst_adapter_subtractor:ab_sub|altera_merlin_burst_adapter_adder:subtract ;
+----------------+-------+-------------------------------------------------------------------------------------------------------------------------------------------------------------------------------------------------------------------------------------------------------------------------------------------------------------------------------------------------------------+
; Parameter Name ; Value ; Type                                                                                                                                                                                                                                                                                                                                                        ;
+----------------+-------+-------------------------------------------------------------------------------------------------------------------------------------------------------------------------------------------------------------------------------------------------------------------------------------------------------------------------------------------------------------+
; WIDTH          ; 8     ; Signed Integer                                                                                                                                                                                                                                                                                                                                              ;
+----------------+-------+-------------------------------------------------------------------------------------------------------------------------------------------------------------------------------------------------------------------------------------------------------------------------------------------------------------------------------------------------------------+
Note: In order to hide this table in the UI and the text report file, please set the "Show Parameter Settings in Synthesis Report" option in "Analysis and Synthesis Settings -> More Settings" to "Off".


+-------------------------------------------------------------------------------------------------------------------------------------------------------------------------------------------------------------------------------------------------------------------------------------------------------------------------------------------+
; Parameter Settings for User Entity Instance: HPSfgpa2:u0|HPSfgpa2_mm_interconnect_0:mm_interconnect_0|altera_merlin_burst_adapter:onchip_memory2_0_s1_burst_adapter|altera_merlin_burst_adapter_13_1:altera_merlin_burst_adapter_13_1.burst_adapter|altera_merlin_burst_adapter_min:the_min|altera_merlin_burst_adapter_subtractor:ac_sub ;
+----------------+-------+------------------------------------------------------------------------------------------------------------------------------------------------------------------------------------------------------------------------------------------------------------------------------------------------------------------+
; Parameter Name ; Value ; Type                                                                                                                                                                                                                                                                                                             ;
+----------------+-------+------------------------------------------------------------------------------------------------------------------------------------------------------------------------------------------------------------------------------------------------------------------------------------------------------------------+
; WIDTH          ; 8     ; Signed Integer                                                                                                                                                                                                                                                                                                   ;
+----------------+-------+------------------------------------------------------------------------------------------------------------------------------------------------------------------------------------------------------------------------------------------------------------------------------------------------------------------+
Note: In order to hide this table in the UI and the text report file, please set the "Show Parameter Settings in Synthesis Report" option in "Analysis and Synthesis Settings -> More Settings" to "Off".


+--------------------------------------------------------------------------------------------------------------------------------------------------------------------------------------------------------------------------------------------------------------------------------------------------------------------------------------------------------------------------------------+
; Parameter Settings for User Entity Instance: HPSfgpa2:u0|HPSfgpa2_mm_interconnect_0:mm_interconnect_0|altera_merlin_burst_adapter:onchip_memory2_0_s1_burst_adapter|altera_merlin_burst_adapter_13_1:altera_merlin_burst_adapter_13_1.burst_adapter|altera_merlin_burst_adapter_min:the_min|altera_merlin_burst_adapter_subtractor:ac_sub|altera_merlin_burst_adapter_adder:subtract ;
+----------------+-------+-------------------------------------------------------------------------------------------------------------------------------------------------------------------------------------------------------------------------------------------------------------------------------------------------------------------------------------------------------------+
; Parameter Name ; Value ; Type                                                                                                                                                                                                                                                                                                                                                        ;
+----------------+-------+-------------------------------------------------------------------------------------------------------------------------------------------------------------------------------------------------------------------------------------------------------------------------------------------------------------------------------------------------------------+
; WIDTH          ; 8     ; Signed Integer                                                                                                                                                                                                                                                                                                                                              ;
+----------------+-------+-------------------------------------------------------------------------------------------------------------------------------------------------------------------------------------------------------------------------------------------------------------------------------------------------------------------------------------------------------------+
Note: In order to hide this table in the UI and the text report file, please set the "Show Parameter Settings in Synthesis Report" option in "Analysis and Synthesis Settings -> More Settings" to "Off".


+-------------------------------------------------------------------------------------------------------------------------------------------------------------------------------------------------------------------------------------------------------------------------------------------------------------------------------------------+
; Parameter Settings for User Entity Instance: HPSfgpa2:u0|HPSfgpa2_mm_interconnect_0:mm_interconnect_0|altera_merlin_burst_adapter:onchip_memory2_0_s1_burst_adapter|altera_merlin_burst_adapter_13_1:altera_merlin_burst_adapter_13_1.burst_adapter|altera_merlin_burst_adapter_min:the_min|altera_merlin_burst_adapter_subtractor:bc_sub ;
+----------------+-------+------------------------------------------------------------------------------------------------------------------------------------------------------------------------------------------------------------------------------------------------------------------------------------------------------------------+
; Parameter Name ; Value ; Type                                                                                                                                                                                                                                                                                                             ;
+----------------+-------+------------------------------------------------------------------------------------------------------------------------------------------------------------------------------------------------------------------------------------------------------------------------------------------------------------------+
; WIDTH          ; 8     ; Signed Integer                                                                                                                                                                                                                                                                                                   ;
+----------------+-------+------------------------------------------------------------------------------------------------------------------------------------------------------------------------------------------------------------------------------------------------------------------------------------------------------------------+
Note: In order to hide this table in the UI and the text report file, please set the "Show Parameter Settings in Synthesis Report" option in "Analysis and Synthesis Settings -> More Settings" to "Off".


+--------------------------------------------------------------------------------------------------------------------------------------------------------------------------------------------------------------------------------------------------------------------------------------------------------------------------------------------------------------------------------------+
; Parameter Settings for User Entity Instance: HPSfgpa2:u0|HPSfgpa2_mm_interconnect_0:mm_interconnect_0|altera_merlin_burst_adapter:onchip_memory2_0_s1_burst_adapter|altera_merlin_burst_adapter_13_1:altera_merlin_burst_adapter_13_1.burst_adapter|altera_merlin_burst_adapter_min:the_min|altera_merlin_burst_adapter_subtractor:bc_sub|altera_merlin_burst_adapter_adder:subtract ;
+----------------+-------+-------------------------------------------------------------------------------------------------------------------------------------------------------------------------------------------------------------------------------------------------------------------------------------------------------------------------------------------------------------+
; Parameter Name ; Value ; Type                                                                                                                                                                                                                                                                                                                                                        ;
+----------------+-------+-------------------------------------------------------------------------------------------------------------------------------------------------------------------------------------------------------------------------------------------------------------------------------------------------------------------------------------------------------------+
; WIDTH          ; 8     ; Signed Integer                                                                                                                                                                                                                                                                                                                                              ;
+----------------+-------+-------------------------------------------------------------------------------------------------------------------------------------------------------------------------------------------------------------------------------------------------------------------------------------------------------------------------------------------------------------+
Note: In order to hide this table in the UI and the text report file, please set the "Show Parameter Settings in Synthesis Report" option in "Analysis and Synthesis Settings -> More Settings" to "Off".


+-------------------------------------------------------------------------------------------------------------------------------------------------------------------------------------------------------------------------------------------------------------------------------------------------------------------------------------------+
; Parameter Settings for User Entity Instance: HPSfgpa2:u0|HPSfgpa2_mm_interconnect_0:mm_interconnect_0|altera_merlin_burst_adapter:onchip_memory2_0_s1_burst_adapter|altera_merlin_burst_adapter_13_1:altera_merlin_burst_adapter_13_1.burst_adapter|altera_merlin_burst_adapter_min:the_min|altera_merlin_burst_adapter_subtractor:da_sub ;
+----------------+-------+------------------------------------------------------------------------------------------------------------------------------------------------------------------------------------------------------------------------------------------------------------------------------------------------------------------+
; Parameter Name ; Value ; Type                                                                                                                                                                                                                                                                                                             ;
+----------------+-------+------------------------------------------------------------------------------------------------------------------------------------------------------------------------------------------------------------------------------------------------------------------------------------------------------------------+
; WIDTH          ; 8     ; Signed Integer                                                                                                                                                                                                                                                                                                   ;
+----------------+-------+------------------------------------------------------------------------------------------------------------------------------------------------------------------------------------------------------------------------------------------------------------------------------------------------------------------+
Note: In order to hide this table in the UI and the text report file, please set the "Show Parameter Settings in Synthesis Report" option in "Analysis and Synthesis Settings -> More Settings" to "Off".


+--------------------------------------------------------------------------------------------------------------------------------------------------------------------------------------------------------------------------------------------------------------------------------------------------------------------------------------------------------------------------------------+
; Parameter Settings for User Entity Instance: HPSfgpa2:u0|HPSfgpa2_mm_interconnect_0:mm_interconnect_0|altera_merlin_burst_adapter:onchip_memory2_0_s1_burst_adapter|altera_merlin_burst_adapter_13_1:altera_merlin_burst_adapter_13_1.burst_adapter|altera_merlin_burst_adapter_min:the_min|altera_merlin_burst_adapter_subtractor:da_sub|altera_merlin_burst_adapter_adder:subtract ;
+----------------+-------+-------------------------------------------------------------------------------------------------------------------------------------------------------------------------------------------------------------------------------------------------------------------------------------------------------------------------------------------------------------+
; Parameter Name ; Value ; Type                                                                                                                                                                                                                                                                                                                                                        ;
+----------------+-------+-------------------------------------------------------------------------------------------------------------------------------------------------------------------------------------------------------------------------------------------------------------------------------------------------------------------------------------------------------------+
; WIDTH          ; 8     ; Signed Integer                                                                                                                                                                                                                                                                                                                                              ;
+----------------+-------+-------------------------------------------------------------------------------------------------------------------------------------------------------------------------------------------------------------------------------------------------------------------------------------------------------------------------------------------------------------+
Note: In order to hide this table in the UI and the text report file, please set the "Show Parameter Settings in Synthesis Report" option in "Analysis and Synthesis Settings -> More Settings" to "Off".


+-------------------------------------------------------------------------------------------------------------------------------------------------------------------------------------------------------------------------------------------------------------------------------------------------------------------------------------------+
; Parameter Settings for User Entity Instance: HPSfgpa2:u0|HPSfgpa2_mm_interconnect_0:mm_interconnect_0|altera_merlin_burst_adapter:onchip_memory2_0_s1_burst_adapter|altera_merlin_burst_adapter_13_1:altera_merlin_burst_adapter_13_1.burst_adapter|altera_merlin_burst_adapter_min:the_min|altera_merlin_burst_adapter_subtractor:db_sub ;
+----------------+-------+------------------------------------------------------------------------------------------------------------------------------------------------------------------------------------------------------------------------------------------------------------------------------------------------------------------+
; Parameter Name ; Value ; Type                                                                                                                                                                                                                                                                                                             ;
+----------------+-------+------------------------------------------------------------------------------------------------------------------------------------------------------------------------------------------------------------------------------------------------------------------------------------------------------------------+
; WIDTH          ; 8     ; Signed Integer                                                                                                                                                                                                                                                                                                   ;
+----------------+-------+------------------------------------------------------------------------------------------------------------------------------------------------------------------------------------------------------------------------------------------------------------------------------------------------------------------+
Note: In order to hide this table in the UI and the text report file, please set the "Show Parameter Settings in Synthesis Report" option in "Analysis and Synthesis Settings -> More Settings" to "Off".


+--------------------------------------------------------------------------------------------------------------------------------------------------------------------------------------------------------------------------------------------------------------------------------------------------------------------------------------------------------------------------------------+
; Parameter Settings for User Entity Instance: HPSfgpa2:u0|HPSfgpa2_mm_interconnect_0:mm_interconnect_0|altera_merlin_burst_adapter:onchip_memory2_0_s1_burst_adapter|altera_merlin_burst_adapter_13_1:altera_merlin_burst_adapter_13_1.burst_adapter|altera_merlin_burst_adapter_min:the_min|altera_merlin_burst_adapter_subtractor:db_sub|altera_merlin_burst_adapter_adder:subtract ;
+----------------+-------+-------------------------------------------------------------------------------------------------------------------------------------------------------------------------------------------------------------------------------------------------------------------------------------------------------------------------------------------------------------+
; Parameter Name ; Value ; Type                                                                                                                                                                                                                                                                                                                                                        ;
+----------------+-------+-------------------------------------------------------------------------------------------------------------------------------------------------------------------------------------------------------------------------------------------------------------------------------------------------------------------------------------------------------------+
; WIDTH          ; 8     ; Signed Integer                                                                                                                                                                                                                                                                                                                                              ;
+----------------+-------+-------------------------------------------------------------------------------------------------------------------------------------------------------------------------------------------------------------------------------------------------------------------------------------------------------------------------------------------------------------+
Note: In order to hide this table in the UI and the text report file, please set the "Show Parameter Settings in Synthesis Report" option in "Analysis and Synthesis Settings -> More Settings" to "Off".


+-------------------------------------------------------------------------------------------------------------------------------------------------------------------------------------------------------------------------------------------------------------------------------------------------------------------------------------------+
; Parameter Settings for User Entity Instance: HPSfgpa2:u0|HPSfgpa2_mm_interconnect_0:mm_interconnect_0|altera_merlin_burst_adapter:onchip_memory2_0_s1_burst_adapter|altera_merlin_burst_adapter_13_1:altera_merlin_burst_adapter_13_1.burst_adapter|altera_merlin_burst_adapter_min:the_min|altera_merlin_burst_adapter_subtractor:dc_sub ;
+----------------+-------+------------------------------------------------------------------------------------------------------------------------------------------------------------------------------------------------------------------------------------------------------------------------------------------------------------------+
; Parameter Name ; Value ; Type                                                                                                                                                                                                                                                                                                             ;
+----------------+-------+------------------------------------------------------------------------------------------------------------------------------------------------------------------------------------------------------------------------------------------------------------------------------------------------------------------+
; WIDTH          ; 8     ; Signed Integer                                                                                                                                                                                                                                                                                                   ;
+----------------+-------+------------------------------------------------------------------------------------------------------------------------------------------------------------------------------------------------------------------------------------------------------------------------------------------------------------------+
Note: In order to hide this table in the UI and the text report file, please set the "Show Parameter Settings in Synthesis Report" option in "Analysis and Synthesis Settings -> More Settings" to "Off".


+--------------------------------------------------------------------------------------------------------------------------------------------------------------------------------------------------------------------------------------------------------------------------------------------------------------------------------------------------------------------------------------+
; Parameter Settings for User Entity Instance: HPSfgpa2:u0|HPSfgpa2_mm_interconnect_0:mm_interconnect_0|altera_merlin_burst_adapter:onchip_memory2_0_s1_burst_adapter|altera_merlin_burst_adapter_13_1:altera_merlin_burst_adapter_13_1.burst_adapter|altera_merlin_burst_adapter_min:the_min|altera_merlin_burst_adapter_subtractor:dc_sub|altera_merlin_burst_adapter_adder:subtract ;
+----------------+-------+-------------------------------------------------------------------------------------------------------------------------------------------------------------------------------------------------------------------------------------------------------------------------------------------------------------------------------------------------------------+
; Parameter Name ; Value ; Type                                                                                                                                                                                                                                                                                                                                                        ;
+----------------+-------+-------------------------------------------------------------------------------------------------------------------------------------------------------------------------------------------------------------------------------------------------------------------------------------------------------------------------------------------------------------+
; WIDTH          ; 8     ; Signed Integer                                                                                                                                                                                                                                                                                                                                              ;
+----------------+-------+-------------------------------------------------------------------------------------------------------------------------------------------------------------------------------------------------------------------------------------------------------------------------------------------------------------------------------------------------------------+
Note: In order to hide this table in the UI and the text report file, please set the "Show Parameter Settings in Synthesis Report" option in "Analysis and Synthesis Settings -> More Settings" to "Off".


+-------------------------------------------------------------------------------------------------------------------------------------------------------------------------------+
; Parameter Settings for User Entity Instance: HPSfgpa2:u0|HPSfgpa2_mm_interconnect_0:mm_interconnect_0|HPSfgpa2_mm_interconnect_0_cmd_mux:cmd_mux|altera_merlin_arbitrator:arb ;
+----------------+-------------+------------------------------------------------------------------------------------------------------------------------------------------------+
; Parameter Name ; Value       ; Type                                                                                                                                           ;
+----------------+-------------+------------------------------------------------------------------------------------------------------------------------------------------------+
; NUM_REQUESTERS ; 2           ; Signed Integer                                                                                                                                 ;
; SCHEME         ; round-robin ; String                                                                                                                                         ;
; PIPELINE       ; 1           ; Signed Integer                                                                                                                                 ;
+----------------+-------------+------------------------------------------------------------------------------------------------------------------------------------------------+
Note: In order to hide this table in the UI and the text report file, please set the "Show Parameter Settings in Synthesis Report" option in "Analysis and Synthesis Settings -> More Settings" to "Off".


+-------------------------------------------------------------------------------------------------------------------------------------------------------------------------------------------------------------+
; Parameter Settings for User Entity Instance: HPSfgpa2:u0|HPSfgpa2_mm_interconnect_0:mm_interconnect_0|HPSfgpa2_mm_interconnect_0_cmd_mux:cmd_mux|altera_merlin_arbitrator:arb|altera_merlin_arb_adder:adder ;
+----------------+-------+------------------------------------------------------------------------------------------------------------------------------------------------------------------------------------+
; Parameter Name ; Value ; Type                                                                                                                                                                               ;
+----------------+-------+------------------------------------------------------------------------------------------------------------------------------------------------------------------------------------+
; WIDTH          ; 4     ; Signed Integer                                                                                                                                                                     ;
+----------------+-------+------------------------------------------------------------------------------------------------------------------------------------------------------------------------------------+
Note: In order to hide this table in the UI and the text report file, please set the "Show Parameter Settings in Synthesis Report" option in "Analysis and Synthesis Settings -> More Settings" to "Off".


+----------------------------------------------------------------------------------------------------------------------------------------------------------------------+
; Parameter Settings for User Entity Instance: HPSfgpa2:u0|HPSfgpa2_mm_interconnect_0:mm_interconnect_0|HPSfgpa2_mm_interconnect_0_avalon_st_adapter:avalon_st_adapter ;
+-----------------+-------+--------------------------------------------------------------------------------------------------------------------------------------------+
; Parameter Name  ; Value ; Type                                                                                                                                       ;
+-----------------+-------+--------------------------------------------------------------------------------------------------------------------------------------------+
; inBitsPerSymbol ; 34    ; Signed Integer                                                                                                                             ;
; inUsePackets    ; 0     ; Signed Integer                                                                                                                             ;
; inDataWidth     ; 34    ; Signed Integer                                                                                                                             ;
; inChannelWidth  ; 0     ; Signed Integer                                                                                                                             ;
; inErrorWidth    ; 0     ; Signed Integer                                                                                                                             ;
; inUseEmptyPort  ; 0     ; Signed Integer                                                                                                                             ;
; inUseValid      ; 1     ; Signed Integer                                                                                                                             ;
; inUseReady      ; 1     ; Signed Integer                                                                                                                             ;
; inReadyLatency  ; 0     ; Signed Integer                                                                                                                             ;
; outDataWidth    ; 34    ; Signed Integer                                                                                                                             ;
; outChannelWidth ; 0     ; Signed Integer                                                                                                                             ;
; outErrorWidth   ; 1     ; Signed Integer                                                                                                                             ;
; outUseEmptyPort ; 0     ; Signed Integer                                                                                                                             ;
; outUseValid     ; 1     ; Signed Integer                                                                                                                             ;
; outUseReady     ; 1     ; Signed Integer                                                                                                                             ;
; outReadyLatency ; 0     ; Signed Integer                                                                                                                             ;
+-----------------+-------+--------------------------------------------------------------------------------------------------------------------------------------------+
Note: In order to hide this table in the UI and the text report file, please set the "Show Parameter Settings in Synthesis Report" option in "Analysis and Synthesis Settings -> More Settings" to "Off".


+-------------------------------------------------------------------------------------------------+
; Parameter Settings for User Entity Instance: HPSfgpa2:u0|altera_reset_controller:rst_controller ;
+---------------------------+----------+----------------------------------------------------------+
; Parameter Name            ; Value    ; Type                                                     ;
+---------------------------+----------+----------------------------------------------------------+
; NUM_RESET_INPUTS          ; 2        ; Signed Integer                                           ;
; USE_RESET_REQUEST_IN0     ; 0        ; Signed Integer                                           ;
; USE_RESET_REQUEST_IN1     ; 0        ; Signed Integer                                           ;
; USE_RESET_REQUEST_IN2     ; 0        ; Signed Integer                                           ;
; USE_RESET_REQUEST_IN3     ; 0        ; Signed Integer                                           ;
; USE_RESET_REQUEST_IN4     ; 0        ; Signed Integer                                           ;
; USE_RESET_REQUEST_IN5     ; 0        ; Signed Integer                                           ;
; USE_RESET_REQUEST_IN6     ; 0        ; Signed Integer                                           ;
; USE_RESET_REQUEST_IN7     ; 0        ; Signed Integer                                           ;
; USE_RESET_REQUEST_IN8     ; 0        ; Signed Integer                                           ;
; USE_RESET_REQUEST_IN9     ; 0        ; Signed Integer                                           ;
; USE_RESET_REQUEST_IN10    ; 0        ; Signed Integer                                           ;
; USE_RESET_REQUEST_IN11    ; 0        ; Signed Integer                                           ;
; USE_RESET_REQUEST_IN12    ; 0        ; Signed Integer                                           ;
; USE_RESET_REQUEST_IN13    ; 0        ; Signed Integer                                           ;
; USE_RESET_REQUEST_IN14    ; 0        ; Signed Integer                                           ;
; USE_RESET_REQUEST_IN15    ; 0        ; Signed Integer                                           ;
; OUTPUT_RESET_SYNC_EDGES   ; deassert ; String                                                   ;
; SYNC_DEPTH                ; 2        ; Signed Integer                                           ;
; RESET_REQUEST_PRESENT     ; 1        ; Signed Integer                                           ;
; RESET_REQ_WAIT_TIME       ; 1        ; Signed Integer                                           ;
; MIN_RST_ASSERTION_TIME    ; 3        ; Signed Integer                                           ;
; RESET_REQ_EARLY_DSRT_TIME ; 1        ; Signed Integer                                           ;
; ADAPT_RESET_REQUEST       ; 0        ; Signed Integer                                           ;
+---------------------------+----------+----------------------------------------------------------+
Note: In order to hide this table in the UI and the text report file, please set the "Show Parameter Settings in Synthesis Report" option in "Analysis and Synthesis Settings -> More Settings" to "Off".


+--------------------------------------------------------------------------------------------------------------------------------------------+
; Parameter Settings for User Entity Instance: HPSfgpa2:u0|altera_reset_controller:rst_controller|altera_reset_synchronizer:alt_rst_sync_uq1 ;
+----------------+-------+-------------------------------------------------------------------------------------------------------------------+
; Parameter Name ; Value ; Type                                                                                                              ;
+----------------+-------+-------------------------------------------------------------------------------------------------------------------+
; ASYNC_RESET    ; 1     ; Unsigned Binary                                                                                                   ;
; DEPTH          ; 2     ; Signed Integer                                                                                                    ;
+----------------+-------+-------------------------------------------------------------------------------------------------------------------+
Note: In order to hide this table in the UI and the text report file, please set the "Show Parameter Settings in Synthesis Report" option in "Analysis and Synthesis Settings -> More Settings" to "Off".


+------------------------------------------------------------------------------------------------------------------------------------------------+
; Parameter Settings for User Entity Instance: HPSfgpa2:u0|altera_reset_controller:rst_controller|altera_reset_synchronizer:alt_rst_req_sync_uq1 ;
+----------------+-------+-----------------------------------------------------------------------------------------------------------------------+
; Parameter Name ; Value ; Type                                                                                                                  ;
+----------------+-------+-----------------------------------------------------------------------------------------------------------------------+
; ASYNC_RESET    ; 0     ; Signed Integer                                                                                                        ;
; DEPTH          ; 2     ; Signed Integer                                                                                                        ;
+----------------+-------+-----------------------------------------------------------------------------------------------------------------------+
Note: In order to hide this table in the UI and the text report file, please set the "Show Parameter Settings in Synthesis Report" option in "Analysis and Synthesis Settings -> More Settings" to "Off".


+-----------------------------------------------------------------------------------------------------+
; Parameter Settings for User Entity Instance: HPSfgpa2:u0|altera_reset_controller:rst_controller_001 ;
+---------------------------+----------+--------------------------------------------------------------+
; Parameter Name            ; Value    ; Type                                                         ;
+---------------------------+----------+--------------------------------------------------------------+
; NUM_RESET_INPUTS          ; 1        ; Signed Integer                                               ;
; USE_RESET_REQUEST_IN0     ; 0        ; Signed Integer                                               ;
; USE_RESET_REQUEST_IN1     ; 0        ; Signed Integer                                               ;
; USE_RESET_REQUEST_IN2     ; 0        ; Signed Integer                                               ;
; USE_RESET_REQUEST_IN3     ; 0        ; Signed Integer                                               ;
; USE_RESET_REQUEST_IN4     ; 0        ; Signed Integer                                               ;
; USE_RESET_REQUEST_IN5     ; 0        ; Signed Integer                                               ;
; USE_RESET_REQUEST_IN6     ; 0        ; Signed Integer                                               ;
; USE_RESET_REQUEST_IN7     ; 0        ; Signed Integer                                               ;
; USE_RESET_REQUEST_IN8     ; 0        ; Signed Integer                                               ;
; USE_RESET_REQUEST_IN9     ; 0        ; Signed Integer                                               ;
; USE_RESET_REQUEST_IN10    ; 0        ; Signed Integer                                               ;
; USE_RESET_REQUEST_IN11    ; 0        ; Signed Integer                                               ;
; USE_RESET_REQUEST_IN12    ; 0        ; Signed Integer                                               ;
; USE_RESET_REQUEST_IN13    ; 0        ; Signed Integer                                               ;
; USE_RESET_REQUEST_IN14    ; 0        ; Signed Integer                                               ;
; USE_RESET_REQUEST_IN15    ; 0        ; Signed Integer                                               ;
; OUTPUT_RESET_SYNC_EDGES   ; deassert ; String                                                       ;
; SYNC_DEPTH                ; 2        ; Signed Integer                                               ;
; RESET_REQUEST_PRESENT     ; 0        ; Signed Integer                                               ;
; RESET_REQ_WAIT_TIME       ; 1        ; Signed Integer                                               ;
; MIN_RST_ASSERTION_TIME    ; 3        ; Signed Integer                                               ;
; RESET_REQ_EARLY_DSRT_TIME ; 1        ; Signed Integer                                               ;
; ADAPT_RESET_REQUEST       ; 0        ; Signed Integer                                               ;
+---------------------------+----------+--------------------------------------------------------------+
Note: In order to hide this table in the UI and the text report file, please set the "Show Parameter Settings in Synthesis Report" option in "Analysis and Synthesis Settings -> More Settings" to "Off".


+------------------------------------------------------------------------------------------------------------------------------------------------+
; Parameter Settings for User Entity Instance: HPSfgpa2:u0|altera_reset_controller:rst_controller_001|altera_reset_synchronizer:alt_rst_sync_uq1 ;
+----------------+-------+-----------------------------------------------------------------------------------------------------------------------+
; Parameter Name ; Value ; Type                                                                                                                  ;
+----------------+-------+-----------------------------------------------------------------------------------------------------------------------+
; ASYNC_RESET    ; 1     ; Unsigned Binary                                                                                                       ;
; DEPTH          ; 2     ; Signed Integer                                                                                                        ;
+----------------+-------+-----------------------------------------------------------------------------------------------------------------------+
Note: In order to hide this table in the UI and the text report file, please set the "Show Parameter Settings in Synthesis Report" option in "Analysis and Synthesis Settings -> More Settings" to "Off".


+----------------------------------------------------------------------------------------------------------------------------------------------------+
; Parameter Settings for User Entity Instance: HPSfgpa2:u0|altera_reset_controller:rst_controller_001|altera_reset_synchronizer:alt_rst_req_sync_uq1 ;
+----------------+-------+---------------------------------------------------------------------------------------------------------------------------+
; Parameter Name ; Value ; Type                                                                                                                      ;
+----------------+-------+---------------------------------------------------------------------------------------------------------------------------+
; ASYNC_RESET    ; 0     ; Signed Integer                                                                                                            ;
; DEPTH          ; 2     ; Signed Integer                                                                                                            ;
+----------------+-------+---------------------------------------------------------------------------------------------------------------------------+
Note: In order to hide this table in the UI and the text report file, please set the "Show Parameter Settings in Synthesis Report" option in "Analysis and Synthesis Settings -> More Settings" to "Off".


+-----------------------------------------------------------+
; Parameter Settings for User Entity Instance: ALUFinal:ALU ;
+----------------+-------+----------------------------------+
; Parameter Name ; Value ; Type                             ;
+----------------+-------+----------------------------------+
; AND            ; 0001  ; Unsigned Binary                  ;
; OR             ; 0010  ; Unsigned Binary                  ;
; XOR            ; 0011  ; Unsigned Binary                  ;
; ADD            ; 0101  ; Unsigned Binary                  ;
; ADDU           ; 0110  ; Unsigned Binary                  ;
; ADDC           ; 0111  ; Unsigned Binary                  ;
; LSH            ; 1000  ; Unsigned Binary                  ;
; SUB            ; 1001  ; Unsigned Binary                  ;
; SUBC           ; 1010  ; Unsigned Binary                  ;
; CMP            ; 1011  ; Unsigned Binary                  ;
; ASH            ; 1101  ; Unsigned Binary                  ;
; MUL            ; 1110  ; Unsigned Binary                  ;
; MOV            ; 1111  ; Unsigned Binary                  ;
+----------------+-------+----------------------------------+
Note: In order to hide this table in the UI and the text report file, please set the "Show Parameter Settings in Synthesis Report" option in "Analysis and Synthesis Settings -> More Settings" to "Off".


+-----------------------------------------------------------+
; Parameter Settings for User Entity Instance: FSMtrial:FSM ;
+----------------+-------+----------------------------------+
; Parameter Name ; Value ; Type                             ;
+----------------+-------+----------------------------------+
; S0             ; 0000  ; Unsigned Binary                  ;
; S1             ; 0001  ; Unsigned Binary                  ;
; S2             ; 0010  ; Unsigned Binary                  ;
; S3             ; 0011  ; Unsigned Binary                  ;
; S4             ; 0100  ; Unsigned Binary                  ;
; S5             ; 0101  ; Unsigned Binary                  ;
; S6             ; 0110  ; Unsigned Binary                  ;
; hlt            ; 1111  ; Unsigned Binary                  ;
+----------------+-------+----------------------------------+
Note: In order to hide this table in the UI and the text report file, please set the "Show Parameter Settings in Synthesis Report" option in "Analysis and Synthesis Settings -> More Settings" to "Off".


+------------------------------------------------------------------------------------------------------------------------------+
; altsyncram Parameter Settings by Entity Instance                                                                             ;
+-------------------------------------------+----------------------------------------------------------------------------------+
; Name                                      ; Value                                                                            ;
+-------------------------------------------+----------------------------------------------------------------------------------+
; Number of entity instances                ; 1                                                                                ;
; Entity Instance                           ; HPSfgpa2:u0|HPSfgpa2_onchip_memory2_0:onchip_memory2_0|altsyncram:the_altsyncram ;
;     -- OPERATION_MODE                     ; BIDIR_DUAL_PORT                                                                  ;
;     -- WIDTH_A                            ; 32                                                                               ;
;     -- NUMWORDS_A                         ; 1024                                                                             ;
;     -- OUTDATA_REG_A                      ; UNREGISTERED                                                                     ;
;     -- WIDTH_B                            ; 32                                                                               ;
;     -- NUMWORDS_B                         ; 1024                                                                             ;
;     -- ADDRESS_REG_B                      ; CLOCK0                                                                           ;
;     -- OUTDATA_REG_B                      ; UNREGISTERED                                                                     ;
;     -- RAM_BLOCK_TYPE                     ; AUTO                                                                             ;
;     -- READ_DURING_WRITE_MODE_MIXED_PORTS ; OLD_DATA                                                                         ;
+-------------------------------------------+----------------------------------------------------------------------------------+


+----------------------------------------------------------------------------------------------------------------+
; Port Connectivity Checks: "FSMtrial:FSM"                                                                       ;
+------+--------+----------+-------------------------------------------------------------------------------------+
; Port ; Type   ; Severity ; Details                                                                             ;
+------+--------+----------+-------------------------------------------------------------------------------------+
; rDst ; Output ; Info     ; Connected to dangling logic. Logic that only feeds a dangling port will be removed. ;
+------+--------+----------+-------------------------------------------------------------------------------------+


+-----------------------------------------------------------------------------------------------------------------------+
; Port Connectivity Checks: "MUX16to1:addrMUX"                                                                          ;
+-------------+--------+----------+-------------------------------------------------------------------------------------+
; Port        ; Type   ; Severity ; Details                                                                             ;
+-------------+--------+----------+-------------------------------------------------------------------------------------+
; out[31..10] ; Output ; Info     ; Connected to dangling logic. Logic that only feeds a dangling port will be removed. ;
+-------------+--------+----------+-------------------------------------------------------------------------------------+


+-----------------------------------------------------------------------------------------------------------------------------------+
; Port Connectivity Checks: "HPSfgpa2:u0|altera_reset_controller:rst_controller_001|altera_reset_synchronizer:alt_rst_req_sync_uq1" ;
+----------+-------+----------+-----------------------------------------------------------------------------------------------------+
; Port     ; Type  ; Severity ; Details                                                                                             ;
+----------+-------+----------+-----------------------------------------------------------------------------------------------------+
; reset_in ; Input ; Info     ; Stuck at GND                                                                                        ;
+----------+-------+----------+-----------------------------------------------------------------------------------------------------+


+------------------------------------------------------------------------------------+
; Port Connectivity Checks: "HPSfgpa2:u0|altera_reset_controller:rst_controller_001" ;
+----------------+--------+----------+-----------------------------------------------+
; Port           ; Type   ; Severity ; Details                                       ;
+----------------+--------+----------+-----------------------------------------------+
; reset_req      ; Output ; Info     ; Explicitly unconnected                        ;
; reset_req_in0  ; Input  ; Info     ; Stuck at GND                                  ;
; reset_in1      ; Input  ; Info     ; Stuck at GND                                  ;
; reset_req_in1  ; Input  ; Info     ; Stuck at GND                                  ;
; reset_in2      ; Input  ; Info     ; Stuck at GND                                  ;
; reset_req_in2  ; Input  ; Info     ; Stuck at GND                                  ;
; reset_in3      ; Input  ; Info     ; Stuck at GND                                  ;
; reset_req_in3  ; Input  ; Info     ; Stuck at GND                                  ;
; reset_in4      ; Input  ; Info     ; Stuck at GND                                  ;
; reset_req_in4  ; Input  ; Info     ; Stuck at GND                                  ;
; reset_in5      ; Input  ; Info     ; Stuck at GND                                  ;
; reset_req_in5  ; Input  ; Info     ; Stuck at GND                                  ;
; reset_in6      ; Input  ; Info     ; Stuck at GND                                  ;
; reset_req_in6  ; Input  ; Info     ; Stuck at GND                                  ;
; reset_in7      ; Input  ; Info     ; Stuck at GND                                  ;
; reset_req_in7  ; Input  ; Info     ; Stuck at GND                                  ;
; reset_in8      ; Input  ; Info     ; Stuck at GND                                  ;
; reset_req_in8  ; Input  ; Info     ; Stuck at GND                                  ;
; reset_in9      ; Input  ; Info     ; Stuck at GND                                  ;
; reset_req_in9  ; Input  ; Info     ; Stuck at GND                                  ;
; reset_in10     ; Input  ; Info     ; Stuck at GND                                  ;
; reset_req_in10 ; Input  ; Info     ; Stuck at GND                                  ;
; reset_in11     ; Input  ; Info     ; Stuck at GND                                  ;
; reset_req_in11 ; Input  ; Info     ; Stuck at GND                                  ;
; reset_in12     ; Input  ; Info     ; Stuck at GND                                  ;
; reset_req_in12 ; Input  ; Info     ; Stuck at GND                                  ;
; reset_in13     ; Input  ; Info     ; Stuck at GND                                  ;
; reset_req_in13 ; Input  ; Info     ; Stuck at GND                                  ;
; reset_in14     ; Input  ; Info     ; Stuck at GND                                  ;
; reset_req_in14 ; Input  ; Info     ; Stuck at GND                                  ;
; reset_in15     ; Input  ; Info     ; Stuck at GND                                  ;
; reset_req_in15 ; Input  ; Info     ; Stuck at GND                                  ;
+----------------+--------+----------+-----------------------------------------------+


+-------------------------------------------------------------------------------------------------------------------------------+
; Port Connectivity Checks: "HPSfgpa2:u0|altera_reset_controller:rst_controller|altera_reset_synchronizer:alt_rst_req_sync_uq1" ;
+----------+-------+----------+-------------------------------------------------------------------------------------------------+
; Port     ; Type  ; Severity ; Details                                                                                         ;
+----------+-------+----------+-------------------------------------------------------------------------------------------------+
; reset_in ; Input ; Info     ; Stuck at GND                                                                                    ;
+----------+-------+----------+-------------------------------------------------------------------------------------------------+


+--------------------------------------------------------------------------------+
; Port Connectivity Checks: "HPSfgpa2:u0|altera_reset_controller:rst_controller" ;
+----------------+-------+----------+--------------------------------------------+
; Port           ; Type  ; Severity ; Details                                    ;
+----------------+-------+----------+--------------------------------------------+
; reset_req_in0  ; Input ; Info     ; Stuck at GND                               ;
; reset_req_in1  ; Input ; Info     ; Stuck at GND                               ;
; reset_in2      ; Input ; Info     ; Stuck at GND                               ;
; reset_req_in2  ; Input ; Info     ; Stuck at GND                               ;
; reset_in3      ; Input ; Info     ; Stuck at GND                               ;
; reset_req_in3  ; Input ; Info     ; Stuck at GND                               ;
; reset_in4      ; Input ; Info     ; Stuck at GND                               ;
; reset_req_in4  ; Input ; Info     ; Stuck at GND                               ;
; reset_in5      ; Input ; Info     ; Stuck at GND                               ;
; reset_req_in5  ; Input ; Info     ; Stuck at GND                               ;
; reset_in6      ; Input ; Info     ; Stuck at GND                               ;
; reset_req_in6  ; Input ; Info     ; Stuck at GND                               ;
; reset_in7      ; Input ; Info     ; Stuck at GND                               ;
; reset_req_in7  ; Input ; Info     ; Stuck at GND                               ;
; reset_in8      ; Input ; Info     ; Stuck at GND                               ;
; reset_req_in8  ; Input ; Info     ; Stuck at GND                               ;
; reset_in9      ; Input ; Info     ; Stuck at GND                               ;
; reset_req_in9  ; Input ; Info     ; Stuck at GND                               ;
; reset_in10     ; Input ; Info     ; Stuck at GND                               ;
; reset_req_in10 ; Input ; Info     ; Stuck at GND                               ;
; reset_in11     ; Input ; Info     ; Stuck at GND                               ;
; reset_req_in11 ; Input ; Info     ; Stuck at GND                               ;
; reset_in12     ; Input ; Info     ; Stuck at GND                               ;
; reset_req_in12 ; Input ; Info     ; Stuck at GND                               ;
; reset_in13     ; Input ; Info     ; Stuck at GND                               ;
; reset_req_in13 ; Input ; Info     ; Stuck at GND                               ;
; reset_in14     ; Input ; Info     ; Stuck at GND                               ;
; reset_req_in14 ; Input ; Info     ; Stuck at GND                               ;
; reset_in15     ; Input ; Info     ; Stuck at GND                               ;
; reset_req_in15 ; Input ; Info     ; Stuck at GND                               ;
+----------------+-------+----------+--------------------------------------------+


+--------------------------------------------------------------------------------------------------------------------------------------------------------------------------------------------+
; Port Connectivity Checks: "HPSfgpa2:u0|HPSfgpa2_mm_interconnect_0:mm_interconnect_0|HPSfgpa2_mm_interconnect_0_cmd_mux:cmd_mux|altera_merlin_arbitrator:arb|altera_merlin_arb_adder:adder" ;
+---------+-------+----------+---------------------------------------------------------------------------------------------------------------------------------------------------------------+
; Port    ; Type  ; Severity ; Details                                                                                                                                                       ;
+---------+-------+----------+---------------------------------------------------------------------------------------------------------------------------------------------------------------+
; b[3..2] ; Input ; Info     ; Stuck at GND                                                                                                                                                  ;
+---------+-------+----------+---------------------------------------------------------------------------------------------------------------------------------------------------------------+


+--------------------------------------------------------------------------------------------------------------------------------------------------------------------------------------------------------------------------------------------------------------------------------------------------------------------------+
; Port Connectivity Checks: "HPSfgpa2:u0|HPSfgpa2_mm_interconnect_0:mm_interconnect_0|altera_merlin_burst_adapter:onchip_memory2_0_s1_burst_adapter|altera_merlin_burst_adapter_13_1:altera_merlin_burst_adapter_13_1.burst_adapter|altera_merlin_burst_adapter_min:the_min|altera_merlin_burst_adapter_subtractor:dc_sub" ;
+------+--------+----------+-----------------------------------------------------------------------------------------------------------------------------------------------------------------------------------------------------------------------------------------------------------------------------------------------+
; Port ; Type   ; Severity ; Details                                                                                                                                                                                                                                                                                       ;
+------+--------+----------+-----------------------------------------------------------------------------------------------------------------------------------------------------------------------------------------------------------------------------------------------------------------------------------------------+
; a[7] ; Input  ; Info     ; Stuck at GND                                                                                                                                                                                                                                                                                  ;
; b[7] ; Input  ; Info     ; Stuck at GND                                                                                                                                                                                                                                                                                  ;
; diff ; Output ; Info     ; Connected to dangling logic. Logic that only feeds a dangling port will be removed.                                                                                                                                                                                                           ;
+------+--------+----------+-----------------------------------------------------------------------------------------------------------------------------------------------------------------------------------------------------------------------------------------------------------------------------------------------+


+--------------------------------------------------------------------------------------------------------------------------------------------------------------------------------------------------------------------------------------------------------------------------------------------------------------------------+
; Port Connectivity Checks: "HPSfgpa2:u0|HPSfgpa2_mm_interconnect_0:mm_interconnect_0|altera_merlin_burst_adapter:onchip_memory2_0_s1_burst_adapter|altera_merlin_burst_adapter_13_1:altera_merlin_burst_adapter_13_1.burst_adapter|altera_merlin_burst_adapter_min:the_min|altera_merlin_burst_adapter_subtractor:db_sub" ;
+------------+--------+----------+-----------------------------------------------------------------------------------------------------------------------------------------------------------------------------------------------------------------------------------------------------------------------------------------+
; Port       ; Type   ; Severity ; Details                                                                                                                                                                                                                                                                                 ;
+------------+--------+----------+-----------------------------------------------------------------------------------------------------------------------------------------------------------------------------------------------------------------------------------------------------------------------------------------+
; a[7]       ; Input  ; Info     ; Stuck at GND                                                                                                                                                                                                                                                                            ;
; b[7]       ; Input  ; Info     ; Stuck at GND                                                                                                                                                                                                                                                                            ;
; diff[6..0] ; Output ; Info     ; Connected to dangling logic. Logic that only feeds a dangling port will be removed.                                                                                                                                                                                                     ;
+------------+--------+----------+-----------------------------------------------------------------------------------------------------------------------------------------------------------------------------------------------------------------------------------------------------------------------------------------+


+--------------------------------------------------------------------------------------------------------------------------------------------------------------------------------------------------------------------------------------------------------------------------------------------------------------------------+
; Port Connectivity Checks: "HPSfgpa2:u0|HPSfgpa2_mm_interconnect_0:mm_interconnect_0|altera_merlin_burst_adapter:onchip_memory2_0_s1_burst_adapter|altera_merlin_burst_adapter_13_1:altera_merlin_burst_adapter_13_1.burst_adapter|altera_merlin_burst_adapter_min:the_min|altera_merlin_burst_adapter_subtractor:da_sub" ;
+------------+--------+----------+-----------------------------------------------------------------------------------------------------------------------------------------------------------------------------------------------------------------------------------------------------------------------------------------+
; Port       ; Type   ; Severity ; Details                                                                                                                                                                                                                                                                                 ;
+------------+--------+----------+-----------------------------------------------------------------------------------------------------------------------------------------------------------------------------------------------------------------------------------------------------------------------------------------+
; a[7]       ; Input  ; Info     ; Stuck at GND                                                                                                                                                                                                                                                                            ;
; b[7]       ; Input  ; Info     ; Stuck at GND                                                                                                                                                                                                                                                                            ;
; diff[6..0] ; Output ; Info     ; Connected to dangling logic. Logic that only feeds a dangling port will be removed.                                                                                                                                                                                                     ;
+------------+--------+----------+-----------------------------------------------------------------------------------------------------------------------------------------------------------------------------------------------------------------------------------------------------------------------------------------+


+--------------------------------------------------------------------------------------------------------------------------------------------------------------------------------------------------------------------------------------------------------------------------------------------------------------------------+
; Port Connectivity Checks: "HPSfgpa2:u0|HPSfgpa2_mm_interconnect_0:mm_interconnect_0|altera_merlin_burst_adapter:onchip_memory2_0_s1_burst_adapter|altera_merlin_burst_adapter_13_1:altera_merlin_burst_adapter_13_1.burst_adapter|altera_merlin_burst_adapter_min:the_min|altera_merlin_burst_adapter_subtractor:bc_sub" ;
+------------+--------+----------+-----------------------------------------------------------------------------------------------------------------------------------------------------------------------------------------------------------------------------------------------------------------------------------------+
; Port       ; Type   ; Severity ; Details                                                                                                                                                                                                                                                                                 ;
+------------+--------+----------+-----------------------------------------------------------------------------------------------------------------------------------------------------------------------------------------------------------------------------------------------------------------------------------------+
; a[7]       ; Input  ; Info     ; Stuck at GND                                                                                                                                                                                                                                                                            ;
; b[7]       ; Input  ; Info     ; Stuck at GND                                                                                                                                                                                                                                                                            ;
; diff[6..0] ; Output ; Info     ; Connected to dangling logic. Logic that only feeds a dangling port will be removed.                                                                                                                                                                                                     ;
+------------+--------+----------+-----------------------------------------------------------------------------------------------------------------------------------------------------------------------------------------------------------------------------------------------------------------------------------------+


+--------------------------------------------------------------------------------------------------------------------------------------------------------------------------------------------------------------------------------------------------------------------------------------------------------------------------+
; Port Connectivity Checks: "HPSfgpa2:u0|HPSfgpa2_mm_interconnect_0:mm_interconnect_0|altera_merlin_burst_adapter:onchip_memory2_0_s1_burst_adapter|altera_merlin_burst_adapter_13_1:altera_merlin_burst_adapter_13_1.burst_adapter|altera_merlin_burst_adapter_min:the_min|altera_merlin_burst_adapter_subtractor:ac_sub" ;
+------------+--------+----------+-----------------------------------------------------------------------------------------------------------------------------------------------------------------------------------------------------------------------------------------------------------------------------------------+
; Port       ; Type   ; Severity ; Details                                                                                                                                                                                                                                                                                 ;
+------------+--------+----------+-----------------------------------------------------------------------------------------------------------------------------------------------------------------------------------------------------------------------------------------------------------------------------------------+
; a[7]       ; Input  ; Info     ; Stuck at GND                                                                                                                                                                                                                                                                            ;
; b[7]       ; Input  ; Info     ; Stuck at GND                                                                                                                                                                                                                                                                            ;
; diff[6..0] ; Output ; Info     ; Connected to dangling logic. Logic that only feeds a dangling port will be removed.                                                                                                                                                                                                     ;
+------------+--------+----------+-----------------------------------------------------------------------------------------------------------------------------------------------------------------------------------------------------------------------------------------------------------------------------------------+


+---------------------------------------------------------------------------------------------------------------------------------------------------------------------------------------------------------------------------------------------------------------------------------------------------------------------------------------------------------------------+
; Port Connectivity Checks: "HPSfgpa2:u0|HPSfgpa2_mm_interconnect_0:mm_interconnect_0|altera_merlin_burst_adapter:onchip_memory2_0_s1_burst_adapter|altera_merlin_burst_adapter_13_1:altera_merlin_burst_adapter_13_1.burst_adapter|altera_merlin_burst_adapter_min:the_min|altera_merlin_burst_adapter_subtractor:ab_sub|altera_merlin_burst_adapter_adder:subtract" ;
+------+-------+----------+-------------------------------------------------------------------------------------------------------------------------------------------------------------------------------------------------------------------------------------------------------------------------------------------------------------------------------------------+
; Port ; Type  ; Severity ; Details                                                                                                                                                                                                                                                                                                                                   ;
+------+-------+----------+-------------------------------------------------------------------------------------------------------------------------------------------------------------------------------------------------------------------------------------------------------------------------------------------------------------------------------------------+
; cin  ; Input ; Info     ; Stuck at VCC                                                                                                                                                                                                                                                                                                                              ;
+------+-------+----------+-------------------------------------------------------------------------------------------------------------------------------------------------------------------------------------------------------------------------------------------------------------------------------------------------------------------------------------------+


+--------------------------------------------------------------------------------------------------------------------------------------------------------------------------------------------------------------------------------------------------------------------------------------------------------------------------+
; Port Connectivity Checks: "HPSfgpa2:u0|HPSfgpa2_mm_interconnect_0:mm_interconnect_0|altera_merlin_burst_adapter:onchip_memory2_0_s1_burst_adapter|altera_merlin_burst_adapter_13_1:altera_merlin_burst_adapter_13_1.burst_adapter|altera_merlin_burst_adapter_min:the_min|altera_merlin_burst_adapter_subtractor:ab_sub" ;
+------------+--------+----------+-----------------------------------------------------------------------------------------------------------------------------------------------------------------------------------------------------------------------------------------------------------------------------------------+
; Port       ; Type   ; Severity ; Details                                                                                                                                                                                                                                                                                 ;
+------------+--------+----------+-----------------------------------------------------------------------------------------------------------------------------------------------------------------------------------------------------------------------------------------------------------------------------------------+
; a[7]       ; Input  ; Info     ; Stuck at GND                                                                                                                                                                                                                                                                            ;
; b[7]       ; Input  ; Info     ; Stuck at GND                                                                                                                                                                                                                                                                            ;
; diff[6..0] ; Output ; Info     ; Connected to dangling logic. Logic that only feeds a dangling port will be removed.                                                                                                                                                                                                     ;
+------------+--------+----------+-----------------------------------------------------------------------------------------------------------------------------------------------------------------------------------------------------------------------------------------------------------------------------------------+


+----------------------------------------------------------------------------------------------------------------------------------------------------------------------------------------------------------------------------------------------------------------------------+
; Port Connectivity Checks: "HPSfgpa2:u0|HPSfgpa2_mm_interconnect_0:mm_interconnect_0|altera_merlin_burst_adapter:onchip_memory2_0_s1_burst_adapter|altera_merlin_burst_adapter_13_1:altera_merlin_burst_adapter_13_1.burst_adapter|altera_merlin_burst_adapter_min:the_min" ;
+---------+-------+----------+-----------------------------------------------------------------------------------------------------------------------------------------------------------------------------------------------------------------------------------------------+
; Port    ; Type  ; Severity ; Details                                                                                                                                                                                                                                       ;
+---------+-------+----------+-----------------------------------------------------------------------------------------------------------------------------------------------------------------------------------------------------------------------------------------------+
; d[6..3] ; Input ; Info     ; Stuck at GND                                                                                                                                                                                                                                  ;
; d[1..0] ; Input ; Info     ; Stuck at GND                                                                                                                                                                                                                                  ;
; d[2]    ; Input ; Info     ; Stuck at VCC                                                                                                                                                                                                                                  ;
+---------+-------+----------+-----------------------------------------------------------------------------------------------------------------------------------------------------------------------------------------------------------------------------------------------+


+------------------------------------------------------------------------------------------------------------------------------------------------------------------------------------------------------------------------------------------------------------------------------------------+
; Port Connectivity Checks: "HPSfgpa2:u0|HPSfgpa2_mm_interconnect_0:mm_interconnect_0|altera_merlin_burst_adapter:onchip_memory2_0_s1_burst_adapter|altera_merlin_burst_adapter_13_1:altera_merlin_burst_adapter_13_1.burst_adapter|altera_merlin_address_alignment:align_address_to_size" ;
+------------------+--------+----------+---------------------------------------------------------------------------------------------------------------------------------------------------------------------------------------------------------------------------------------------------+
; Port             ; Type   ; Severity ; Details                                                                                                                                                                                                                                           ;
+------------------+--------+----------+---------------------------------------------------------------------------------------------------------------------------------------------------------------------------------------------------------------------------------------------------+
; clk              ; Input  ; Info     ; Stuck at GND                                                                                                                                                                                                                                      ;
; reset            ; Input  ; Info     ; Stuck at GND                                                                                                                                                                                                                                      ;
; in_valid         ; Input  ; Info     ; Stuck at GND                                                                                                                                                                                                                                      ;
; in_sop           ; Input  ; Info     ; Stuck at GND                                                                                                                                                                                                                                      ;
; in_eop           ; Input  ; Info     ; Stuck at GND                                                                                                                                                                                                                                      ;
; out_ready        ; Input  ; Info     ; Explicitly unconnected                                                                                                                                                                                                                            ;
; out_data[22..21] ; Output ; Info     ; Connected to dangling logic. Logic that only feeds a dangling port will be removed.                                                                                                                                                               ;
+------------------+--------+----------+---------------------------------------------------------------------------------------------------------------------------------------------------------------------------------------------------------------------------------------------------+


+---------------------------------------------------------------------------------------------------------------------------------------------------------------------------------------------------------------+
; Port Connectivity Checks: "HPSfgpa2:u0|HPSfgpa2_mm_interconnect_0:mm_interconnect_0|HPSfgpa2_mm_interconnect_0_router_002:router_002|HPSfgpa2_mm_interconnect_0_router_002_default_decode:the_default_decode" ;
+------------------------+--------+----------+------------------------------------------------------------------------------------------------------------------------------------------------------------------+
; Port                   ; Type   ; Severity ; Details                                                                                                                                                          ;
+------------------------+--------+----------+------------------------------------------------------------------------------------------------------------------------------------------------------------------+
; default_destination_id ; Output ; Info     ; Explicitly unconnected                                                                                                                                           ;
; default_src_channel    ; Output ; Info     ; Explicitly unconnected                                                                                                                                           ;
+------------------------+--------+----------+------------------------------------------------------------------------------------------------------------------------------------------------------------------+


+---------------------------------------------------------------------------------------------------------------------------------------------------------------------------------------------------+
; Port Connectivity Checks: "HPSfgpa2:u0|HPSfgpa2_mm_interconnect_0:mm_interconnect_0|HPSfgpa2_mm_interconnect_0_router:router|HPSfgpa2_mm_interconnect_0_router_default_decode:the_default_decode" ;
+------------------------+--------+----------+------------------------------------------------------------------------------------------------------------------------------------------------------+
; Port                   ; Type   ; Severity ; Details                                                                                                                                              ;
+------------------------+--------+----------+------------------------------------------------------------------------------------------------------------------------------------------------------+
; default_destination_id ; Output ; Info     ; Connected to dangling logic. Logic that only feeds a dangling port will be removed.                                                                  ;
; default_wr_channel     ; Output ; Info     ; Explicitly unconnected                                                                                                                               ;
; default_rd_channel     ; Output ; Info     ; Explicitly unconnected                                                                                                                               ;
; default_src_channel    ; Output ; Info     ; Connected to dangling logic. Logic that only feeds a dangling port will be removed.                                                                  ;
+------------------------+--------+----------+------------------------------------------------------------------------------------------------------------------------------------------------------+


+-------------------------------------------------------------------------------------------------------------------------------------------------+
; Port Connectivity Checks: "HPSfgpa2:u0|HPSfgpa2_mm_interconnect_0:mm_interconnect_0|altera_avalon_sc_fifo:onchip_memory2_0_s1_agent_rdata_fifo" ;
+-------------------+--------+----------+---------------------------------------------------------------------------------------------------------+
; Port              ; Type   ; Severity ; Details                                                                                                 ;
+-------------------+--------+----------+---------------------------------------------------------------------------------------------------------+
; csr_address       ; Input  ; Info     ; Stuck at GND                                                                                            ;
; csr_read          ; Input  ; Info     ; Stuck at GND                                                                                            ;
; csr_write         ; Input  ; Info     ; Stuck at GND                                                                                            ;
; csr_readdata      ; Output ; Info     ; Explicitly unconnected                                                                                  ;
; csr_writedata     ; Input  ; Info     ; Stuck at GND                                                                                            ;
; almost_full_data  ; Output ; Info     ; Explicitly unconnected                                                                                  ;
; almost_empty_data ; Output ; Info     ; Explicitly unconnected                                                                                  ;
; in_startofpacket  ; Input  ; Info     ; Stuck at GND                                                                                            ;
; in_endofpacket    ; Input  ; Info     ; Stuck at GND                                                                                            ;
; out_startofpacket ; Output ; Info     ; Explicitly unconnected                                                                                  ;
; out_endofpacket   ; Output ; Info     ; Explicitly unconnected                                                                                  ;
; in_empty          ; Input  ; Info     ; Stuck at GND                                                                                            ;
; out_empty         ; Output ; Info     ; Explicitly unconnected                                                                                  ;
; in_error          ; Input  ; Info     ; Stuck at GND                                                                                            ;
; out_error         ; Output ; Info     ; Explicitly unconnected                                                                                  ;
; in_channel        ; Input  ; Info     ; Stuck at GND                                                                                            ;
; out_channel       ; Output ; Info     ; Explicitly unconnected                                                                                  ;
+-------------------+--------+----------+---------------------------------------------------------------------------------------------------------+


+-----------------------------------------------------------------------------------------------------------------------------------------------+
; Port Connectivity Checks: "HPSfgpa2:u0|HPSfgpa2_mm_interconnect_0:mm_interconnect_0|altera_avalon_sc_fifo:onchip_memory2_0_s1_agent_rsp_fifo" ;
+-------------------+--------+----------+-------------------------------------------------------------------------------------------------------+
; Port              ; Type   ; Severity ; Details                                                                                               ;
+-------------------+--------+----------+-------------------------------------------------------------------------------------------------------+
; csr_address       ; Input  ; Info     ; Stuck at GND                                                                                          ;
; csr_read          ; Input  ; Info     ; Stuck at GND                                                                                          ;
; csr_write         ; Input  ; Info     ; Stuck at GND                                                                                          ;
; csr_readdata      ; Output ; Info     ; Explicitly unconnected                                                                                ;
; csr_writedata     ; Input  ; Info     ; Stuck at GND                                                                                          ;
; almost_full_data  ; Output ; Info     ; Explicitly unconnected                                                                                ;
; almost_empty_data ; Output ; Info     ; Explicitly unconnected                                                                                ;
; in_empty          ; Input  ; Info     ; Stuck at GND                                                                                          ;
; out_empty         ; Output ; Info     ; Explicitly unconnected                                                                                ;
; in_error          ; Input  ; Info     ; Stuck at GND                                                                                          ;
; out_error         ; Output ; Info     ; Explicitly unconnected                                                                                ;
; in_channel        ; Input  ; Info     ; Stuck at GND                                                                                          ;
; out_channel       ; Output ; Info     ; Explicitly unconnected                                                                                ;
+-------------------+--------+----------+-------------------------------------------------------------------------------------------------------+


+------------------------------------------------------------------------------------------------------------------------------------------+
; Port Connectivity Checks: "HPSfgpa2:u0|HPSfgpa2_mm_interconnect_0:mm_interconnect_0|altera_merlin_slave_agent:onchip_memory2_0_s1_agent" ;
+-----------------------+-------+----------+-----------------------------------------------------------------------------------------------+
; Port                  ; Type  ; Severity ; Details                                                                                       ;
+-----------------------+-------+----------+-----------------------------------------------------------------------------------------------+
; m0_response           ; Input ; Info     ; Stuck at GND                                                                                  ;
; m0_writeresponsevalid ; Input ; Info     ; Stuck at GND                                                                                  ;
+-----------------------+-------+----------+-----------------------------------------------------------------------------------------------+


+------------------------------------------------------------------------------------------------------------------------------------------------------------------------------------------------------+
; Port Connectivity Checks: "HPSfgpa2:u0|HPSfgpa2_mm_interconnect_0:mm_interconnect_0|altera_merlin_axi_master_ni:hps_0_h2f_lw_axi_master_agent|altera_merlin_address_alignment:align_address_to_size" ;
+------------------+--------+----------+---------------------------------------------------------------------------------------------------------------------------------------------------------------+
; Port             ; Type   ; Severity ; Details                                                                                                                                                       ;
+------------------+--------+----------+---------------------------------------------------------------------------------------------------------------------------------------------------------------+
; out_data[22..21] ; Output ; Info     ; Connected to dangling logic. Logic that only feeds a dangling port will be removed.                                                                           ;
+------------------+--------+----------+---------------------------------------------------------------------------------------------------------------------------------------------------------------+


+------------------------------------------------------------------------------------------------------------------------------------------------+
; Port Connectivity Checks: "HPSfgpa2:u0|HPSfgpa2_mm_interconnect_0:mm_interconnect_0|altera_merlin_axi_master_ni:hps_0_h2f_lw_axi_master_agent" ;
+----------+--------+----------+-----------------------------------------------------------------------------------------------------------------+
; Port     ; Type   ; Severity ; Details                                                                                                         ;
+----------+--------+----------+-----------------------------------------------------------------------------------------------------------------+
; awuser   ; Input  ; Info     ; Stuck at GND                                                                                                    ;
; aruser   ; Input  ; Info     ; Stuck at GND                                                                                                    ;
; awqos    ; Input  ; Info     ; Stuck at GND                                                                                                    ;
; arqos    ; Input  ; Info     ; Stuck at GND                                                                                                    ;
; awregion ; Input  ; Info     ; Stuck at GND                                                                                                    ;
; arregion ; Input  ; Info     ; Stuck at GND                                                                                                    ;
; wuser    ; Input  ; Info     ; Stuck at GND                                                                                                    ;
; ruser    ; Output ; Info     ; Explicitly unconnected                                                                                          ;
; buser    ; Output ; Info     ; Explicitly unconnected                                                                                          ;
+----------+--------+----------+-----------------------------------------------------------------------------------------------------------------+


+----------------------------------------------------------------------------------------------------------------------------------------------------+
; Port Connectivity Checks: "HPSfgpa2:u0|HPSfgpa2_mm_interconnect_0:mm_interconnect_0|altera_merlin_slave_translator:onchip_memory2_0_s1_translator" ;
+------------------------+--------+----------+-------------------------------------------------------------------------------------------------------+
; Port                   ; Type   ; Severity ; Details                                                                                               ;
+------------------------+--------+----------+-------------------------------------------------------------------------------------------------------+
; av_read                ; Output ; Info     ; Explicitly unconnected                                                                                ;
; av_begintransfer       ; Output ; Info     ; Explicitly unconnected                                                                                ;
; av_beginbursttransfer  ; Output ; Info     ; Explicitly unconnected                                                                                ;
; av_burstcount          ; Output ; Info     ; Explicitly unconnected                                                                                ;
; av_readdatavalid       ; Input  ; Info     ; Stuck at GND                                                                                          ;
; av_waitrequest         ; Input  ; Info     ; Stuck at GND                                                                                          ;
; av_writebyteenable     ; Output ; Info     ; Explicitly unconnected                                                                                ;
; av_lock                ; Output ; Info     ; Explicitly unconnected                                                                                ;
; uav_clken              ; Input  ; Info     ; Stuck at GND                                                                                          ;
; av_debugaccess         ; Output ; Info     ; Explicitly unconnected                                                                                ;
; av_outputenable        ; Output ; Info     ; Explicitly unconnected                                                                                ;
; uav_response           ; Output ; Info     ; Explicitly unconnected                                                                                ;
; av_response            ; Input  ; Info     ; Stuck at GND                                                                                          ;
; uav_writeresponsevalid ; Output ; Info     ; Explicitly unconnected                                                                                ;
; av_writeresponsevalid  ; Input  ; Info     ; Stuck at GND                                                                                          ;
+------------------------+--------+----------+-------------------------------------------------------------------------------------------------------+


+------------------------------------------------------------------------------------+
; Port Connectivity Checks: "HPSfgpa2:u0|HPSfgpa2_onchip_memory2_0:onchip_memory2_0" ;
+--------+-------+----------+--------------------------------------------------------+
; Port   ; Type  ; Severity ; Details                                                ;
+--------+-------+----------+--------------------------------------------------------+
; freeze ; Input ; Info     ; Stuck at GND                                           ;
+--------+-------+----------+--------------------------------------------------------+


+-------------------------------------------------------------------------------------------------------------------------------------------------------------------------------------------------------------+
; Port Connectivity Checks: "HPSfgpa2:u0|HPSfgpa2_hps_0:hps_0|HPSfgpa2_hps_0_hps_io:hps_io|HPSfgpa2_hps_0_hps_io_border:border|hps_sdram:hps_sdram_inst|altera_mem_if_hard_memory_controller_top_cyclonev:c0" ;
+-------------------------+--------+----------+---------------------------------------------------------------------------------------------------------------------------------------------------------------+
; Port                    ; Type   ; Severity ; Details                                                                                                                                                       ;
+-------------------------+--------+----------+---------------------------------------------------------------------------------------------------------------------------------------------------------------+
; local_init_done         ; Output ; Info     ; Explicitly unconnected                                                                                                                                        ;
; local_cal_success       ; Output ; Info     ; Explicitly unconnected                                                                                                                                        ;
; local_cal_fail          ; Output ; Info     ; Explicitly unconnected                                                                                                                                        ;
; afi_init_req            ; Output ; Info     ; Explicitly unconnected                                                                                                                                        ;
; afi_cal_req             ; Output ; Info     ; Explicitly unconnected                                                                                                                                        ;
; afi_seq_busy            ; Input  ; Info     ; Explicitly unconnected                                                                                                                                        ;
; afi_ctl_refresh_done    ; Output ; Info     ; Explicitly unconnected                                                                                                                                        ;
; afi_ctl_long_idle       ; Output ; Info     ; Explicitly unconnected                                                                                                                                        ;
; mp_cmd_clk_0            ; Input  ; Info     ; Stuck at GND                                                                                                                                                  ;
; mp_cmd_reset_n_0        ; Input  ; Info     ; Stuck at VCC                                                                                                                                                  ;
; mp_cmd_clk_1            ; Input  ; Info     ; Stuck at GND                                                                                                                                                  ;
; mp_cmd_reset_n_1        ; Input  ; Info     ; Stuck at VCC                                                                                                                                                  ;
; mp_cmd_clk_2            ; Input  ; Info     ; Stuck at GND                                                                                                                                                  ;
; mp_cmd_reset_n_2        ; Input  ; Info     ; Stuck at VCC                                                                                                                                                  ;
; mp_cmd_clk_3            ; Input  ; Info     ; Stuck at GND                                                                                                                                                  ;
; mp_cmd_reset_n_3        ; Input  ; Info     ; Stuck at VCC                                                                                                                                                  ;
; mp_cmd_clk_4            ; Input  ; Info     ; Stuck at GND                                                                                                                                                  ;
; mp_cmd_reset_n_4        ; Input  ; Info     ; Stuck at VCC                                                                                                                                                  ;
; mp_cmd_clk_5            ; Input  ; Info     ; Stuck at GND                                                                                                                                                  ;
; mp_cmd_reset_n_5        ; Input  ; Info     ; Stuck at VCC                                                                                                                                                  ;
; mp_rfifo_clk_0          ; Input  ; Info     ; Stuck at GND                                                                                                                                                  ;
; mp_rfifo_reset_n_0      ; Input  ; Info     ; Stuck at VCC                                                                                                                                                  ;
; mp_wfifo_clk_0          ; Input  ; Info     ; Stuck at GND                                                                                                                                                  ;
; mp_wfifo_reset_n_0      ; Input  ; Info     ; Stuck at VCC                                                                                                                                                  ;
; mp_rfifo_clk_1          ; Input  ; Info     ; Stuck at GND                                                                                                                                                  ;
; mp_rfifo_reset_n_1      ; Input  ; Info     ; Stuck at VCC                                                                                                                                                  ;
; mp_wfifo_clk_1          ; Input  ; Info     ; Stuck at GND                                                                                                                                                  ;
; mp_wfifo_reset_n_1      ; Input  ; Info     ; Stuck at VCC                                                                                                                                                  ;
; mp_rfifo_clk_2          ; Input  ; Info     ; Stuck at GND                                                                                                                                                  ;
; mp_rfifo_reset_n_2      ; Input  ; Info     ; Stuck at VCC                                                                                                                                                  ;
; mp_wfifo_clk_2          ; Input  ; Info     ; Stuck at GND                                                                                                                                                  ;
; mp_wfifo_reset_n_2      ; Input  ; Info     ; Stuck at VCC                                                                                                                                                  ;
; mp_rfifo_clk_3          ; Input  ; Info     ; Stuck at GND                                                                                                                                                  ;
; mp_rfifo_reset_n_3      ; Input  ; Info     ; Stuck at VCC                                                                                                                                                  ;
; mp_wfifo_clk_3          ; Input  ; Info     ; Stuck at GND                                                                                                                                                  ;
; mp_wfifo_reset_n_3      ; Input  ; Info     ; Stuck at VCC                                                                                                                                                  ;
; csr_clk                 ; Input  ; Info     ; Stuck at GND                                                                                                                                                  ;
; csr_reset_n             ; Input  ; Info     ; Stuck at VCC                                                                                                                                                  ;
; avl_ready_0             ; Output ; Info     ; Explicitly unconnected                                                                                                                                        ;
; avl_burstbegin_0        ; Input  ; Info     ; Stuck at GND                                                                                                                                                  ;
; avl_addr_0              ; Input  ; Info     ; Stuck at GND                                                                                                                                                  ;
; avl_rdata_valid_0       ; Output ; Info     ; Explicitly unconnected                                                                                                                                        ;
; avl_rdata_0             ; Output ; Info     ; Explicitly unconnected                                                                                                                                        ;
; avl_wdata_0             ; Input  ; Info     ; Stuck at GND                                                                                                                                                  ;
; avl_be_0                ; Input  ; Info     ; Stuck at GND                                                                                                                                                  ;
; avl_read_req_0          ; Input  ; Info     ; Stuck at GND                                                                                                                                                  ;
; avl_write_req_0         ; Input  ; Info     ; Stuck at GND                                                                                                                                                  ;
; avl_size_0              ; Input  ; Info     ; Stuck at GND                                                                                                                                                  ;
; avl_ready_1             ; Output ; Info     ; Explicitly unconnected                                                                                                                                        ;
; avl_burstbegin_1        ; Input  ; Info     ; Stuck at GND                                                                                                                                                  ;
; avl_addr_1              ; Input  ; Info     ; Stuck at GND                                                                                                                                                  ;
; avl_rdata_valid_1       ; Output ; Info     ; Explicitly unconnected                                                                                                                                        ;
; avl_rdata_1             ; Output ; Info     ; Explicitly unconnected                                                                                                                                        ;
; avl_wdata_1             ; Input  ; Info     ; Stuck at GND                                                                                                                                                  ;
; avl_be_1                ; Input  ; Info     ; Stuck at GND                                                                                                                                                  ;
; avl_read_req_1          ; Input  ; Info     ; Stuck at GND                                                                                                                                                  ;
; avl_write_req_1         ; Input  ; Info     ; Stuck at GND                                                                                                                                                  ;
; avl_size_1              ; Input  ; Info     ; Stuck at GND                                                                                                                                                  ;
; avl_ready_2             ; Output ; Info     ; Explicitly unconnected                                                                                                                                        ;
; avl_burstbegin_2        ; Input  ; Info     ; Stuck at GND                                                                                                                                                  ;
; avl_addr_2              ; Input  ; Info     ; Stuck at GND                                                                                                                                                  ;
; avl_rdata_valid_2       ; Output ; Info     ; Explicitly unconnected                                                                                                                                        ;
; avl_rdata_2             ; Output ; Info     ; Explicitly unconnected                                                                                                                                        ;
; avl_wdata_2             ; Input  ; Info     ; Stuck at GND                                                                                                                                                  ;
; avl_be_2                ; Input  ; Info     ; Stuck at GND                                                                                                                                                  ;
; avl_read_req_2          ; Input  ; Info     ; Stuck at GND                                                                                                                                                  ;
; avl_write_req_2         ; Input  ; Info     ; Stuck at GND                                                                                                                                                  ;
; avl_size_2              ; Input  ; Info     ; Stuck at GND                                                                                                                                                  ;
; avl_ready_3             ; Output ; Info     ; Explicitly unconnected                                                                                                                                        ;
; avl_burstbegin_3        ; Input  ; Info     ; Stuck at GND                                                                                                                                                  ;
; avl_addr_3              ; Input  ; Info     ; Stuck at GND                                                                                                                                                  ;
; avl_rdata_valid_3       ; Output ; Info     ; Explicitly unconnected                                                                                                                                        ;
; avl_rdata_3             ; Output ; Info     ; Explicitly unconnected                                                                                                                                        ;
; avl_wdata_3             ; Input  ; Info     ; Stuck at GND                                                                                                                                                  ;
; avl_be_3                ; Input  ; Info     ; Stuck at GND                                                                                                                                                  ;
; avl_read_req_3          ; Input  ; Info     ; Stuck at GND                                                                                                                                                  ;
; avl_write_req_3         ; Input  ; Info     ; Stuck at GND                                                                                                                                                  ;
; avl_size_3              ; Input  ; Info     ; Stuck at GND                                                                                                                                                  ;
; avl_ready_4             ; Output ; Info     ; Explicitly unconnected                                                                                                                                        ;
; avl_burstbegin_4        ; Input  ; Info     ; Stuck at GND                                                                                                                                                  ;
; avl_addr_4              ; Input  ; Info     ; Stuck at GND                                                                                                                                                  ;
; avl_rdata_valid_4       ; Output ; Info     ; Explicitly unconnected                                                                                                                                        ;
; avl_rdata_4             ; Output ; Info     ; Explicitly unconnected                                                                                                                                        ;
; avl_wdata_4             ; Input  ; Info     ; Stuck at GND                                                                                                                                                  ;
; avl_be_4                ; Input  ; Info     ; Stuck at GND                                                                                                                                                  ;
; avl_read_req_4          ; Input  ; Info     ; Stuck at GND                                                                                                                                                  ;
; avl_write_req_4         ; Input  ; Info     ; Stuck at GND                                                                                                                                                  ;
; avl_size_4              ; Input  ; Info     ; Stuck at GND                                                                                                                                                  ;
; avl_ready_5             ; Output ; Info     ; Explicitly unconnected                                                                                                                                        ;
; avl_burstbegin_5        ; Input  ; Info     ; Stuck at GND                                                                                                                                                  ;
; avl_addr_5              ; Input  ; Info     ; Stuck at GND                                                                                                                                                  ;
; avl_rdata_valid_5       ; Output ; Info     ; Explicitly unconnected                                                                                                                                        ;
; avl_rdata_5             ; Output ; Info     ; Explicitly unconnected                                                                                                                                        ;
; avl_wdata_5             ; Input  ; Info     ; Stuck at GND                                                                                                                                                  ;
; avl_be_5                ; Input  ; Info     ; Stuck at GND                                                                                                                                                  ;
; avl_read_req_5          ; Input  ; Info     ; Stuck at GND                                                                                                                                                  ;
; avl_write_req_5         ; Input  ; Info     ; Stuck at GND                                                                                                                                                  ;
; avl_size_5              ; Input  ; Info     ; Stuck at GND                                                                                                                                                  ;
; csr_write_req           ; Input  ; Info     ; Stuck at GND                                                                                                                                                  ;
; csr_read_req            ; Input  ; Info     ; Stuck at GND                                                                                                                                                  ;
; csr_waitrequest         ; Output ; Info     ; Explicitly unconnected                                                                                                                                        ;
; csr_addr                ; Input  ; Info     ; Stuck at GND                                                                                                                                                  ;
; csr_be                  ; Input  ; Info     ; Stuck at GND                                                                                                                                                  ;
; csr_wdata               ; Input  ; Info     ; Stuck at GND                                                                                                                                                  ;
; csr_rdata               ; Output ; Info     ; Explicitly unconnected                                                                                                                                        ;
; csr_rdata_valid         ; Output ; Info     ; Explicitly unconnected                                                                                                                                        ;
; local_multicast         ; Input  ; Info     ; Stuck at GND                                                                                                                                                  ;
; local_refresh_req       ; Input  ; Info     ; Stuck at GND                                                                                                                                                  ;
; local_refresh_chip      ; Input  ; Info     ; Stuck at GND                                                                                                                                                  ;
; local_refresh_ack       ; Output ; Info     ; Explicitly unconnected                                                                                                                                        ;
; local_self_rfsh_req     ; Input  ; Info     ; Stuck at GND                                                                                                                                                  ;
; local_self_rfsh_chip    ; Input  ; Info     ; Stuck at GND                                                                                                                                                  ;
; local_self_rfsh_ack     ; Output ; Info     ; Explicitly unconnected                                                                                                                                        ;
; local_deep_powerdn_req  ; Input  ; Info     ; Stuck at GND                                                                                                                                                  ;
; local_deep_powerdn_chip ; Input  ; Info     ; Stuck at GND                                                                                                                                                  ;
; local_deep_powerdn_ack  ; Output ; Info     ; Explicitly unconnected                                                                                                                                        ;
; local_powerdn_ack       ; Output ; Info     ; Explicitly unconnected                                                                                                                                        ;
; local_priority          ; Input  ; Info     ; Stuck at GND                                                                                                                                                  ;
; bonding_in_1            ; Input  ; Info     ; Stuck at GND                                                                                                                                                  ;
; bonding_in_2            ; Input  ; Info     ; Stuck at GND                                                                                                                                                  ;
; bonding_in_3            ; Input  ; Info     ; Stuck at GND                                                                                                                                                  ;
; bonding_out_1           ; Output ; Info     ; Explicitly unconnected                                                                                                                                        ;
; bonding_out_2           ; Output ; Info     ; Explicitly unconnected                                                                                                                                        ;
; bonding_out_3           ; Output ; Info     ; Explicitly unconnected                                                                                                                                        ;
; ctl_init_req            ; Output ; Warning  ; Declared by entity but not connected by instance. Logic that only feeds a dangling port will be removed.                                                      ;
; local_sts_ctl_empty     ; Output ; Warning  ; Declared by entity but not connected by instance. Logic that only feeds a dangling port will be removed.                                                      ;
+-------------------------+--------+----------+---------------------------------------------------------------------------------------------------------------------------------------------------------------+


+---------------------------------------------------------------------------------------------------------------------------------------------------------------------------------------------------------------------------------------------------------------------------------------------------------------------------------------------------------------+
; Port Connectivity Checks: "HPSfgpa2:u0|HPSfgpa2_hps_0:hps_0|HPSfgpa2_hps_0_hps_io:hps_io|HPSfgpa2_hps_0_hps_io_border:border|hps_sdram:hps_sdram_inst|hps_sdram_p0:p0|hps_sdram_p0_acv_hard_memphy:umemphy|hps_sdram_p0_acv_hard_io_pads:uio_pads|hps_sdram_p0_altdqdqs:dq_ddio[0].ubidir_dq_dqs|altdq_dqs2_acv_connect_to_hard_phy_cyclonev:altdq_dqs2_inst" ;
+---------------------+--------+----------+---------------------------------------------------------------------------------------------------------------------------------------------------------------------------------------------------------------------------------------------------------------------------------------------------------------------+
; Port                ; Type   ; Severity ; Details                                                                                                                                                                                                                                                                                                             ;
+---------------------+--------+----------+---------------------------------------------------------------------------------------------------------------------------------------------------------------------------------------------------------------------------------------------------------------------------------------------------------------------+
; dll_offsetdelay_in  ; Input  ; Warning  ; Declared by entity but not connected by instance. If a default value exists, it will be used.  Otherwise, the port will be connected to GND.                                                                                                                                                                        ;
; capture_strobe_in   ; Input  ; Warning  ; Declared by entity but not connected by instance. If a default value exists, it will be used.  Otherwise, the port will be connected to GND.                                                                                                                                                                        ;
; capture_strobe_n_in ; Input  ; Warning  ; Declared by entity but not connected by instance. If a default value exists, it will be used.  Otherwise, the port will be connected to GND.                                                                                                                                                                        ;
; capture_strobe_ena  ; Input  ; Warning  ; Declared by entity but not connected by instance. If a default value exists, it will be used.  Otherwise, the port will be connected to GND.                                                                                                                                                                        ;
; output_strobe_out   ; Output ; Warning  ; Declared by entity but not connected by instance. Logic that only feeds a dangling port will be removed.                                                                                                                                                                                                            ;
; output_strobe_n_out ; Output ; Warning  ; Declared by entity but not connected by instance. Logic that only feeds a dangling port will be removed.                                                                                                                                                                                                            ;
; dr_clock_in         ; Input  ; Warning  ; Declared by entity but not connected by instance. If a default value exists, it will be used.  Otherwise, the port will be connected to GND.                                                                                                                                                                        ;
; read_data_in        ; Input  ; Warning  ; Declared by entity but not connected by instance. If a default value exists, it will be used.  Otherwise, the port will be connected to GND.                                                                                                                                                                        ;
; write_data_out      ; Output ; Warning  ; Declared by entity but not connected by instance. Logic that only feeds a dangling port will be removed.                                                                                                                                                                                                            ;
+---------------------+--------+----------+---------------------------------------------------------------------------------------------------------------------------------------------------------------------------------------------------------------------------------------------------------------------------------------------------------------------+


+---------------------------------------------------------------------------------------------------------------------------------------------------------------------------------------------------------------------------------------------------------------------------------------------------+
; Port Connectivity Checks: "HPSfgpa2:u0|HPSfgpa2_hps_0:hps_0|HPSfgpa2_hps_0_hps_io:hps_io|HPSfgpa2_hps_0_hps_io_border:border|hps_sdram:hps_sdram_inst|hps_sdram_p0:p0|hps_sdram_p0_acv_hard_memphy:umemphy|hps_sdram_p0_acv_hard_io_pads:uio_pads|hps_sdram_p0_altdqdqs:dq_ddio[0].ubidir_dq_dqs" ;
+--------------------+--------+----------+----------------------------------------------------------------------------------------------------------------------------------------------------------------------------------------------------------------------------------------------------------+
; Port               ; Type   ; Severity ; Details                                                                                                                                                                                                                                                  ;
+--------------------+--------+----------+----------------------------------------------------------------------------------------------------------------------------------------------------------------------------------------------------------------------------------------------------------+
; capture_strobe_out ; Output ; Info     ; Connected to dangling logic. Logic that only feeds a dangling port will be removed.                                                                                                                                                                      ;
+--------------------+--------+----------+----------------------------------------------------------------------------------------------------------------------------------------------------------------------------------------------------------------------------------------------------------+


+----------------------------------------------------------------------------------------------------------------------------------------------------------------------------------------------------------------------------------------------------------------------------------------------------------------------------------------------+
; Port Connectivity Checks: "HPSfgpa2:u0|HPSfgpa2_hps_0:hps_0|HPSfgpa2_hps_0_hps_io:hps_io|HPSfgpa2_hps_0_hps_io_border:border|hps_sdram:hps_sdram_inst|hps_sdram_p0:p0|hps_sdram_p0_acv_hard_memphy:umemphy|hps_sdram_p0_acv_hard_io_pads:uio_pads|hps_sdram_p0_acv_hard_addr_cmd_pads:uaddr_cmd_pads|hps_sdram_p0_generic_ddio:ureset_n_pad" ;
+----------------+-------+----------+----------------------------------------------------------------------------------------------------------------------------------------------------------------------------------------------------------------------------------------------------------------------------------------------------------+
; Port           ; Type  ; Severity ; Details                                                                                                                                                                                                                                                                                                  ;
+----------------+-------+----------+----------------------------------------------------------------------------------------------------------------------------------------------------------------------------------------------------------------------------------------------------------------------------------------------------------+
; halfratebypass ; Input ; Info     ; Stuck at VCC                                                                                                                                                                                                                                                                                             ;
+----------------+-------+----------+----------------------------------------------------------------------------------------------------------------------------------------------------------------------------------------------------------------------------------------------------------------------------------------------------------+


+------------------------------------------------------------------------------------------------------------------------------------------------------------------------------------------------------------------------------------------------------------------------------------------------------------------------------------------+
; Port Connectivity Checks: "HPSfgpa2:u0|HPSfgpa2_hps_0:hps_0|HPSfgpa2_hps_0_hps_io:hps_io|HPSfgpa2_hps_0_hps_io_border:border|hps_sdram:hps_sdram_inst|hps_sdram_p0:p0|hps_sdram_p0_acv_hard_memphy:umemphy|hps_sdram_p0_acv_hard_io_pads:uio_pads|hps_sdram_p0_acv_hard_addr_cmd_pads:uaddr_cmd_pads|hps_sdram_p0_generic_ddio:ucmd_pad" ;
+----------------+-------+----------+------------------------------------------------------------------------------------------------------------------------------------------------------------------------------------------------------------------------------------------------------------------------------------------------------+
; Port           ; Type  ; Severity ; Details                                                                                                                                                                                                                                                                                              ;
+----------------+-------+----------+------------------------------------------------------------------------------------------------------------------------------------------------------------------------------------------------------------------------------------------------------------------------------------------------------+
; halfratebypass ; Input ; Info     ; Stuck at VCC                                                                                                                                                                                                                                                                                         ;
+----------------+-------+----------+------------------------------------------------------------------------------------------------------------------------------------------------------------------------------------------------------------------------------------------------------------------------------------------------------+


+-------------------------------------------------------------------------------------------------------------------------------------------------------------------------------------------------------------------------------------------------------------------------------------------------------------------------------------------+
; Port Connectivity Checks: "HPSfgpa2:u0|HPSfgpa2_hps_0:hps_0|HPSfgpa2_hps_0_hps_io:hps_io|HPSfgpa2_hps_0_hps_io_border:border|hps_sdram:hps_sdram_inst|hps_sdram_p0:p0|hps_sdram_p0_acv_hard_memphy:umemphy|hps_sdram_p0_acv_hard_io_pads:uio_pads|hps_sdram_p0_acv_hard_addr_cmd_pads:uaddr_cmd_pads|hps_sdram_p0_generic_ddio:ubank_pad" ;
+----------------+-------+----------+-------------------------------------------------------------------------------------------------------------------------------------------------------------------------------------------------------------------------------------------------------------------------------------------------------+
; Port           ; Type  ; Severity ; Details                                                                                                                                                                                                                                                                                               ;
+----------------+-------+----------+-------------------------------------------------------------------------------------------------------------------------------------------------------------------------------------------------------------------------------------------------------------------------------------------------------+
; halfratebypass ; Input ; Info     ; Stuck at VCC                                                                                                                                                                                                                                                                                          ;
+----------------+-------+----------+-------------------------------------------------------------------------------------------------------------------------------------------------------------------------------------------------------------------------------------------------------------------------------------------------------+


+----------------------------------------------------------------------------------------------------------------------------------------------------------------------------------------------------------------------------------------------------------------------------------------------------------------------------------------------+
; Port Connectivity Checks: "HPSfgpa2:u0|HPSfgpa2_hps_0:hps_0|HPSfgpa2_hps_0_hps_io:hps_io|HPSfgpa2_hps_0_hps_io_border:border|hps_sdram:hps_sdram_inst|hps_sdram_p0:p0|hps_sdram_p0_acv_hard_memphy:umemphy|hps_sdram_p0_acv_hard_io_pads:uio_pads|hps_sdram_p0_acv_hard_addr_cmd_pads:uaddr_cmd_pads|hps_sdram_p0_generic_ddio:uaddress_pad" ;
+----------------+-------+----------+----------------------------------------------------------------------------------------------------------------------------------------------------------------------------------------------------------------------------------------------------------------------------------------------------------+
; Port           ; Type  ; Severity ; Details                                                                                                                                                                                                                                                                                                  ;
+----------------+-------+----------+----------------------------------------------------------------------------------------------------------------------------------------------------------------------------------------------------------------------------------------------------------------------------------------------------------+
; halfratebypass ; Input ; Info     ; Stuck at VCC                                                                                                                                                                                                                                                                                             ;
+----------------+-------+----------+----------------------------------------------------------------------------------------------------------------------------------------------------------------------------------------------------------------------------------------------------------------------------------------------------------+


+-------------------------------------------------------------------------------------------------------------------------------------------------------------------------------------------------------------------------------------------------------------------------------------------------------------------------------------------------------+
; Port Connectivity Checks: "HPSfgpa2:u0|HPSfgpa2_hps_0:hps_0|HPSfgpa2_hps_0_hps_io:hps_io|HPSfgpa2_hps_0_hps_io_border:border|hps_sdram:hps_sdram_inst|hps_sdram_p0:p0|hps_sdram_p0_acv_hard_memphy:umemphy|hps_sdram_p0_acv_hard_io_pads:uio_pads|hps_sdram_p0_acv_hard_addr_cmd_pads:uaddr_cmd_pads|hps_sdram_p0_acv_ldc:address_gen[22].acv_ac_ldc" ;
+---------+--------+----------+-------------------------------------------------------------------------------------------------------------------------------------------------------------------------------------------------------------------------------------------------------------------------------------------------------------------------+
; Port    ; Type   ; Severity ; Details                                                                                                                                                                                                                                                                                                                 ;
+---------+--------+----------+-------------------------------------------------------------------------------------------------------------------------------------------------------------------------------------------------------------------------------------------------------------------------------------------------------------------------+
; afi_clk ; Output ; Warning  ; Declared by entity but not connected by instance. Logic that only feeds a dangling port will be removed.                                                                                                                                                                                                                ;
; avl_clk ; Output ; Warning  ; Declared by entity but not connected by instance. Logic that only feeds a dangling port will be removed.                                                                                                                                                                                                                ;
; adc_clk ; Output ; Warning  ; Declared by entity but not connected by instance. Logic that only feeds a dangling port will be removed.                                                                                                                                                                                                                ;
; hr_clk  ; Output ; Warning  ; Declared by entity but not connected by instance. Logic that only feeds a dangling port will be removed.                                                                                                                                                                                                                ;
+---------+--------+----------+-------------------------------------------------------------------------------------------------------------------------------------------------------------------------------------------------------------------------------------------------------------------------------------------------------------------------+


+-------------------------------------------------------------------------------------------------------------------------------------------------------------------------------------------------------------------------------------------------------------------------------------------------------------------------------------------------------+
; Port Connectivity Checks: "HPSfgpa2:u0|HPSfgpa2_hps_0:hps_0|HPSfgpa2_hps_0_hps_io:hps_io|HPSfgpa2_hps_0_hps_io_border:border|hps_sdram:hps_sdram_inst|hps_sdram_p0:p0|hps_sdram_p0_acv_hard_memphy:umemphy|hps_sdram_p0_acv_hard_io_pads:uio_pads|hps_sdram_p0_acv_hard_addr_cmd_pads:uaddr_cmd_pads|hps_sdram_p0_acv_ldc:address_gen[21].acv_ac_ldc" ;
+---------+--------+----------+-------------------------------------------------------------------------------------------------------------------------------------------------------------------------------------------------------------------------------------------------------------------------------------------------------------------------+
; Port    ; Type   ; Severity ; Details                                                                                                                                                                                                                                                                                                                 ;
+---------+--------+----------+-------------------------------------------------------------------------------------------------------------------------------------------------------------------------------------------------------------------------------------------------------------------------------------------------------------------------+
; afi_clk ; Output ; Warning  ; Declared by entity but not connected by instance. Logic that only feeds a dangling port will be removed.                                                                                                                                                                                                                ;
; avl_clk ; Output ; Warning  ; Declared by entity but not connected by instance. Logic that only feeds a dangling port will be removed.                                                                                                                                                                                                                ;
; adc_clk ; Output ; Warning  ; Declared by entity but not connected by instance. Logic that only feeds a dangling port will be removed.                                                                                                                                                                                                                ;
; hr_clk  ; Output ; Warning  ; Declared by entity but not connected by instance. Logic that only feeds a dangling port will be removed.                                                                                                                                                                                                                ;
+---------+--------+----------+-------------------------------------------------------------------------------------------------------------------------------------------------------------------------------------------------------------------------------------------------------------------------------------------------------------------------+


+-------------------------------------------------------------------------------------------------------------------------------------------------------------------------------------------------------------------------------------------------------------------------------------------------------------------------------------------------------+
; Port Connectivity Checks: "HPSfgpa2:u0|HPSfgpa2_hps_0:hps_0|HPSfgpa2_hps_0_hps_io:hps_io|HPSfgpa2_hps_0_hps_io_border:border|hps_sdram:hps_sdram_inst|hps_sdram_p0:p0|hps_sdram_p0_acv_hard_memphy:umemphy|hps_sdram_p0_acv_hard_io_pads:uio_pads|hps_sdram_p0_acv_hard_addr_cmd_pads:uaddr_cmd_pads|hps_sdram_p0_acv_ldc:address_gen[20].acv_ac_ldc" ;
+---------+--------+----------+-------------------------------------------------------------------------------------------------------------------------------------------------------------------------------------------------------------------------------------------------------------------------------------------------------------------------+
; Port    ; Type   ; Severity ; Details                                                                                                                                                                                                                                                                                                                 ;
+---------+--------+----------+-------------------------------------------------------------------------------------------------------------------------------------------------------------------------------------------------------------------------------------------------------------------------------------------------------------------------+
; afi_clk ; Output ; Warning  ; Declared by entity but not connected by instance. Logic that only feeds a dangling port will be removed.                                                                                                                                                                                                                ;
; avl_clk ; Output ; Warning  ; Declared by entity but not connected by instance. Logic that only feeds a dangling port will be removed.                                                                                                                                                                                                                ;
; adc_clk ; Output ; Warning  ; Declared by entity but not connected by instance. Logic that only feeds a dangling port will be removed.                                                                                                                                                                                                                ;
; hr_clk  ; Output ; Warning  ; Declared by entity but not connected by instance. Logic that only feeds a dangling port will be removed.                                                                                                                                                                                                                ;
+---------+--------+----------+-------------------------------------------------------------------------------------------------------------------------------------------------------------------------------------------------------------------------------------------------------------------------------------------------------------------------+


+-------------------------------------------------------------------------------------------------------------------------------------------------------------------------------------------------------------------------------------------------------------------------------------------------------------------------------------------------------+
; Port Connectivity Checks: "HPSfgpa2:u0|HPSfgpa2_hps_0:hps_0|HPSfgpa2_hps_0_hps_io:hps_io|HPSfgpa2_hps_0_hps_io_border:border|hps_sdram:hps_sdram_inst|hps_sdram_p0:p0|hps_sdram_p0_acv_hard_memphy:umemphy|hps_sdram_p0_acv_hard_io_pads:uio_pads|hps_sdram_p0_acv_hard_addr_cmd_pads:uaddr_cmd_pads|hps_sdram_p0_acv_ldc:address_gen[19].acv_ac_ldc" ;
+---------+--------+----------+-------------------------------------------------------------------------------------------------------------------------------------------------------------------------------------------------------------------------------------------------------------------------------------------------------------------------+
; Port    ; Type   ; Severity ; Details                                                                                                                                                                                                                                                                                                                 ;
+---------+--------+----------+-------------------------------------------------------------------------------------------------------------------------------------------------------------------------------------------------------------------------------------------------------------------------------------------------------------------------+
; afi_clk ; Output ; Warning  ; Declared by entity but not connected by instance. Logic that only feeds a dangling port will be removed.                                                                                                                                                                                                                ;
; avl_clk ; Output ; Warning  ; Declared by entity but not connected by instance. Logic that only feeds a dangling port will be removed.                                                                                                                                                                                                                ;
; adc_clk ; Output ; Warning  ; Declared by entity but not connected by instance. Logic that only feeds a dangling port will be removed.                                                                                                                                                                                                                ;
; hr_clk  ; Output ; Warning  ; Declared by entity but not connected by instance. Logic that only feeds a dangling port will be removed.                                                                                                                                                                                                                ;
+---------+--------+----------+-------------------------------------------------------------------------------------------------------------------------------------------------------------------------------------------------------------------------------------------------------------------------------------------------------------------------+


+-------------------------------------------------------------------------------------------------------------------------------------------------------------------------------------------------------------------------------------------------------------------------------------------------------------------------------------------------------+
; Port Connectivity Checks: "HPSfgpa2:u0|HPSfgpa2_hps_0:hps_0|HPSfgpa2_hps_0_hps_io:hps_io|HPSfgpa2_hps_0_hps_io_border:border|hps_sdram:hps_sdram_inst|hps_sdram_p0:p0|hps_sdram_p0_acv_hard_memphy:umemphy|hps_sdram_p0_acv_hard_io_pads:uio_pads|hps_sdram_p0_acv_hard_addr_cmd_pads:uaddr_cmd_pads|hps_sdram_p0_acv_ldc:address_gen[18].acv_ac_ldc" ;
+---------+--------+----------+-------------------------------------------------------------------------------------------------------------------------------------------------------------------------------------------------------------------------------------------------------------------------------------------------------------------------+
; Port    ; Type   ; Severity ; Details                                                                                                                                                                                                                                                                                                                 ;
+---------+--------+----------+-------------------------------------------------------------------------------------------------------------------------------------------------------------------------------------------------------------------------------------------------------------------------------------------------------------------------+
; afi_clk ; Output ; Warning  ; Declared by entity but not connected by instance. Logic that only feeds a dangling port will be removed.                                                                                                                                                                                                                ;
; avl_clk ; Output ; Warning  ; Declared by entity but not connected by instance. Logic that only feeds a dangling port will be removed.                                                                                                                                                                                                                ;
; adc_clk ; Output ; Warning  ; Declared by entity but not connected by instance. Logic that only feeds a dangling port will be removed.                                                                                                                                                                                                                ;
; hr_clk  ; Output ; Warning  ; Declared by entity but not connected by instance. Logic that only feeds a dangling port will be removed.                                                                                                                                                                                                                ;
+---------+--------+----------+-------------------------------------------------------------------------------------------------------------------------------------------------------------------------------------------------------------------------------------------------------------------------------------------------------------------------+


+-------------------------------------------------------------------------------------------------------------------------------------------------------------------------------------------------------------------------------------------------------------------------------------------------------------------------------------------------------+
; Port Connectivity Checks: "HPSfgpa2:u0|HPSfgpa2_hps_0:hps_0|HPSfgpa2_hps_0_hps_io:hps_io|HPSfgpa2_hps_0_hps_io_border:border|hps_sdram:hps_sdram_inst|hps_sdram_p0:p0|hps_sdram_p0_acv_hard_memphy:umemphy|hps_sdram_p0_acv_hard_io_pads:uio_pads|hps_sdram_p0_acv_hard_addr_cmd_pads:uaddr_cmd_pads|hps_sdram_p0_acv_ldc:address_gen[17].acv_ac_ldc" ;
+---------+--------+----------+-------------------------------------------------------------------------------------------------------------------------------------------------------------------------------------------------------------------------------------------------------------------------------------------------------------------------+
; Port    ; Type   ; Severity ; Details                                                                                                                                                                                                                                                                                                                 ;
+---------+--------+----------+-------------------------------------------------------------------------------------------------------------------------------------------------------------------------------------------------------------------------------------------------------------------------------------------------------------------------+
; afi_clk ; Output ; Warning  ; Declared by entity but not connected by instance. Logic that only feeds a dangling port will be removed.                                                                                                                                                                                                                ;
; avl_clk ; Output ; Warning  ; Declared by entity but not connected by instance. Logic that only feeds a dangling port will be removed.                                                                                                                                                                                                                ;
; adc_clk ; Output ; Warning  ; Declared by entity but not connected by instance. Logic that only feeds a dangling port will be removed.                                                                                                                                                                                                                ;
; hr_clk  ; Output ; Warning  ; Declared by entity but not connected by instance. Logic that only feeds a dangling port will be removed.                                                                                                                                                                                                                ;
+---------+--------+----------+-------------------------------------------------------------------------------------------------------------------------------------------------------------------------------------------------------------------------------------------------------------------------------------------------------------------------+


+-------------------------------------------------------------------------------------------------------------------------------------------------------------------------------------------------------------------------------------------------------------------------------------------------------------------------------------------------------+
; Port Connectivity Checks: "HPSfgpa2:u0|HPSfgpa2_hps_0:hps_0|HPSfgpa2_hps_0_hps_io:hps_io|HPSfgpa2_hps_0_hps_io_border:border|hps_sdram:hps_sdram_inst|hps_sdram_p0:p0|hps_sdram_p0_acv_hard_memphy:umemphy|hps_sdram_p0_acv_hard_io_pads:uio_pads|hps_sdram_p0_acv_hard_addr_cmd_pads:uaddr_cmd_pads|hps_sdram_p0_acv_ldc:address_gen[16].acv_ac_ldc" ;
+---------+--------+----------+-------------------------------------------------------------------------------------------------------------------------------------------------------------------------------------------------------------------------------------------------------------------------------------------------------------------------+
; Port    ; Type   ; Severity ; Details                                                                                                                                                                                                                                                                                                                 ;
+---------+--------+----------+-------------------------------------------------------------------------------------------------------------------------------------------------------------------------------------------------------------------------------------------------------------------------------------------------------------------------+
; afi_clk ; Output ; Warning  ; Declared by entity but not connected by instance. Logic that only feeds a dangling port will be removed.                                                                                                                                                                                                                ;
; avl_clk ; Output ; Warning  ; Declared by entity but not connected by instance. Logic that only feeds a dangling port will be removed.                                                                                                                                                                                                                ;
; adc_clk ; Output ; Warning  ; Declared by entity but not connected by instance. Logic that only feeds a dangling port will be removed.                                                                                                                                                                                                                ;
; hr_clk  ; Output ; Warning  ; Declared by entity but not connected by instance. Logic that only feeds a dangling port will be removed.                                                                                                                                                                                                                ;
+---------+--------+----------+-------------------------------------------------------------------------------------------------------------------------------------------------------------------------------------------------------------------------------------------------------------------------------------------------------------------------+


+-------------------------------------------------------------------------------------------------------------------------------------------------------------------------------------------------------------------------------------------------------------------------------------------------------------------------------------------------------+
; Port Connectivity Checks: "HPSfgpa2:u0|HPSfgpa2_hps_0:hps_0|HPSfgpa2_hps_0_hps_io:hps_io|HPSfgpa2_hps_0_hps_io_border:border|hps_sdram:hps_sdram_inst|hps_sdram_p0:p0|hps_sdram_p0_acv_hard_memphy:umemphy|hps_sdram_p0_acv_hard_io_pads:uio_pads|hps_sdram_p0_acv_hard_addr_cmd_pads:uaddr_cmd_pads|hps_sdram_p0_acv_ldc:address_gen[15].acv_ac_ldc" ;
+---------+--------+----------+-------------------------------------------------------------------------------------------------------------------------------------------------------------------------------------------------------------------------------------------------------------------------------------------------------------------------+
; Port    ; Type   ; Severity ; Details                                                                                                                                                                                                                                                                                                                 ;
+---------+--------+----------+-------------------------------------------------------------------------------------------------------------------------------------------------------------------------------------------------------------------------------------------------------------------------------------------------------------------------+
; afi_clk ; Output ; Warning  ; Declared by entity but not connected by instance. Logic that only feeds a dangling port will be removed.                                                                                                                                                                                                                ;
; avl_clk ; Output ; Warning  ; Declared by entity but not connected by instance. Logic that only feeds a dangling port will be removed.                                                                                                                                                                                                                ;
; adc_clk ; Output ; Warning  ; Declared by entity but not connected by instance. Logic that only feeds a dangling port will be removed.                                                                                                                                                                                                                ;
; hr_clk  ; Output ; Warning  ; Declared by entity but not connected by instance. Logic that only feeds a dangling port will be removed.                                                                                                                                                                                                                ;
+---------+--------+----------+-------------------------------------------------------------------------------------------------------------------------------------------------------------------------------------------------------------------------------------------------------------------------------------------------------------------------+


+-------------------------------------------------------------------------------------------------------------------------------------------------------------------------------------------------------------------------------------------------------------------------------------------------------------------------------------------------------+
; Port Connectivity Checks: "HPSfgpa2:u0|HPSfgpa2_hps_0:hps_0|HPSfgpa2_hps_0_hps_io:hps_io|HPSfgpa2_hps_0_hps_io_border:border|hps_sdram:hps_sdram_inst|hps_sdram_p0:p0|hps_sdram_p0_acv_hard_memphy:umemphy|hps_sdram_p0_acv_hard_io_pads:uio_pads|hps_sdram_p0_acv_hard_addr_cmd_pads:uaddr_cmd_pads|hps_sdram_p0_acv_ldc:address_gen[14].acv_ac_ldc" ;
+---------+--------+----------+-------------------------------------------------------------------------------------------------------------------------------------------------------------------------------------------------------------------------------------------------------------------------------------------------------------------------+
; Port    ; Type   ; Severity ; Details                                                                                                                                                                                                                                                                                                                 ;
+---------+--------+----------+-------------------------------------------------------------------------------------------------------------------------------------------------------------------------------------------------------------------------------------------------------------------------------------------------------------------------+
; afi_clk ; Output ; Warning  ; Declared by entity but not connected by instance. Logic that only feeds a dangling port will be removed.                                                                                                                                                                                                                ;
; avl_clk ; Output ; Warning  ; Declared by entity but not connected by instance. Logic that only feeds a dangling port will be removed.                                                                                                                                                                                                                ;
; adc_clk ; Output ; Warning  ; Declared by entity but not connected by instance. Logic that only feeds a dangling port will be removed.                                                                                                                                                                                                                ;
; hr_clk  ; Output ; Warning  ; Declared by entity but not connected by instance. Logic that only feeds a dangling port will be removed.                                                                                                                                                                                                                ;
+---------+--------+----------+-------------------------------------------------------------------------------------------------------------------------------------------------------------------------------------------------------------------------------------------------------------------------------------------------------------------------+


+-------------------------------------------------------------------------------------------------------------------------------------------------------------------------------------------------------------------------------------------------------------------------------------------------------------------------------------------------------+
; Port Connectivity Checks: "HPSfgpa2:u0|HPSfgpa2_hps_0:hps_0|HPSfgpa2_hps_0_hps_io:hps_io|HPSfgpa2_hps_0_hps_io_border:border|hps_sdram:hps_sdram_inst|hps_sdram_p0:p0|hps_sdram_p0_acv_hard_memphy:umemphy|hps_sdram_p0_acv_hard_io_pads:uio_pads|hps_sdram_p0_acv_hard_addr_cmd_pads:uaddr_cmd_pads|hps_sdram_p0_acv_ldc:address_gen[13].acv_ac_ldc" ;
+---------+--------+----------+-------------------------------------------------------------------------------------------------------------------------------------------------------------------------------------------------------------------------------------------------------------------------------------------------------------------------+
; Port    ; Type   ; Severity ; Details                                                                                                                                                                                                                                                                                                                 ;
+---------+--------+----------+-------------------------------------------------------------------------------------------------------------------------------------------------------------------------------------------------------------------------------------------------------------------------------------------------------------------------+
; afi_clk ; Output ; Warning  ; Declared by entity but not connected by instance. Logic that only feeds a dangling port will be removed.                                                                                                                                                                                                                ;
; avl_clk ; Output ; Warning  ; Declared by entity but not connected by instance. Logic that only feeds a dangling port will be removed.                                                                                                                                                                                                                ;
; adc_clk ; Output ; Warning  ; Declared by entity but not connected by instance. Logic that only feeds a dangling port will be removed.                                                                                                                                                                                                                ;
; hr_clk  ; Output ; Warning  ; Declared by entity but not connected by instance. Logic that only feeds a dangling port will be removed.                                                                                                                                                                                                                ;
+---------+--------+----------+-------------------------------------------------------------------------------------------------------------------------------------------------------------------------------------------------------------------------------------------------------------------------------------------------------------------------+


+-------------------------------------------------------------------------------------------------------------------------------------------------------------------------------------------------------------------------------------------------------------------------------------------------------------------------------------------------------+
; Port Connectivity Checks: "HPSfgpa2:u0|HPSfgpa2_hps_0:hps_0|HPSfgpa2_hps_0_hps_io:hps_io|HPSfgpa2_hps_0_hps_io_border:border|hps_sdram:hps_sdram_inst|hps_sdram_p0:p0|hps_sdram_p0_acv_hard_memphy:umemphy|hps_sdram_p0_acv_hard_io_pads:uio_pads|hps_sdram_p0_acv_hard_addr_cmd_pads:uaddr_cmd_pads|hps_sdram_p0_acv_ldc:address_gen[12].acv_ac_ldc" ;
+---------+--------+----------+-------------------------------------------------------------------------------------------------------------------------------------------------------------------------------------------------------------------------------------------------------------------------------------------------------------------------+
; Port    ; Type   ; Severity ; Details                                                                                                                                                                                                                                                                                                                 ;
+---------+--------+----------+-------------------------------------------------------------------------------------------------------------------------------------------------------------------------------------------------------------------------------------------------------------------------------------------------------------------------+
; afi_clk ; Output ; Warning  ; Declared by entity but not connected by instance. Logic that only feeds a dangling port will be removed.                                                                                                                                                                                                                ;
; avl_clk ; Output ; Warning  ; Declared by entity but not connected by instance. Logic that only feeds a dangling port will be removed.                                                                                                                                                                                                                ;
; adc_clk ; Output ; Warning  ; Declared by entity but not connected by instance. Logic that only feeds a dangling port will be removed.                                                                                                                                                                                                                ;
; hr_clk  ; Output ; Warning  ; Declared by entity but not connected by instance. Logic that only feeds a dangling port will be removed.                                                                                                                                                                                                                ;
+---------+--------+----------+-------------------------------------------------------------------------------------------------------------------------------------------------------------------------------------------------------------------------------------------------------------------------------------------------------------------------+


+-------------------------------------------------------------------------------------------------------------------------------------------------------------------------------------------------------------------------------------------------------------------------------------------------------------------------------------------------------+
; Port Connectivity Checks: "HPSfgpa2:u0|HPSfgpa2_hps_0:hps_0|HPSfgpa2_hps_0_hps_io:hps_io|HPSfgpa2_hps_0_hps_io_border:border|hps_sdram:hps_sdram_inst|hps_sdram_p0:p0|hps_sdram_p0_acv_hard_memphy:umemphy|hps_sdram_p0_acv_hard_io_pads:uio_pads|hps_sdram_p0_acv_hard_addr_cmd_pads:uaddr_cmd_pads|hps_sdram_p0_acv_ldc:address_gen[11].acv_ac_ldc" ;
+---------+--------+----------+-------------------------------------------------------------------------------------------------------------------------------------------------------------------------------------------------------------------------------------------------------------------------------------------------------------------------+
; Port    ; Type   ; Severity ; Details                                                                                                                                                                                                                                                                                                                 ;
+---------+--------+----------+-------------------------------------------------------------------------------------------------------------------------------------------------------------------------------------------------------------------------------------------------------------------------------------------------------------------------+
; afi_clk ; Output ; Warning  ; Declared by entity but not connected by instance. Logic that only feeds a dangling port will be removed.                                                                                                                                                                                                                ;
; avl_clk ; Output ; Warning  ; Declared by entity but not connected by instance. Logic that only feeds a dangling port will be removed.                                                                                                                                                                                                                ;
; adc_clk ; Output ; Warning  ; Declared by entity but not connected by instance. Logic that only feeds a dangling port will be removed.                                                                                                                                                                                                                ;
; hr_clk  ; Output ; Warning  ; Declared by entity but not connected by instance. Logic that only feeds a dangling port will be removed.                                                                                                                                                                                                                ;
+---------+--------+----------+-------------------------------------------------------------------------------------------------------------------------------------------------------------------------------------------------------------------------------------------------------------------------------------------------------------------------+


+-------------------------------------------------------------------------------------------------------------------------------------------------------------------------------------------------------------------------------------------------------------------------------------------------------------------------------------------------------+
; Port Connectivity Checks: "HPSfgpa2:u0|HPSfgpa2_hps_0:hps_0|HPSfgpa2_hps_0_hps_io:hps_io|HPSfgpa2_hps_0_hps_io_border:border|hps_sdram:hps_sdram_inst|hps_sdram_p0:p0|hps_sdram_p0_acv_hard_memphy:umemphy|hps_sdram_p0_acv_hard_io_pads:uio_pads|hps_sdram_p0_acv_hard_addr_cmd_pads:uaddr_cmd_pads|hps_sdram_p0_acv_ldc:address_gen[10].acv_ac_ldc" ;
+---------+--------+----------+-------------------------------------------------------------------------------------------------------------------------------------------------------------------------------------------------------------------------------------------------------------------------------------------------------------------------+
; Port    ; Type   ; Severity ; Details                                                                                                                                                                                                                                                                                                                 ;
+---------+--------+----------+-------------------------------------------------------------------------------------------------------------------------------------------------------------------------------------------------------------------------------------------------------------------------------------------------------------------------+
; afi_clk ; Output ; Warning  ; Declared by entity but not connected by instance. Logic that only feeds a dangling port will be removed.                                                                                                                                                                                                                ;
; avl_clk ; Output ; Warning  ; Declared by entity but not connected by instance. Logic that only feeds a dangling port will be removed.                                                                                                                                                                                                                ;
; adc_clk ; Output ; Warning  ; Declared by entity but not connected by instance. Logic that only feeds a dangling port will be removed.                                                                                                                                                                                                                ;
; hr_clk  ; Output ; Warning  ; Declared by entity but not connected by instance. Logic that only feeds a dangling port will be removed.                                                                                                                                                                                                                ;
+---------+--------+----------+-------------------------------------------------------------------------------------------------------------------------------------------------------------------------------------------------------------------------------------------------------------------------------------------------------------------------+


+------------------------------------------------------------------------------------------------------------------------------------------------------------------------------------------------------------------------------------------------------------------------------------------------------------------------------------------------------+
; Port Connectivity Checks: "HPSfgpa2:u0|HPSfgpa2_hps_0:hps_0|HPSfgpa2_hps_0_hps_io:hps_io|HPSfgpa2_hps_0_hps_io_border:border|hps_sdram:hps_sdram_inst|hps_sdram_p0:p0|hps_sdram_p0_acv_hard_memphy:umemphy|hps_sdram_p0_acv_hard_io_pads:uio_pads|hps_sdram_p0_acv_hard_addr_cmd_pads:uaddr_cmd_pads|hps_sdram_p0_acv_ldc:address_gen[9].acv_ac_ldc" ;
+---------+--------+----------+------------------------------------------------------------------------------------------------------------------------------------------------------------------------------------------------------------------------------------------------------------------------------------------------------------------------+
; Port    ; Type   ; Severity ; Details                                                                                                                                                                                                                                                                                                                ;
+---------+--------+----------+------------------------------------------------------------------------------------------------------------------------------------------------------------------------------------------------------------------------------------------------------------------------------------------------------------------------+
; afi_clk ; Output ; Warning  ; Declared by entity but not connected by instance. Logic that only feeds a dangling port will be removed.                                                                                                                                                                                                               ;
; avl_clk ; Output ; Warning  ; Declared by entity but not connected by instance. Logic that only feeds a dangling port will be removed.                                                                                                                                                                                                               ;
; adc_clk ; Output ; Warning  ; Declared by entity but not connected by instance. Logic that only feeds a dangling port will be removed.                                                                                                                                                                                                               ;
; hr_clk  ; Output ; Warning  ; Declared by entity but not connected by instance. Logic that only feeds a dangling port will be removed.                                                                                                                                                                                                               ;
+---------+--------+----------+------------------------------------------------------------------------------------------------------------------------------------------------------------------------------------------------------------------------------------------------------------------------------------------------------------------------+


+------------------------------------------------------------------------------------------------------------------------------------------------------------------------------------------------------------------------------------------------------------------------------------------------------------------------------------------------------+
; Port Connectivity Checks: "HPSfgpa2:u0|HPSfgpa2_hps_0:hps_0|HPSfgpa2_hps_0_hps_io:hps_io|HPSfgpa2_hps_0_hps_io_border:border|hps_sdram:hps_sdram_inst|hps_sdram_p0:p0|hps_sdram_p0_acv_hard_memphy:umemphy|hps_sdram_p0_acv_hard_io_pads:uio_pads|hps_sdram_p0_acv_hard_addr_cmd_pads:uaddr_cmd_pads|hps_sdram_p0_acv_ldc:address_gen[8].acv_ac_ldc" ;
+---------+--------+----------+------------------------------------------------------------------------------------------------------------------------------------------------------------------------------------------------------------------------------------------------------------------------------------------------------------------------+
; Port    ; Type   ; Severity ; Details                                                                                                                                                                                                                                                                                                                ;
+---------+--------+----------+------------------------------------------------------------------------------------------------------------------------------------------------------------------------------------------------------------------------------------------------------------------------------------------------------------------------+
; afi_clk ; Output ; Warning  ; Declared by entity but not connected by instance. Logic that only feeds a dangling port will be removed.                                                                                                                                                                                                               ;
; avl_clk ; Output ; Warning  ; Declared by entity but not connected by instance. Logic that only feeds a dangling port will be removed.                                                                                                                                                                                                               ;
; adc_clk ; Output ; Warning  ; Declared by entity but not connected by instance. Logic that only feeds a dangling port will be removed.                                                                                                                                                                                                               ;
; hr_clk  ; Output ; Warning  ; Declared by entity but not connected by instance. Logic that only feeds a dangling port will be removed.                                                                                                                                                                                                               ;
+---------+--------+----------+------------------------------------------------------------------------------------------------------------------------------------------------------------------------------------------------------------------------------------------------------------------------------------------------------------------------+


+------------------------------------------------------------------------------------------------------------------------------------------------------------------------------------------------------------------------------------------------------------------------------------------------------------------------------------------------------+
; Port Connectivity Checks: "HPSfgpa2:u0|HPSfgpa2_hps_0:hps_0|HPSfgpa2_hps_0_hps_io:hps_io|HPSfgpa2_hps_0_hps_io_border:border|hps_sdram:hps_sdram_inst|hps_sdram_p0:p0|hps_sdram_p0_acv_hard_memphy:umemphy|hps_sdram_p0_acv_hard_io_pads:uio_pads|hps_sdram_p0_acv_hard_addr_cmd_pads:uaddr_cmd_pads|hps_sdram_p0_acv_ldc:address_gen[7].acv_ac_ldc" ;
+---------+--------+----------+------------------------------------------------------------------------------------------------------------------------------------------------------------------------------------------------------------------------------------------------------------------------------------------------------------------------+
; Port    ; Type   ; Severity ; Details                                                                                                                                                                                                                                                                                                                ;
+---------+--------+----------+------------------------------------------------------------------------------------------------------------------------------------------------------------------------------------------------------------------------------------------------------------------------------------------------------------------------+
; afi_clk ; Output ; Warning  ; Declared by entity but not connected by instance. Logic that only feeds a dangling port will be removed.                                                                                                                                                                                                               ;
; avl_clk ; Output ; Warning  ; Declared by entity but not connected by instance. Logic that only feeds a dangling port will be removed.                                                                                                                                                                                                               ;
; adc_clk ; Output ; Warning  ; Declared by entity but not connected by instance. Logic that only feeds a dangling port will be removed.                                                                                                                                                                                                               ;
; hr_clk  ; Output ; Warning  ; Declared by entity but not connected by instance. Logic that only feeds a dangling port will be removed.                                                                                                                                                                                                               ;
+---------+--------+----------+------------------------------------------------------------------------------------------------------------------------------------------------------------------------------------------------------------------------------------------------------------------------------------------------------------------------+


+------------------------------------------------------------------------------------------------------------------------------------------------------------------------------------------------------------------------------------------------------------------------------------------------------------------------------------------------------+
; Port Connectivity Checks: "HPSfgpa2:u0|HPSfgpa2_hps_0:hps_0|HPSfgpa2_hps_0_hps_io:hps_io|HPSfgpa2_hps_0_hps_io_border:border|hps_sdram:hps_sdram_inst|hps_sdram_p0:p0|hps_sdram_p0_acv_hard_memphy:umemphy|hps_sdram_p0_acv_hard_io_pads:uio_pads|hps_sdram_p0_acv_hard_addr_cmd_pads:uaddr_cmd_pads|hps_sdram_p0_acv_ldc:address_gen[6].acv_ac_ldc" ;
+---------+--------+----------+------------------------------------------------------------------------------------------------------------------------------------------------------------------------------------------------------------------------------------------------------------------------------------------------------------------------+
; Port    ; Type   ; Severity ; Details                                                                                                                                                                                                                                                                                                                ;
+---------+--------+----------+------------------------------------------------------------------------------------------------------------------------------------------------------------------------------------------------------------------------------------------------------------------------------------------------------------------------+
; afi_clk ; Output ; Warning  ; Declared by entity but not connected by instance. Logic that only feeds a dangling port will be removed.                                                                                                                                                                                                               ;
; avl_clk ; Output ; Warning  ; Declared by entity but not connected by instance. Logic that only feeds a dangling port will be removed.                                                                                                                                                                                                               ;
; adc_clk ; Output ; Warning  ; Declared by entity but not connected by instance. Logic that only feeds a dangling port will be removed.                                                                                                                                                                                                               ;
; hr_clk  ; Output ; Warning  ; Declared by entity but not connected by instance. Logic that only feeds a dangling port will be removed.                                                                                                                                                                                                               ;
+---------+--------+----------+------------------------------------------------------------------------------------------------------------------------------------------------------------------------------------------------------------------------------------------------------------------------------------------------------------------------+


+------------------------------------------------------------------------------------------------------------------------------------------------------------------------------------------------------------------------------------------------------------------------------------------------------------------------------------------------------+
; Port Connectivity Checks: "HPSfgpa2:u0|HPSfgpa2_hps_0:hps_0|HPSfgpa2_hps_0_hps_io:hps_io|HPSfgpa2_hps_0_hps_io_border:border|hps_sdram:hps_sdram_inst|hps_sdram_p0:p0|hps_sdram_p0_acv_hard_memphy:umemphy|hps_sdram_p0_acv_hard_io_pads:uio_pads|hps_sdram_p0_acv_hard_addr_cmd_pads:uaddr_cmd_pads|hps_sdram_p0_acv_ldc:address_gen[5].acv_ac_ldc" ;
+---------+--------+----------+------------------------------------------------------------------------------------------------------------------------------------------------------------------------------------------------------------------------------------------------------------------------------------------------------------------------+
; Port    ; Type   ; Severity ; Details                                                                                                                                                                                                                                                                                                                ;
+---------+--------+----------+------------------------------------------------------------------------------------------------------------------------------------------------------------------------------------------------------------------------------------------------------------------------------------------------------------------------+
; afi_clk ; Output ; Warning  ; Declared by entity but not connected by instance. Logic that only feeds a dangling port will be removed.                                                                                                                                                                                                               ;
; avl_clk ; Output ; Warning  ; Declared by entity but not connected by instance. Logic that only feeds a dangling port will be removed.                                                                                                                                                                                                               ;
; adc_clk ; Output ; Warning  ; Declared by entity but not connected by instance. Logic that only feeds a dangling port will be removed.                                                                                                                                                                                                               ;
; hr_clk  ; Output ; Warning  ; Declared by entity but not connected by instance. Logic that only feeds a dangling port will be removed.                                                                                                                                                                                                               ;
+---------+--------+----------+------------------------------------------------------------------------------------------------------------------------------------------------------------------------------------------------------------------------------------------------------------------------------------------------------------------------+


+------------------------------------------------------------------------------------------------------------------------------------------------------------------------------------------------------------------------------------------------------------------------------------------------------------------------------------------------------+
; Port Connectivity Checks: "HPSfgpa2:u0|HPSfgpa2_hps_0:hps_0|HPSfgpa2_hps_0_hps_io:hps_io|HPSfgpa2_hps_0_hps_io_border:border|hps_sdram:hps_sdram_inst|hps_sdram_p0:p0|hps_sdram_p0_acv_hard_memphy:umemphy|hps_sdram_p0_acv_hard_io_pads:uio_pads|hps_sdram_p0_acv_hard_addr_cmd_pads:uaddr_cmd_pads|hps_sdram_p0_acv_ldc:address_gen[4].acv_ac_ldc" ;
+---------+--------+----------+------------------------------------------------------------------------------------------------------------------------------------------------------------------------------------------------------------------------------------------------------------------------------------------------------------------------+
; Port    ; Type   ; Severity ; Details                                                                                                                                                                                                                                                                                                                ;
+---------+--------+----------+------------------------------------------------------------------------------------------------------------------------------------------------------------------------------------------------------------------------------------------------------------------------------------------------------------------------+
; afi_clk ; Output ; Warning  ; Declared by entity but not connected by instance. Logic that only feeds a dangling port will be removed.                                                                                                                                                                                                               ;
; avl_clk ; Output ; Warning  ; Declared by entity but not connected by instance. Logic that only feeds a dangling port will be removed.                                                                                                                                                                                                               ;
; adc_clk ; Output ; Warning  ; Declared by entity but not connected by instance. Logic that only feeds a dangling port will be removed.                                                                                                                                                                                                               ;
; hr_clk  ; Output ; Warning  ; Declared by entity but not connected by instance. Logic that only feeds a dangling port will be removed.                                                                                                                                                                                                               ;
+---------+--------+----------+------------------------------------------------------------------------------------------------------------------------------------------------------------------------------------------------------------------------------------------------------------------------------------------------------------------------+


+------------------------------------------------------------------------------------------------------------------------------------------------------------------------------------------------------------------------------------------------------------------------------------------------------------------------------------------------------+
; Port Connectivity Checks: "HPSfgpa2:u0|HPSfgpa2_hps_0:hps_0|HPSfgpa2_hps_0_hps_io:hps_io|HPSfgpa2_hps_0_hps_io_border:border|hps_sdram:hps_sdram_inst|hps_sdram_p0:p0|hps_sdram_p0_acv_hard_memphy:umemphy|hps_sdram_p0_acv_hard_io_pads:uio_pads|hps_sdram_p0_acv_hard_addr_cmd_pads:uaddr_cmd_pads|hps_sdram_p0_acv_ldc:address_gen[3].acv_ac_ldc" ;
+---------+--------+----------+------------------------------------------------------------------------------------------------------------------------------------------------------------------------------------------------------------------------------------------------------------------------------------------------------------------------+
; Port    ; Type   ; Severity ; Details                                                                                                                                                                                                                                                                                                                ;
+---------+--------+----------+------------------------------------------------------------------------------------------------------------------------------------------------------------------------------------------------------------------------------------------------------------------------------------------------------------------------+
; afi_clk ; Output ; Warning  ; Declared by entity but not connected by instance. Logic that only feeds a dangling port will be removed.                                                                                                                                                                                                               ;
; avl_clk ; Output ; Warning  ; Declared by entity but not connected by instance. Logic that only feeds a dangling port will be removed.                                                                                                                                                                                                               ;
; adc_clk ; Output ; Warning  ; Declared by entity but not connected by instance. Logic that only feeds a dangling port will be removed.                                                                                                                                                                                                               ;
; hr_clk  ; Output ; Warning  ; Declared by entity but not connected by instance. Logic that only feeds a dangling port will be removed.                                                                                                                                                                                                               ;
+---------+--------+----------+------------------------------------------------------------------------------------------------------------------------------------------------------------------------------------------------------------------------------------------------------------------------------------------------------------------------+


+------------------------------------------------------------------------------------------------------------------------------------------------------------------------------------------------------------------------------------------------------------------------------------------------------------------------------------------------------+
; Port Connectivity Checks: "HPSfgpa2:u0|HPSfgpa2_hps_0:hps_0|HPSfgpa2_hps_0_hps_io:hps_io|HPSfgpa2_hps_0_hps_io_border:border|hps_sdram:hps_sdram_inst|hps_sdram_p0:p0|hps_sdram_p0_acv_hard_memphy:umemphy|hps_sdram_p0_acv_hard_io_pads:uio_pads|hps_sdram_p0_acv_hard_addr_cmd_pads:uaddr_cmd_pads|hps_sdram_p0_acv_ldc:address_gen[2].acv_ac_ldc" ;
+---------+--------+----------+------------------------------------------------------------------------------------------------------------------------------------------------------------------------------------------------------------------------------------------------------------------------------------------------------------------------+
; Port    ; Type   ; Severity ; Details                                                                                                                                                                                                                                                                                                                ;
+---------+--------+----------+------------------------------------------------------------------------------------------------------------------------------------------------------------------------------------------------------------------------------------------------------------------------------------------------------------------------+
; afi_clk ; Output ; Warning  ; Declared by entity but not connected by instance. Logic that only feeds a dangling port will be removed.                                                                                                                                                                                                               ;
; avl_clk ; Output ; Warning  ; Declared by entity but not connected by instance. Logic that only feeds a dangling port will be removed.                                                                                                                                                                                                               ;
; adc_clk ; Output ; Warning  ; Declared by entity but not connected by instance. Logic that only feeds a dangling port will be removed.                                                                                                                                                                                                               ;
; hr_clk  ; Output ; Warning  ; Declared by entity but not connected by instance. Logic that only feeds a dangling port will be removed.                                                                                                                                                                                                               ;
+---------+--------+----------+------------------------------------------------------------------------------------------------------------------------------------------------------------------------------------------------------------------------------------------------------------------------------------------------------------------------+


+------------------------------------------------------------------------------------------------------------------------------------------------------------------------------------------------------------------------------------------------------------------------------------------------------------------------------------------------------+
; Port Connectivity Checks: "HPSfgpa2:u0|HPSfgpa2_hps_0:hps_0|HPSfgpa2_hps_0_hps_io:hps_io|HPSfgpa2_hps_0_hps_io_border:border|hps_sdram:hps_sdram_inst|hps_sdram_p0:p0|hps_sdram_p0_acv_hard_memphy:umemphy|hps_sdram_p0_acv_hard_io_pads:uio_pads|hps_sdram_p0_acv_hard_addr_cmd_pads:uaddr_cmd_pads|hps_sdram_p0_acv_ldc:address_gen[1].acv_ac_ldc" ;
+---------+--------+----------+------------------------------------------------------------------------------------------------------------------------------------------------------------------------------------------------------------------------------------------------------------------------------------------------------------------------+
; Port    ; Type   ; Severity ; Details                                                                                                                                                                                                                                                                                                                ;
+---------+--------+----------+------------------------------------------------------------------------------------------------------------------------------------------------------------------------------------------------------------------------------------------------------------------------------------------------------------------------+
; afi_clk ; Output ; Warning  ; Declared by entity but not connected by instance. Logic that only feeds a dangling port will be removed.                                                                                                                                                                                                               ;
; avl_clk ; Output ; Warning  ; Declared by entity but not connected by instance. Logic that only feeds a dangling port will be removed.                                                                                                                                                                                                               ;
; adc_clk ; Output ; Warning  ; Declared by entity but not connected by instance. Logic that only feeds a dangling port will be removed.                                                                                                                                                                                                               ;
; hr_clk  ; Output ; Warning  ; Declared by entity but not connected by instance. Logic that only feeds a dangling port will be removed.                                                                                                                                                                                                               ;
+---------+--------+----------+------------------------------------------------------------------------------------------------------------------------------------------------------------------------------------------------------------------------------------------------------------------------------------------------------------------------+


+------------------------------------------------------------------------------------------------------------------------------------------------------------------------------------------------------------------------------------------------------------------------------------------------------------------------------------------------------+
; Port Connectivity Checks: "HPSfgpa2:u0|HPSfgpa2_hps_0:hps_0|HPSfgpa2_hps_0_hps_io:hps_io|HPSfgpa2_hps_0_hps_io_border:border|hps_sdram:hps_sdram_inst|hps_sdram_p0:p0|hps_sdram_p0_acv_hard_memphy:umemphy|hps_sdram_p0_acv_hard_io_pads:uio_pads|hps_sdram_p0_acv_hard_addr_cmd_pads:uaddr_cmd_pads|hps_sdram_p0_acv_ldc:address_gen[0].acv_ac_ldc" ;
+---------+--------+----------+------------------------------------------------------------------------------------------------------------------------------------------------------------------------------------------------------------------------------------------------------------------------------------------------------------------------+
; Port    ; Type   ; Severity ; Details                                                                                                                                                                                                                                                                                                                ;
+---------+--------+----------+------------------------------------------------------------------------------------------------------------------------------------------------------------------------------------------------------------------------------------------------------------------------------------------------------------------------+
; afi_clk ; Output ; Warning  ; Declared by entity but not connected by instance. Logic that only feeds a dangling port will be removed.                                                                                                                                                                                                               ;
; avl_clk ; Output ; Warning  ; Declared by entity but not connected by instance. Logic that only feeds a dangling port will be removed.                                                                                                                                                                                                               ;
; adc_clk ; Output ; Warning  ; Declared by entity but not connected by instance. Logic that only feeds a dangling port will be removed.                                                                                                                                                                                                               ;
; hr_clk  ; Output ; Warning  ; Declared by entity but not connected by instance. Logic that only feeds a dangling port will be removed.                                                                                                                                                                                                               ;
+---------+--------+----------+------------------------------------------------------------------------------------------------------------------------------------------------------------------------------------------------------------------------------------------------------------------------------------------------------------------------+


+-------------------------------------------------------------------------------------------------------------------------------------------------------------------------------------------------------------------------------------------------------------------------------------------------------+
; Port Connectivity Checks: "HPSfgpa2:u0|HPSfgpa2_hps_0:hps_0|HPSfgpa2_hps_0_hps_io:hps_io|HPSfgpa2_hps_0_hps_io_border:border|hps_sdram:hps_sdram_inst|hps_sdram_p0:p0|hps_sdram_p0_acv_hard_memphy:umemphy|hps_sdram_p0_acv_hard_io_pads:uio_pads|hps_sdram_p0_acv_hard_addr_cmd_pads:uaddr_cmd_pads" ;
+------------------+-------+----------+-----------------------------------------------------------------------------------------------------------------------------------------------------------------------------------------------------------------------------------------------------------------+
; Port             ; Type  ; Severity ; Details                                                                                                                                                                                                                                                         ;
+------------------+-------+----------+-----------------------------------------------------------------------------------------------------------------------------------------------------------------------------------------------------------------------------------------------------------------+
; phy_ddio_address ; Input ; Warning  ; Input port expression (64 bits) is wider than the input port (52 bits) it drives.  The 12 most-significant bit(s) in the expression will be dangling if they have no other fanouts.                                                                             ;
; phy_ddio_cs_n    ; Input ; Warning  ; Input port expression (8 bits) is wider than the input port (4 bits) it drives.  The 4 most-significant bit(s) in the expression will be dangling if they have no other fanouts.                                                                                ;
; phy_ddio_cke     ; Input ; Warning  ; Input port expression (8 bits) is wider than the input port (4 bits) it drives.  The 4 most-significant bit(s) in the expression will be dangling if they have no other fanouts.                                                                                ;
; phy_ddio_odt     ; Input ; Warning  ; Input port expression (8 bits) is wider than the input port (4 bits) it drives.  The 4 most-significant bit(s) in the expression will be dangling if they have no other fanouts.                                                                                ;
+------------------+-------+----------+-----------------------------------------------------------------------------------------------------------------------------------------------------------------------------------------------------------------------------------------------------------------+


+----------------------------------------------------------------------------------------------------------------------------------------------------------------------------------------------------------------------------------------------------+
; Port Connectivity Checks: "HPSfgpa2:u0|HPSfgpa2_hps_0:hps_0|HPSfgpa2_hps_0_hps_io:hps_io|HPSfgpa2_hps_0_hps_io_border:border|hps_sdram:hps_sdram_inst|hps_sdram_p0:p0|hps_sdram_p0_acv_hard_memphy:umemphy|hps_sdram_p0_acv_hard_io_pads:uio_pads" ;
+-----------------------------+-------+----------+---------------------------------------------------------------------------------------------------------------------------------------------------------------------------------------------------+
; Port                        ; Type  ; Severity ; Details                                                                                                                                                                                           ;
+-----------------------------+-------+----------+---------------------------------------------------------------------------------------------------------------------------------------------------------------------------------------------------+
; phy_ddio_dmdout             ; Input ; Warning  ; Input port expression (20 bits) is smaller than the input port (25 bits) it drives.  Extra input bit(s) "phy_ddio_dmdout[24..20]" will be connected to GND.                                       ;
; seq_read_latency_counter    ; Input ; Warning  ; Declared by entity but not connected by instance. If a default value exists, it will be used.  Otherwise, the port will be connected to GND.                                                      ;
; seq_read_increment_vfifo_fr ; Input ; Warning  ; Declared by entity but not connected by instance. If a default value exists, it will be used.  Otherwise, the port will be connected to GND.                                                      ;
; seq_read_increment_vfifo_hr ; Input ; Warning  ; Declared by entity but not connected by instance. If a default value exists, it will be used.  Otherwise, the port will be connected to GND.                                                      ;
+-----------------------------+-------+----------+---------------------------------------------------------------------------------------------------------------------------------------------------------------------------------------------------+


+---------------------------------------------------------------------------------------------------------------------------------------------------------------------------------------------------------------------------------------------+
; Port Connectivity Checks: "HPSfgpa2:u0|HPSfgpa2_hps_0:hps_0|HPSfgpa2_hps_0_hps_io:hps_io|HPSfgpa2_hps_0_hps_io_border:border|hps_sdram:hps_sdram_inst|hps_sdram_p0:p0|hps_sdram_p0_acv_hard_memphy:umemphy|hps_sdram_p0_acv_ldc:memphy_ldc" ;
+--------+--------+----------+----------------------------------------------------------------------------------------------------------------------------------------------------------------------------------------------------------------+
; Port   ; Type   ; Severity ; Details                                                                                                                                                                                                        ;
+--------+--------+----------+----------------------------------------------------------------------------------------------------------------------------------------------------------------------------------------------------------------+
; hr_clk ; Output ; Warning  ; Declared by entity but not connected by instance. Logic that only feeds a dangling port will be removed.                                                                                                       ;
+--------+--------+----------+----------------------------------------------------------------------------------------------------------------------------------------------------------------------------------------------------------------+


+------------------------------------------------------------------------------------------------------------------------------------------------------------------------+
; Port Connectivity Checks: "HPSfgpa2:u0|HPSfgpa2_hps_0:hps_0|HPSfgpa2_hps_0_hps_io:hps_io|HPSfgpa2_hps_0_hps_io_border:border|hps_sdram:hps_sdram_inst|hps_sdram_p0:p0" ;
+---------------------------+--------+----------+------------------------------------------------------------------------------------------------------------------------+
; Port                      ; Type   ; Severity ; Details                                                                                                                ;
+---------------------------+--------+----------+------------------------------------------------------------------------------------------------------------------------+
; afi_reset_export_n        ; Output ; Info     ; Explicitly unconnected                                                                                                 ;
; avl_clk                   ; Output ; Info     ; Explicitly unconnected                                                                                                 ;
; avl_reset_n               ; Output ; Info     ; Explicitly unconnected                                                                                                 ;
; scc_clk                   ; Output ; Info     ; Explicitly unconnected                                                                                                 ;
; scc_reset_n               ; Output ; Info     ; Explicitly unconnected                                                                                                 ;
; avl_address               ; Input  ; Info     ; Explicitly unconnected                                                                                                 ;
; avl_write                 ; Input  ; Info     ; Explicitly unconnected                                                                                                 ;
; avl_writedata             ; Input  ; Info     ; Explicitly unconnected                                                                                                 ;
; avl_read                  ; Input  ; Info     ; Explicitly unconnected                                                                                                 ;
; avl_readdata              ; Output ; Info     ; Explicitly unconnected                                                                                                 ;
; avl_waitrequest           ; Output ; Info     ; Explicitly unconnected                                                                                                 ;
; scc_data                  ; Input  ; Info     ; Explicitly unconnected                                                                                                 ;
; scc_dqs_ena               ; Input  ; Info     ; Explicitly unconnected                                                                                                 ;
; scc_dqs_io_ena            ; Input  ; Info     ; Explicitly unconnected                                                                                                 ;
; scc_dq_ena                ; Input  ; Info     ; Explicitly unconnected                                                                                                 ;
; scc_dm_ena                ; Input  ; Info     ; Explicitly unconnected                                                                                                 ;
; capture_strobe_tracking   ; Output ; Info     ; Explicitly unconnected                                                                                                 ;
; scc_upd                   ; Input  ; Info     ; Explicitly unconnected                                                                                                 ;
; csr_soft_reset_req        ; Input  ; Info     ; Stuck at GND                                                                                                           ;
; io_intaddrdout            ; Input  ; Info     ; Stuck at GND                                                                                                           ;
; io_intbadout              ; Input  ; Info     ; Stuck at GND                                                                                                           ;
; io_intcasndout            ; Input  ; Info     ; Stuck at GND                                                                                                           ;
; io_intckdout              ; Input  ; Info     ; Stuck at GND                                                                                                           ;
; io_intckedout             ; Input  ; Info     ; Stuck at GND                                                                                                           ;
; io_intckndout             ; Input  ; Info     ; Stuck at GND                                                                                                           ;
; io_intcsndout             ; Input  ; Info     ; Stuck at GND                                                                                                           ;
; io_intdmdout              ; Input  ; Info     ; Stuck at GND                                                                                                           ;
; io_intdqdin               ; Output ; Info     ; Explicitly unconnected                                                                                                 ;
; io_intdqdout              ; Input  ; Info     ; Stuck at GND                                                                                                           ;
; io_intdqoe                ; Input  ; Info     ; Stuck at GND                                                                                                           ;
; io_intdqsbdout            ; Input  ; Info     ; Stuck at GND                                                                                                           ;
; io_intdqsboe              ; Input  ; Info     ; Stuck at GND                                                                                                           ;
; io_intdqsdout             ; Input  ; Info     ; Stuck at GND                                                                                                           ;
; io_intdqslogicdqsena      ; Input  ; Info     ; Stuck at GND                                                                                                           ;
; io_intdqslogicfiforeset   ; Input  ; Info     ; Stuck at GND                                                                                                           ;
; io_intdqslogicincrdataen  ; Input  ; Info     ; Stuck at GND                                                                                                           ;
; io_intdqslogicincwrptr    ; Input  ; Info     ; Stuck at GND                                                                                                           ;
; io_intdqslogicoct         ; Input  ; Info     ; Stuck at GND                                                                                                           ;
; io_intdqslogicrdatavalid  ; Output ; Info     ; Explicitly unconnected                                                                                                 ;
; io_intdqslogicreadlatency ; Input  ; Info     ; Stuck at GND                                                                                                           ;
; io_intdqsoe               ; Input  ; Info     ; Stuck at GND                                                                                                           ;
; io_intodtdout             ; Input  ; Info     ; Stuck at GND                                                                                                           ;
; io_intrasndout            ; Input  ; Info     ; Stuck at GND                                                                                                           ;
; io_intresetndout          ; Input  ; Info     ; Stuck at GND                                                                                                           ;
; io_intwendout             ; Input  ; Info     ; Stuck at GND                                                                                                           ;
; io_intafirlat             ; Output ; Info     ; Explicitly unconnected                                                                                                 ;
; io_intafiwlat             ; Output ; Info     ; Explicitly unconnected                                                                                                 ;
; phy_clk                   ; Output ; Warning  ; Declared by entity but not connected by instance. Logic that only feeds a dangling port will be removed.               ;
; phy_reset_n               ; Output ; Warning  ; Declared by entity but not connected by instance. Logic that only feeds a dangling port will be removed.               ;
+---------------------------+--------+----------+------------------------------------------------------------------------------------------------------------------------+


+----------------------------------------------------------------------------------------------------------------------------------------------------------------------------------+
; Port Connectivity Checks: "HPSfgpa2:u0|HPSfgpa2_hps_0:hps_0|HPSfgpa2_hps_0_hps_io:hps_io|HPSfgpa2_hps_0_hps_io_border:border|hps_sdram:hps_sdram_inst"                           ;
+----------------+-------+----------+----------------------------------------------------------------------------------------------------------------------------------------------+
; Port           ; Type  ; Severity ; Details                                                                                                                                      ;
+----------------+-------+----------+----------------------------------------------------------------------------------------------------------------------------------------------+
; pll_ref_clk    ; Input ; Warning  ; Declared by entity but not connected by instance. If a default value exists, it will be used.  Otherwise, the port will be connected to GND. ;
; global_reset_n ; Input ; Warning  ; Declared by entity but not connected by instance. If a default value exists, it will be used.  Otherwise, the port will be connected to GND. ;
; soft_reset_n   ; Input ; Warning  ; Declared by entity but not connected by instance. If a default value exists, it will be used.  Otherwise, the port will be connected to GND. ;
+----------------+-------+----------+----------------------------------------------------------------------------------------------------------------------------------------------+


+-----------------------------------------------------------------+
; Port Connectivity Checks: "HPSfgpa2:u0|HPSfgpa2_hps_0:hps_0"    ;
+--------------------+--------+----------+------------------------+
; Port               ; Type   ; Severity ; Details                ;
+--------------------+--------+----------+------------------------+
; f2h_sdram0_ARADDR  ; Input  ; Info     ; Explicitly unconnected ;
; f2h_sdram0_ARLEN   ; Input  ; Info     ; Explicitly unconnected ;
; f2h_sdram0_ARID    ; Input  ; Info     ; Explicitly unconnected ;
; f2h_sdram0_ARSIZE  ; Input  ; Info     ; Explicitly unconnected ;
; f2h_sdram0_ARBURST ; Input  ; Info     ; Explicitly unconnected ;
; f2h_sdram0_ARLOCK  ; Input  ; Info     ; Explicitly unconnected ;
; f2h_sdram0_ARPROT  ; Input  ; Info     ; Explicitly unconnected ;
; f2h_sdram0_ARVALID ; Input  ; Info     ; Explicitly unconnected ;
; f2h_sdram0_ARCACHE ; Input  ; Info     ; Explicitly unconnected ;
; f2h_sdram0_AWADDR  ; Input  ; Info     ; Explicitly unconnected ;
; f2h_sdram0_AWLEN   ; Input  ; Info     ; Explicitly unconnected ;
; f2h_sdram0_AWID    ; Input  ; Info     ; Explicitly unconnected ;
; f2h_sdram0_AWSIZE  ; Input  ; Info     ; Explicitly unconnected ;
; f2h_sdram0_AWBURST ; Input  ; Info     ; Explicitly unconnected ;
; f2h_sdram0_AWLOCK  ; Input  ; Info     ; Explicitly unconnected ;
; f2h_sdram0_AWPROT  ; Input  ; Info     ; Explicitly unconnected ;
; f2h_sdram0_AWVALID ; Input  ; Info     ; Explicitly unconnected ;
; f2h_sdram0_AWCACHE ; Input  ; Info     ; Explicitly unconnected ;
; f2h_sdram0_BRESP   ; Output ; Info     ; Explicitly unconnected ;
; f2h_sdram0_BID     ; Output ; Info     ; Explicitly unconnected ;
; f2h_sdram0_BVALID  ; Output ; Info     ; Explicitly unconnected ;
; f2h_sdram0_BREADY  ; Input  ; Info     ; Explicitly unconnected ;
; f2h_sdram0_ARREADY ; Output ; Info     ; Explicitly unconnected ;
; f2h_sdram0_AWREADY ; Output ; Info     ; Explicitly unconnected ;
; f2h_sdram0_RREADY  ; Input  ; Info     ; Explicitly unconnected ;
; f2h_sdram0_RDATA   ; Output ; Info     ; Explicitly unconnected ;
; f2h_sdram0_RRESP   ; Output ; Info     ; Explicitly unconnected ;
; f2h_sdram0_RLAST   ; Output ; Info     ; Explicitly unconnected ;
; f2h_sdram0_RID     ; Output ; Info     ; Explicitly unconnected ;
; f2h_sdram0_RVALID  ; Output ; Info     ; Explicitly unconnected ;
; f2h_sdram0_WLAST   ; Input  ; Info     ; Explicitly unconnected ;
; f2h_sdram0_WVALID  ; Input  ; Info     ; Explicitly unconnected ;
; f2h_sdram0_WDATA   ; Input  ; Info     ; Explicitly unconnected ;
; f2h_sdram0_WSTRB   ; Input  ; Info     ; Explicitly unconnected ;
; f2h_sdram0_WREADY  ; Output ; Info     ; Explicitly unconnected ;
; f2h_sdram0_WID     ; Input  ; Info     ; Explicitly unconnected ;
; h2f_AWID           ; Output ; Info     ; Explicitly unconnected ;
; h2f_AWADDR         ; Output ; Info     ; Explicitly unconnected ;
; h2f_AWLEN          ; Output ; Info     ; Explicitly unconnected ;
; h2f_AWSIZE         ; Output ; Info     ; Explicitly unconnected ;
; h2f_AWBURST        ; Output ; Info     ; Explicitly unconnected ;
; h2f_AWLOCK         ; Output ; Info     ; Explicitly unconnected ;
; h2f_AWCACHE        ; Output ; Info     ; Explicitly unconnected ;
; h2f_AWPROT         ; Output ; Info     ; Explicitly unconnected ;
; h2f_AWVALID        ; Output ; Info     ; Explicitly unconnected ;
; h2f_AWREADY        ; Input  ; Info     ; Explicitly unconnected ;
; h2f_WID            ; Output ; Info     ; Explicitly unconnected ;
; h2f_WDATA          ; Output ; Info     ; Explicitly unconnected ;
; h2f_WSTRB          ; Output ; Info     ; Explicitly unconnected ;
; h2f_WLAST          ; Output ; Info     ; Explicitly unconnected ;
; h2f_WVALID         ; Output ; Info     ; Explicitly unconnected ;
; h2f_WREADY         ; Input  ; Info     ; Explicitly unconnected ;
; h2f_BID            ; Input  ; Info     ; Explicitly unconnected ;
; h2f_BRESP          ; Input  ; Info     ; Explicitly unconnected ;
; h2f_BVALID         ; Input  ; Info     ; Explicitly unconnected ;
; h2f_BREADY         ; Output ; Info     ; Explicitly unconnected ;
; h2f_ARID           ; Output ; Info     ; Explicitly unconnected ;
; h2f_ARADDR         ; Output ; Info     ; Explicitly unconnected ;
; h2f_ARLEN          ; Output ; Info     ; Explicitly unconnected ;
; h2f_ARSIZE         ; Output ; Info     ; Explicitly unconnected ;
; h2f_ARBURST        ; Output ; Info     ; Explicitly unconnected ;
; h2f_ARLOCK         ; Output ; Info     ; Explicitly unconnected ;
; h2f_ARCACHE        ; Output ; Info     ; Explicitly unconnected ;
; h2f_ARPROT         ; Output ; Info     ; Explicitly unconnected ;
; h2f_ARVALID        ; Output ; Info     ; Explicitly unconnected ;
; h2f_ARREADY        ; Input  ; Info     ; Explicitly unconnected ;
; h2f_RID            ; Input  ; Info     ; Explicitly unconnected ;
; h2f_RDATA          ; Input  ; Info     ; Explicitly unconnected ;
; h2f_RRESP          ; Input  ; Info     ; Explicitly unconnected ;
; h2f_RLAST          ; Input  ; Info     ; Explicitly unconnected ;
; h2f_RVALID         ; Input  ; Info     ; Explicitly unconnected ;
; h2f_RREADY         ; Output ; Info     ; Explicitly unconnected ;
; f2h_AWID           ; Input  ; Info     ; Explicitly unconnected ;
; f2h_AWADDR         ; Input  ; Info     ; Explicitly unconnected ;
; f2h_AWLEN          ; Input  ; Info     ; Explicitly unconnected ;
; f2h_AWSIZE         ; Input  ; Info     ; Explicitly unconnected ;
; f2h_AWBURST        ; Input  ; Info     ; Explicitly unconnected ;
; f2h_AWLOCK         ; Input  ; Info     ; Explicitly unconnected ;
; f2h_AWCACHE        ; Input  ; Info     ; Explicitly unconnected ;
; f2h_AWPROT         ; Input  ; Info     ; Explicitly unconnected ;
; f2h_AWVALID        ; Input  ; Info     ; Explicitly unconnected ;
; f2h_AWREADY        ; Output ; Info     ; Explicitly unconnected ;
; f2h_AWUSER         ; Input  ; Info     ; Explicitly unconnected ;
; f2h_WID            ; Input  ; Info     ; Explicitly unconnected ;
; f2h_WDATA          ; Input  ; Info     ; Explicitly unconnected ;
; f2h_WSTRB          ; Input  ; Info     ; Explicitly unconnected ;
; f2h_WLAST          ; Input  ; Info     ; Explicitly unconnected ;
; f2h_WVALID         ; Input  ; Info     ; Explicitly unconnected ;
; f2h_WREADY         ; Output ; Info     ; Explicitly unconnected ;
; f2h_BID            ; Output ; Info     ; Explicitly unconnected ;
; f2h_BRESP          ; Output ; Info     ; Explicitly unconnected ;
; f2h_BVALID         ; Output ; Info     ; Explicitly unconnected ;
; f2h_BREADY         ; Input  ; Info     ; Explicitly unconnected ;
; f2h_ARID           ; Input  ; Info     ; Explicitly unconnected ;
; f2h_ARADDR         ; Input  ; Info     ; Explicitly unconnected ;
; f2h_ARLEN          ; Input  ; Info     ; Explicitly unconnected ;
; f2h_ARSIZE         ; Input  ; Info     ; Explicitly unconnected ;
; f2h_ARBURST        ; Input  ; Info     ; Explicitly unconnected ;
; f2h_ARLOCK         ; Input  ; Info     ; Explicitly unconnected ;
; f2h_ARCACHE        ; Input  ; Info     ; Explicitly unconnected ;
; f2h_ARPROT         ; Input  ; Info     ; Explicitly unconnected ;
; f2h_ARVALID        ; Input  ; Info     ; Explicitly unconnected ;
; f2h_ARREADY        ; Output ; Info     ; Explicitly unconnected ;
; f2h_ARUSER         ; Input  ; Info     ; Explicitly unconnected ;
; f2h_RID            ; Output ; Info     ; Explicitly unconnected ;
; f2h_RDATA          ; Output ; Info     ; Explicitly unconnected ;
; f2h_RRESP          ; Output ; Info     ; Explicitly unconnected ;
; f2h_RLAST          ; Output ; Info     ; Explicitly unconnected ;
; f2h_RVALID         ; Output ; Info     ; Explicitly unconnected ;
; f2h_RREADY         ; Input  ; Info     ; Explicitly unconnected ;
+--------------------+--------+----------+------------------------+


+------------------------------------------------------------------------------+
; Port Connectivity Checks: "HPSfgpa2:u0"                                      ;
+---------------------------------+--------+----------+------------------------+
; Port                            ; Type   ; Severity ; Details                ;
+---------------------------------+--------+----------+------------------------+
; fpga_bram_s2_chipselect         ; Input  ; Info     ; Stuck at VCC           ;
; fpga_bram_s2_clken              ; Input  ; Info     ; Stuck at VCC           ;
; fpga_bram_s2_byteenable         ; Input  ; Info     ; Stuck at VCC           ;
; hps_0_h2f_mpu_events_eventi     ; Input  ; Info     ; Stuck at GND           ;
; hps_0_h2f_mpu_events_evento     ; Output ; Info     ; Explicitly unconnected ;
; hps_0_h2f_mpu_events_standbywfe ; Output ; Info     ; Explicitly unconnected ;
; hps_0_h2f_mpu_events_standbywfi ; Output ; Info     ; Explicitly unconnected ;
+---------------------------------+--------+----------+------------------------+


+--------------------------------------------------------------------------------------------------------------------------------------------------------------------------+
; Port Connectivity Checks: "decoder:PCDisplay"                                                                                                                            ;
+------+-------+----------+------------------------------------------------------------------------------------------------------------------------------------------------+
; Port ; Type  ; Severity ; Details                                                                                                                                        ;
+------+-------+----------+------------------------------------------------------------------------------------------------------------------------------------------------+
; in   ; Input ; Warning  ; Input port expression (10 bits) is smaller than the input port (16 bits) it drives.  Extra input bit(s) "in[15..10]" will be connected to GND. ;
+------+-------+----------+------------------------------------------------------------------------------------------------------------------------------------------------+


+------------------------------------------------------------+
; Post-Synthesis Netlist Statistics for Top Partition        ;
+----------------------------------------------------+-------+
; Type                                               ; Count ;
+----------------------------------------------------+-------+
; arriav_ff                                          ; 861   ;
;     CLR                                            ; 67    ;
;     ENA                                            ; 4     ;
;     ENA CLR                                        ; 187   ;
;     ENA CLR SLD                                    ; 6     ;
;     ENA SCLR                                       ; 527   ;
;     ENA SCLR SLD                                   ; 9     ;
;     SCLR                                           ; 31    ;
;     SLD                                            ; 1     ;
;     plain                                          ; 29    ;
; arriav_hps_interface_boot_from_fpga                ; 1     ;
; arriav_hps_interface_clocks_resets                 ; 1     ;
; arriav_hps_interface_dbg_apb                       ; 1     ;
; arriav_hps_interface_fpga2hps                      ; 1     ;
; arriav_hps_interface_fpga2sdram                    ; 1     ;
; arriav_hps_interface_hps2fpga                      ; 1     ;
; arriav_hps_interface_hps2fpga_light_weight         ; 1     ;
; arriav_hps_interface_mpu_event_standby             ; 1     ;
; arriav_hps_interface_tpiu_trace                    ; 1     ;
; arriav_lcell_comb                                  ; 1642  ;
;     arith                                          ; 199   ;
;         0 data inputs                              ; 2     ;
;         1 data inputs                              ; 51    ;
;         2 data inputs                              ; 30    ;
;         3 data inputs                              ; 53    ;
;         4 data inputs                              ; 62    ;
;         5 data inputs                              ; 1     ;
;     extend                                         ; 30    ;
;         7 data inputs                              ; 30    ;
;     normal                                         ; 1381  ;
;         0 data inputs                              ; 1     ;
;         1 data inputs                              ; 8     ;
;         2 data inputs                              ; 108   ;
;         3 data inputs                              ; 174   ;
;         4 data inputs                              ; 209   ;
;         5 data inputs                              ; 167   ;
;         6 data inputs                              ; 714   ;
;     shared                                         ; 32    ;
;         2 data inputs                              ; 32    ;
; arriav_mac                                         ; 2     ;
; blackbox                                           ; 1     ;
;                 PSfgpa2_hps_0_hps_io_border:border ; 1     ;
; boundary_port                                      ; 46    ;
; stratixv_ram_block                                 ; 32    ;
;                                                    ;       ;
; Max LUT depth                                      ; 11.10 ;
; Average LUT depth                                  ; 6.53  ;
+----------------------------------------------------+-------+


+-------------------------------------------------------------------------------------+
; Post-Synthesis Netlist Statistics for Partition HPSfgpa2_hps_0_hps_io_border:border ;
+------------------------------------+------------------------------------------------+
; Type                               ; Count                                          ;
+------------------------------------+------------------------------------------------+
; arriav_clk_phase_select            ; 29                                             ;
; arriav_ddio_in                     ; 8                                              ;
; arriav_ddio_oe                     ; 1                                              ;
; arriav_ddio_out                    ; 114                                            ;
; arriav_delay_chain                 ; 31                                             ;
; arriav_dll                         ; 1                                              ;
; arriav_dqs_config                  ; 1                                              ;
; arriav_dqs_delay_chain             ; 1                                              ;
; arriav_dqs_enable_ctrl             ; 1                                              ;
; arriav_ff                          ; 9                                              ;
;     plain                          ; 9                                              ;
; arriav_hps_sdram_pll               ; 1                                              ;
; arriav_io_config                   ; 10                                             ;
; arriav_io_ibuf                     ; 9                                              ;
; arriav_io_obuf                     ; 13                                             ;
; arriav_ir_fifo_userdes             ; 8                                              ;
; arriav_lcell_comb                  ; 1                                              ;
;     normal                         ; 1                                              ;
;         0 data inputs              ; 1                                              ;
; arriav_leveling_delay_chain        ; 29                                             ;
; arriav_lfifo                       ; 1                                              ;
; arriav_mem_phy                     ; 1                                              ;
; arriav_read_fifo_read_clock_select ; 8                                              ;
; arriav_vfifo                       ; 1                                              ;
; boundary_port                      ; 37                                             ;
; cyclonev_hmc                       ; 1                                              ;
; cyclonev_termination               ; 1                                              ;
; cyclonev_termination_logic         ; 1                                              ;
; stratixv_pseudo_diff_out           ; 2                                              ;
;                                    ;                                                ;
; Max LUT depth                      ; 0.00                                           ;
; Average LUT depth                  ; 0.00                                           ;
+------------------------------------+------------------------------------------------+


+----------------------------------------------------+
; Elapsed Time Per Partition                         ;
+-------------------------------------+--------------+
; Partition Name                      ; Elapsed Time ;
+-------------------------------------+--------------+
; Top                                 ; 00:00:08     ;
; HPSfgpa2_hps_0_hps_io_border:border ; 00:00:00     ;
+-------------------------------------+--------------+


+-------------------------------+
; Analysis & Synthesis Messages ;
+-------------------------------+
Info: *******************************************************************
Info: Running Quartus Prime Analysis & Synthesis
    Info: Version 25.1std.0 Build 1129 10/21/2025 SC Lite Edition
    Info: Processing started: Fri Sep 11 13:44:00 2026
Info: Command: quartus_map --read_settings_files=on --write_settings_files=off HFTTop -c HFTTop
Warning (18236): Number of processors has not been specified which may cause overloading on shared machines.  Set the global assignment NUM_PARALLEL_PROCESSORS in your QSF to an appropriate value for best performance.
Info (20030): Parallel compilation is enabled and will use 16 of the 16 processors detected
Info (12021): Found 1 design units, including 1 entities, in source file software/hpsfgpa2/synthesis/hpsfgpa2.v
    Info (12023): Found entity 1: HPSfgpa2 File: D:/Projects/OrCAD/FMMA/Software/HPSfgpa2/synthesis/HPSfgpa2.v Line: 6
Info (12021): Found 1 design units, including 1 entities, in source file software/hpsfgpa2/synthesis/submodules/altera_reset_controller.v
    Info (12023): Found entity 1: altera_reset_controller File: D:/Projects/OrCAD/FMMA/Software/HPSfgpa2/synthesis/submodules/altera_reset_controller.v Line: 42
Info (12021): Found 1 design units, including 1 entities, in source file software/hpsfgpa2/synthesis/submodules/altera_reset_synchronizer.v
    Info (12023): Found entity 1: altera_reset_synchronizer File: D:/Projects/OrCAD/FMMA/Software/HPSfgpa2/synthesis/submodules/altera_reset_synchronizer.v Line: 24
Info (12021): Found 1 design units, including 1 entities, in source file software/hpsfgpa2/synthesis/submodules/hpsfgpa2_mm_interconnect_0.v
    Info (12023): Found entity 1: HPSfgpa2_mm_interconnect_0 File: D:/Projects/OrCAD/FMMA/Software/HPSfgpa2/synthesis/submodules/HPSfgpa2_mm_interconnect_0.v Line: 9
Info (12021): Found 1 design units, including 1 entities, in source file software/hpsfgpa2/synthesis/submodules/hpsfgpa2_mm_interconnect_0_avalon_st_adapter.v
    Info (12023): Found entity 1: HPSfgpa2_mm_interconnect_0_avalon_st_adapter File: D:/Projects/OrCAD/FMMA/Software/HPSfgpa2/synthesis/submodules/HPSfgpa2_mm_interconnect_0_avalon_st_adapter.v Line: 9
Info (12021): Found 1 design units, including 1 entities, in source file software/hpsfgpa2/synthesis/submodules/hpsfgpa2_mm_interconnect_0_rsp_mux.sv
    Info (12023): Found entity 1: HPSfgpa2_mm_interconnect_0_rsp_mux File: D:/Projects/OrCAD/FMMA/Software/HPSfgpa2/synthesis/submodules/HPSfgpa2_mm_interconnect_0_rsp_mux.sv Line: 51
Info (12021): Found 2 design units, including 2 entities, in source file software/hpsfgpa2/synthesis/submodules/altera_merlin_arbitrator.sv
    Info (12023): Found entity 1: altera_merlin_arbitrator File: D:/Projects/OrCAD/FMMA/Software/HPSfgpa2/synthesis/submodules/altera_merlin_arbitrator.sv Line: 103
    Info (12023): Found entity 2: altera_merlin_arb_adder File: D:/Projects/OrCAD/FMMA/Software/HPSfgpa2/synthesis/submodules/altera_merlin_arbitrator.sv Line: 228
Info (12021): Found 1 design units, including 1 entities, in source file software/hpsfgpa2/synthesis/submodules/hpsfgpa2_mm_interconnect_0_rsp_demux.sv
    Info (12023): Found entity 1: HPSfgpa2_mm_interconnect_0_rsp_demux File: D:/Projects/OrCAD/FMMA/Software/HPSfgpa2/synthesis/submodules/HPSfgpa2_mm_interconnect_0_rsp_demux.sv Line: 43
Info (12021): Found 1 design units, including 1 entities, in source file software/hpsfgpa2/synthesis/submodules/hpsfgpa2_mm_interconnect_0_cmd_mux.sv
    Info (12023): Found entity 1: HPSfgpa2_mm_interconnect_0_cmd_mux File: D:/Projects/OrCAD/FMMA/Software/HPSfgpa2/synthesis/submodules/HPSfgpa2_mm_interconnect_0_cmd_mux.sv Line: 51
Info (12021): Found 1 design units, including 1 entities, in source file software/hpsfgpa2/synthesis/submodules/hpsfgpa2_mm_interconnect_0_cmd_demux.sv
    Info (12023): Found entity 1: HPSfgpa2_mm_interconnect_0_cmd_demux File: D:/Projects/OrCAD/FMMA/Software/HPSfgpa2/synthesis/submodules/HPSfgpa2_mm_interconnect_0_cmd_demux.sv Line: 43
Info (12021): Found 1 design units, including 1 entities, in source file software/hpsfgpa2/synthesis/submodules/altera_merlin_burst_adapter.sv
    Info (12023): Found entity 1: altera_merlin_burst_adapter File: D:/Projects/OrCAD/FMMA/Software/HPSfgpa2/synthesis/submodules/altera_merlin_burst_adapter.sv Line: 21
Info (12021): Found 1 design units, including 1 entities, in source file software/hpsfgpa2/synthesis/submodules/altera_merlin_burst_adapter_uncmpr.sv
    Info (12023): Found entity 1: altera_merlin_burst_adapter_uncompressed_only File: D:/Projects/OrCAD/FMMA/Software/HPSfgpa2/synthesis/submodules/altera_merlin_burst_adapter_uncmpr.sv Line: 39
Info (12021): Found 5 design units, including 5 entities, in source file software/hpsfgpa2/synthesis/submodules/altera_merlin_burst_adapter_13_1.sv
    Info (12023): Found entity 1: altera_merlin_burst_adapter_burstwrap_increment File: D:/Projects/OrCAD/FMMA/Software/HPSfgpa2/synthesis/submodules/altera_merlin_burst_adapter_13_1.sv Line: 40
    Info (12023): Found entity 2: altera_merlin_burst_adapter_adder File: D:/Projects/OrCAD/FMMA/Software/HPSfgpa2/synthesis/submodules/altera_merlin_burst_adapter_13_1.sv Line: 55
    Info (12023): Found entity 3: altera_merlin_burst_adapter_subtractor File: D:/Projects/OrCAD/FMMA/Software/HPSfgpa2/synthesis/submodules/altera_merlin_burst_adapter_13_1.sv Line: 77
    Info (12023): Found entity 4: altera_merlin_burst_adapter_min File: D:/Projects/OrCAD/FMMA/Software/HPSfgpa2/synthesis/submodules/altera_merlin_burst_adapter_13_1.sv Line: 98
    Info (12023): Found entity 5: altera_merlin_burst_adapter_13_1 File: D:/Projects/OrCAD/FMMA/Software/HPSfgpa2/synthesis/submodules/altera_merlin_burst_adapter_13_1.sv Line: 264
Info (12021): Found 1 design units, including 1 entities, in source file software/hpsfgpa2/synthesis/submodules/altera_merlin_burst_adapter_new.sv
    Info (12023): Found entity 1: altera_merlin_burst_adapter_new File: D:/Projects/OrCAD/FMMA/Software/HPSfgpa2/synthesis/submodules/altera_merlin_burst_adapter_new.sv Line: 25
Info (12021): Found 1 design units, including 1 entities, in source file software/hpsfgpa2/synthesis/submodules/altera_incr_burst_converter.sv
    Info (12023): Found entity 1: altera_incr_burst_converter File: D:/Projects/OrCAD/FMMA/Software/HPSfgpa2/synthesis/submodules/altera_incr_burst_converter.sv Line: 28
Info (12021): Found 1 design units, including 1 entities, in source file software/hpsfgpa2/synthesis/submodules/altera_wrap_burst_converter.sv
    Info (12023): Found entity 1: altera_wrap_burst_converter File: D:/Projects/OrCAD/FMMA/Software/HPSfgpa2/synthesis/submodules/altera_wrap_burst_converter.sv Line: 27
Info (12021): Found 1 design units, including 1 entities, in source file software/hpsfgpa2/synthesis/submodules/altera_default_burst_converter.sv
    Info (12023): Found entity 1: altera_default_burst_converter File: D:/Projects/OrCAD/FMMA/Software/HPSfgpa2/synthesis/submodules/altera_default_burst_converter.sv Line: 30
Info (12021): Found 1 design units, including 1 entities, in source file software/hpsfgpa2/synthesis/submodules/altera_merlin_address_alignment.sv
    Info (12023): Found entity 1: altera_merlin_address_alignment File: D:/Projects/OrCAD/FMMA/Software/HPSfgpa2/synthesis/submodules/altera_merlin_address_alignment.sv Line: 26
Info (12021): Found 1 design units, including 1 entities, in source file software/hpsfgpa2/synthesis/submodules/altera_avalon_st_pipeline_stage.sv
    Info (12023): Found entity 1: altera_avalon_st_pipeline_stage File: D:/Projects/OrCAD/FMMA/Software/HPSfgpa2/synthesis/submodules/altera_avalon_st_pipeline_stage.sv Line: 22
Info (12021): Found 1 design units, including 1 entities, in source file software/hpsfgpa2/synthesis/submodules/altera_avalon_st_pipeline_base.v
    Info (12023): Found entity 1: altera_avalon_st_pipeline_base File: D:/Projects/OrCAD/FMMA/Software/HPSfgpa2/synthesis/submodules/altera_avalon_st_pipeline_base.v Line: 22
Info (12021): Found 2 design units, including 2 entities, in source file software/hpsfgpa2/synthesis/submodules/hpsfgpa2_mm_interconnect_0_router_002.sv
    Info (12023): Found entity 1: HPSfgpa2_mm_interconnect_0_router_002_default_decode File: D:/Projects/OrCAD/FMMA/Software/HPSfgpa2/synthesis/submodules/HPSfgpa2_mm_interconnect_0_router_002.sv Line: 45
    Info (12023): Found entity 2: HPSfgpa2_mm_interconnect_0_router_002 File: D:/Projects/OrCAD/FMMA/Software/HPSfgpa2/synthesis/submodules/HPSfgpa2_mm_interconnect_0_router_002.sv Line: 84
Info (12021): Found 2 design units, including 2 entities, in source file software/hpsfgpa2/synthesis/submodules/hpsfgpa2_mm_interconnect_0_router.sv
    Info (12023): Found entity 1: HPSfgpa2_mm_interconnect_0_router_default_decode File: D:/Projects/OrCAD/FMMA/Software/HPSfgpa2/synthesis/submodules/HPSfgpa2_mm_interconnect_0_router.sv Line: 45
    Info (12023): Found entity 2: HPSfgpa2_mm_interconnect_0_router File: D:/Projects/OrCAD/FMMA/Software/HPSfgpa2/synthesis/submodules/HPSfgpa2_mm_interconnect_0_router.sv Line: 84
Info (12021): Found 1 design units, including 1 entities, in source file software/hpsfgpa2/synthesis/submodules/altera_avalon_sc_fifo.v
    Info (12023): Found entity 1: altera_avalon_sc_fifo File: D:/Projects/OrCAD/FMMA/Software/HPSfgpa2/synthesis/submodules/altera_avalon_sc_fifo.v Line: 21
Info (12021): Found 1 design units, including 1 entities, in source file software/hpsfgpa2/synthesis/submodules/altera_merlin_slave_agent.sv
    Info (12023): Found entity 1: altera_merlin_slave_agent File: D:/Projects/OrCAD/FMMA/Software/HPSfgpa2/synthesis/submodules/altera_merlin_slave_agent.sv Line: 34
Info (12021): Found 1 design units, including 1 entities, in source file software/hpsfgpa2/synthesis/submodules/altera_merlin_burst_uncompressor.sv
    Info (12023): Found entity 1: altera_merlin_burst_uncompressor File: D:/Projects/OrCAD/FMMA/Software/HPSfgpa2/synthesis/submodules/altera_merlin_burst_uncompressor.sv Line: 40
Info (12021): Found 1 design units, including 1 entities, in source file software/hpsfgpa2/synthesis/submodules/altera_merlin_axi_master_ni.sv
    Info (12023): Found entity 1: altera_merlin_axi_master_ni File: D:/Projects/OrCAD/FMMA/Software/HPSfgpa2/synthesis/submodules/altera_merlin_axi_master_ni.sv Line: 27
Info (12021): Found 1 design units, including 1 entities, in source file software/hpsfgpa2/synthesis/submodules/altera_merlin_slave_translator.sv
    Info (12023): Found entity 1: altera_merlin_slave_translator File: D:/Projects/OrCAD/FMMA/Software/HPSfgpa2/synthesis/submodules/altera_merlin_slave_translator.sv Line: 35
Info (12021): Found 1 design units, including 1 entities, in source file software/hpsfgpa2/synthesis/submodules/hpsfgpa2_onchip_memory2_0.v
    Info (12023): Found entity 1: HPSfgpa2_onchip_memory2_0 File: D:/Projects/OrCAD/FMMA/Software/HPSfgpa2/synthesis/submodules/HPSfgpa2_onchip_memory2_0.v Line: 21
Info (12021): Found 1 design units, including 1 entities, in source file software/hpsfgpa2/synthesis/submodules/hpsfgpa2_hps_0.v
    Info (12023): Found entity 1: HPSfgpa2_hps_0 File: D:/Projects/OrCAD/FMMA/Software/HPSfgpa2/synthesis/submodules/HPSfgpa2_hps_0.v Line: 9
Info (12021): Found 1 design units, including 1 entities, in source file software/hpsfgpa2/synthesis/submodules/hpsfgpa2_hps_0_hps_io.v
    Info (12023): Found entity 1: HPSfgpa2_hps_0_hps_io File: D:/Projects/OrCAD/FMMA/Software/HPSfgpa2/synthesis/submodules/HPSfgpa2_hps_0_hps_io.v Line: 9
Info (12021): Found 1 design units, including 1 entities, in source file software/hpsfgpa2/synthesis/submodules/hps_sdram.v
    Info (12023): Found entity 1: hps_sdram File: D:/Projects/OrCAD/FMMA/Software/HPSfgpa2/synthesis/submodules/hps_sdram.v Line: 9
Info (12021): Found 1 design units, including 1 entities, in source file software/hpsfgpa2/synthesis/submodules/altdq_dqs2_acv_connect_to_hard_phy_cyclonev.sv
    Info (12023): Found entity 1: altdq_dqs2_acv_connect_to_hard_phy_cyclonev File: D:/Projects/OrCAD/FMMA/Software/HPSfgpa2/synthesis/submodules/altdq_dqs2_acv_connect_to_hard_phy_cyclonev.sv Line: 19
Info (12021): Found 1 design units, including 1 entities, in source file software/hpsfgpa2/synthesis/submodules/altera_mem_if_hhp_qseq_synth_top.v
    Info (12023): Found entity 1: altera_mem_if_hhp_qseq_synth_top File: D:/Projects/OrCAD/FMMA/Software/HPSfgpa2/synthesis/submodules/altera_mem_if_hhp_qseq_synth_top.v Line: 15
Info (12021): Found 1 design units, including 1 entities, in source file software/hpsfgpa2/synthesis/submodules/hps_sdram_p0.sv
    Info (12023): Found entity 1: hps_sdram_p0 File: D:/Projects/OrCAD/FMMA/Software/HPSfgpa2/synthesis/submodules/hps_sdram_p0.sv Line: 18
Info (12021): Found 1 design units, including 1 entities, in source file software/hpsfgpa2/synthesis/submodules/hps_sdram_p0_acv_hard_addr_cmd_pads.v
    Info (12023): Found entity 1: hps_sdram_p0_acv_hard_addr_cmd_pads File: D:/Projects/OrCAD/FMMA/Software/HPSfgpa2/synthesis/submodules/hps_sdram_p0_acv_hard_addr_cmd_pads.v Line: 17
Info (12021): Found 1 design units, including 1 entities, in source file software/hpsfgpa2/synthesis/submodules/hps_sdram_p0_acv_hard_io_pads.v
    Info (12023): Found entity 1: hps_sdram_p0_acv_hard_io_pads File: D:/Projects/OrCAD/FMMA/Software/HPSfgpa2/synthesis/submodules/hps_sdram_p0_acv_hard_io_pads.v Line: 17
Info (12021): Found 1 design units, including 1 entities, in source file software/hpsfgpa2/synthesis/submodules/hps_sdram_p0_acv_hard_memphy.v
    Info (12023): Found entity 1: hps_sdram_p0_acv_hard_memphy File: D:/Projects/OrCAD/FMMA/Software/HPSfgpa2/synthesis/submodules/hps_sdram_p0_acv_hard_memphy.v Line: 21
Info (12021): Found 1 design units, including 1 entities, in source file software/hpsfgpa2/synthesis/submodules/hps_sdram_p0_acv_ldc.v
    Info (12023): Found entity 1: hps_sdram_p0_acv_ldc File: D:/Projects/OrCAD/FMMA/Software/HPSfgpa2/synthesis/submodules/hps_sdram_p0_acv_ldc.v Line: 17
Info (12021): Found 1 design units, including 1 entities, in source file software/hpsfgpa2/synthesis/submodules/hps_sdram_p0_altdqdqs.v
    Info (12023): Found entity 1: hps_sdram_p0_altdqdqs File: D:/Projects/OrCAD/FMMA/Software/HPSfgpa2/synthesis/submodules/hps_sdram_p0_altdqdqs.v Line: 17
Info (12021): Found 1 design units, including 1 entities, in source file software/hpsfgpa2/synthesis/submodules/hps_sdram_p0_clock_pair_generator.v
    Info (12023): Found entity 1: hps_sdram_p0_clock_pair_generator File: D:/Projects/OrCAD/FMMA/Software/HPSfgpa2/synthesis/submodules/hps_sdram_p0_clock_pair_generator.v Line: 29
Info (12021): Found 1 design units, including 1 entities, in source file software/hpsfgpa2/synthesis/submodules/hps_sdram_p0_generic_ddio.v
    Info (12023): Found entity 1: hps_sdram_p0_generic_ddio File: D:/Projects/OrCAD/FMMA/Software/HPSfgpa2/synthesis/submodules/hps_sdram_p0_generic_ddio.v Line: 17
Info (12021): Found 1 design units, including 1 entities, in source file software/hpsfgpa2/synthesis/submodules/hps_sdram_p0_iss_probe.v
    Info (12023): Found entity 1: hps_sdram_p0_iss_probe File: D:/Projects/OrCAD/FMMA/Software/HPSfgpa2/synthesis/submodules/hps_sdram_p0_iss_probe.v Line: 17
Info (12021): Found 1 design units, including 1 entities, in source file software/hpsfgpa2/synthesis/submodules/hps_sdram_p0_phy_csr.sv
    Info (12023): Found entity 1: hps_sdram_p0_phy_csr File: D:/Projects/OrCAD/FMMA/Software/HPSfgpa2/synthesis/submodules/hps_sdram_p0_phy_csr.sv Line: 31
Info (12021): Found 1 design units, including 1 entities, in source file software/hpsfgpa2/synthesis/submodules/hps_sdram_p0_reset.v
    Info (12023): Found entity 1: hps_sdram_p0_reset File: D:/Projects/OrCAD/FMMA/Software/HPSfgpa2/synthesis/submodules/hps_sdram_p0_reset.v Line: 18
Info (12021): Found 1 design units, including 1 entities, in source file software/hpsfgpa2/synthesis/submodules/hps_sdram_p0_reset_sync.v
    Info (12023): Found entity 1: hps_sdram_p0_reset_sync File: D:/Projects/OrCAD/FMMA/Software/HPSfgpa2/synthesis/submodules/hps_sdram_p0_reset_sync.v Line: 17
Info (12021): Found 1 design units, including 1 entities, in source file software/hpsfgpa2/synthesis/submodules/hps_sdram_pll.sv
    Info (12023): Found entity 1: hps_sdram_pll File: D:/Projects/OrCAD/FMMA/Software/HPSfgpa2/synthesis/submodules/hps_sdram_pll.sv Line: 25
Info (12021): Found 1 design units, including 1 entities, in source file software/hpsfgpa2/synthesis/submodules/hpsfgpa2_hps_0_hps_io_border.sv
    Info (12023): Found entity 1: HPSfgpa2_hps_0_hps_io_border File: D:/Projects/OrCAD/FMMA/Software/HPSfgpa2/synthesis/submodules/HPSfgpa2_hps_0_hps_io_border.sv Line: 14
Info (12021): Found 1 design units, including 1 entities, in source file software/hpsfgpa2/synthesis/submodules/hpsfgpa2_hps_0_fpga_interfaces.sv
    Info (12023): Found entity 1: HPSfgpa2_hps_0_fpga_interfaces File: D:/Projects/OrCAD/FMMA/Software/HPSfgpa2/synthesis/submodules/HPSfgpa2_hps_0_fpga_interfaces.sv Line: 14
Info (12021): Found 1 design units, including 1 entities, in source file software/hpsfgpa2/synthesis/submodules/altera_mem_if_hard_memory_controller_top_cyclonev.sv
    Info (12023): Found entity 1: altera_mem_if_hard_memory_controller_top_cyclonev File: D:/Projects/OrCAD/FMMA/Software/HPSfgpa2/synthesis/submodules/altera_mem_if_hard_memory_controller_top_cyclonev.sv Line: 18
Info (12021): Found 1 design units, including 1 entities, in source file software/hpsfgpa2/synthesis/submodules/altera_mem_if_oct_cyclonev.sv
    Info (12023): Found entity 1: altera_mem_if_oct_cyclonev File: D:/Projects/OrCAD/FMMA/Software/HPSfgpa2/synthesis/submodules/altera_mem_if_oct_cyclonev.sv Line: 23
Info (12021): Found 1 design units, including 1 entities, in source file software/hpsfgpa2/synthesis/submodules/altera_mem_if_dll_cyclonev.sv
    Info (12023): Found entity 1: altera_mem_if_dll_cyclonev File: D:/Projects/OrCAD/FMMA/Software/HPSfgpa2/synthesis/submodules/altera_mem_if_dll_cyclonev.sv Line: 23
Info (12021): Found 1 design units, including 1 entities, in source file software/hpsfgpa2/synthesis/submodules/hpsfgpa2_mm_interconnect_0_avalon_st_adapter_error_adapter_0.sv
    Info (12023): Found entity 1: HPSfgpa2_mm_interconnect_0_avalon_st_adapter_error_adapter_0 File: D:/Projects/OrCAD/FMMA/Software/HPSfgpa2/synthesis/submodules/HPSfgpa2_mm_interconnect_0_avalon_st_adapter_error_adapter_0.sv Line: 66
Info (12021): Found 1 design units, including 1 entities, in source file software/hfttop.v
    Info (12023): Found entity 1: HFTTop File: D:/Projects/OrCAD/FMMA/Software/HFTtop.v Line: 28
Info (12021): Found 1 design units, including 1 entities, in source file code/pc.v
    Info (12023): Found entity 1: PC File: D:/Projects/OrCAD/FMMA/Code/PC.v Line: 10
Info (12021): Found 1 design units, including 1 entities, in source file code/ir
    Info (12023): Found entity 1: IR File: D:/Projects/OrCAD/FMMA/Code/IR Line: 10
Info (12021): Found 1 design units, including 1 entities, in source file code/fr
    Info (12023): Found entity 1: FR File: D:/Projects/OrCAD/FMMA/Code/FR Line: 10
Info (12021): Found 2 design units, including 2 entities, in source file code/registerfinal
    Info (12023): Found entity 1: register File: D:/Projects/OrCAD/FMMA/Code/registerFinal Line: 10
    Info (12023): Found entity 2: RegBank File: D:/Projects/OrCAD/FMMA/Code/registerFinal Line: 38
Info (12021): Found 1 design units, including 1 entities, in source file code/mux16to1
    Info (12023): Found entity 1: MUX16to1 File: D:/Projects/OrCAD/FMMA/Code/MUX16to1 Line: 10
Info (12021): Found 1 design units, including 1 entities, in source file code/mux2to1
    Info (12023): Found entity 1: MUX2to1 File: D:/Projects/OrCAD/FMMA/Code/MUX2to1 Line: 12
Info (12021): Found 1 design units, including 1 entities, in source file code/alufinal
    Info (12023): Found entity 1: ALUFinal File: D:/Projects/OrCAD/FMMA/Code/ALUFinal Line: 23
Info (12021): Found 1 design units, including 1 entities, in source file code/fsmtrial
    Info (12023): Found entity 1: FSMtrial File: D:/Projects/OrCAD/FMMA/Code/FSMTrial Line: 9
Info (12021): Found 1 design units, including 1 entities, in source file code/disp
    Info (12023): Found entity 1: Disp File: D:/Projects/OrCAD/FMMA/Code/disp Line: 13
Info (12021): Found 1 design units, including 1 entities, in source file code/encoder4to16
    Info (12023): Found entity 1: Encoder4to16 File: D:/Projects/OrCAD/FMMA/Code/Encoder4to16 Line: 1
Info (12021): Found 1 design units, including 1 entities, in source file code/decoder.v
    Info (12023): Found entity 1: decoder File: D:/Projects/OrCAD/FMMA/Code/decoder.v Line: 10
Warning (10236): Verilog HDL Implicit Net warning at hps_sdram_pll.sv(168): created implicit net for "pll_dr_clk" File: D:/Projects/OrCAD/FMMA/Software/HPSfgpa2/synthesis/submodules/hps_sdram_pll.sv Line: 168
Info (12127): Elaborating entity "HFTTop" for the top level hierarchy
Info (12128): Elaborating entity "decoder" for hierarchy "decoder:PCDisplay" File: D:/Projects/OrCAD/FMMA/Software/HFTtop.v Line: 123
Info (12128): Elaborating entity "HPSfgpa2" for hierarchy "HPSfgpa2:u0" File: D:/Projects/OrCAD/FMMA/Software/HFTtop.v Line: 167
Info (12128): Elaborating entity "HPSfgpa2_hps_0" for hierarchy "HPSfgpa2:u0|HPSfgpa2_hps_0:hps_0" File: D:/Projects/OrCAD/FMMA/Software/HPSfgpa2/synthesis/HPSfgpa2.v Line: 260
Info (12128): Elaborating entity "HPSfgpa2_hps_0_fpga_interfaces" for hierarchy "HPSfgpa2:u0|HPSfgpa2_hps_0:hps_0|HPSfgpa2_hps_0_fpga_interfaces:fpga_interfaces" File: D:/Projects/OrCAD/FMMA/Software/HPSfgpa2/synthesis/submodules/HPSfgpa2_hps_0.v Line: 368
Info (12128): Elaborating entity "HPSfgpa2_hps_0_hps_io" for hierarchy "HPSfgpa2:u0|HPSfgpa2_hps_0:hps_0|HPSfgpa2_hps_0_hps_io:hps_io" File: D:/Projects/OrCAD/FMMA/Software/HPSfgpa2/synthesis/submodules/HPSfgpa2_hps_0.v Line: 387
Info (12128): Elaborating entity "HPSfgpa2_hps_0_hps_io_border" for hierarchy "HPSfgpa2:u0|HPSfgpa2_hps_0:hps_0|HPSfgpa2_hps_0_hps_io:hps_io|HPSfgpa2_hps_0_hps_io_border:border" File: D:/Projects/OrCAD/FMMA/Software/HPSfgpa2/synthesis/submodules/HPSfgpa2_hps_0_hps_io.v Line: 45
Info (12128): Elaborating entity "hps_sdram" for hierarchy "HPSfgpa2:u0|HPSfgpa2_hps_0:hps_0|HPSfgpa2_hps_0_hps_io:hps_io|HPSfgpa2_hps_0_hps_io_border:border|hps_sdram:hps_sdram_inst" File: D:/Projects/OrCAD/FMMA/Software/HPSfgpa2/synthesis/submodules/HPSfgpa2_hps_0_hps_io_border.sv Line: 84
Info (12128): Elaborating entity "hps_sdram_pll" for hierarchy "HPSfgpa2:u0|HPSfgpa2_hps_0:hps_0|HPSfgpa2_hps_0_hps_io:hps_io|HPSfgpa2_hps_0_hps_io_border:border|hps_sdram:hps_sdram_inst|hps_sdram_pll:pll" File: D:/Projects/OrCAD/FMMA/Software/HPSfgpa2/synthesis/submodules/hps_sdram.v Line: 105
Warning (10036): Verilog HDL or VHDL warning at hps_sdram_pll.sv(168): object "pll_dr_clk" assigned a value but never read File: D:/Projects/OrCAD/FMMA/Software/HPSfgpa2/synthesis/submodules/hps_sdram_pll.sv Line: 168
Warning (10034): Output port "pll_locked" at hps_sdram_pll.sv(91) has no driver File: D:/Projects/OrCAD/FMMA/Software/HPSfgpa2/synthesis/submodules/hps_sdram_pll.sv Line: 91
Info (12128): Elaborating entity "hps_sdram_p0" for hierarchy "HPSfgpa2:u0|HPSfgpa2_hps_0:hps_0|HPSfgpa2_hps_0_hps_io:hps_io|HPSfgpa2_hps_0_hps_io_border:border|hps_sdram:hps_sdram_inst|hps_sdram_p0:p0" File: D:/Projects/OrCAD/FMMA/Software/HPSfgpa2/synthesis/submodules/hps_sdram.v Line: 230
Info (10648): Verilog HDL Display System Task info at hps_sdram_p0.sv(405): Using Regular core emif simulation models File: D:/Projects/OrCAD/FMMA/Software/HPSfgpa2/synthesis/submodules/hps_sdram_p0.sv Line: 405
Info (12128): Elaborating entity "hps_sdram_p0_acv_hard_memphy" for hierarchy "HPSfgpa2:u0|HPSfgpa2_hps_0:hps_0|HPSfgpa2_hps_0_hps_io:hps_io|HPSfgpa2_hps_0_hps_io_border:border|hps_sdram:hps_sdram_inst|hps_sdram_p0:p0|hps_sdram_p0_acv_hard_memphy:umemphy" File: D:/Projects/OrCAD/FMMA/Software/HPSfgpa2/synthesis/submodules/hps_sdram_p0.sv Line: 573
Warning (10858): Verilog HDL warning at hps_sdram_p0_acv_hard_memphy.v(420): object reset_n_seq_clk used but never assigned File: D:/Projects/OrCAD/FMMA/Software/HPSfgpa2/synthesis/submodules/hps_sdram_p0_acv_hard_memphy.v Line: 420
Warning (10230): Verilog HDL assignment warning at hps_sdram_p0_acv_hard_memphy.v(557): truncated value with size 4 to match size of target (1) File: D:/Projects/OrCAD/FMMA/Software/HPSfgpa2/synthesis/submodules/hps_sdram_p0_acv_hard_memphy.v Line: 557
Warning (10030): Net "reset_n_seq_clk" at hps_sdram_p0_acv_hard_memphy.v(420) has no driver or initial value, using a default initial value '0' File: D:/Projects/OrCAD/FMMA/Software/HPSfgpa2/synthesis/submodules/hps_sdram_p0_acv_hard_memphy.v Line: 420
Warning (10034): Output port "ctl_reset_export_n" at hps_sdram_p0_acv_hard_memphy.v(222) has no driver File: D:/Projects/OrCAD/FMMA/Software/HPSfgpa2/synthesis/submodules/hps_sdram_p0_acv_hard_memphy.v Line: 222
Info (12128): Elaborating entity "hps_sdram_p0_acv_ldc" for hierarchy "HPSfgpa2:u0|HPSfgpa2_hps_0:hps_0|HPSfgpa2_hps_0_hps_io:hps_io|HPSfgpa2_hps_0_hps_io_border:border|hps_sdram:hps_sdram_inst|hps_sdram_p0:p0|hps_sdram_p0_acv_hard_memphy:umemphy|hps_sdram_p0_acv_ldc:memphy_ldc" File: D:/Projects/OrCAD/FMMA/Software/HPSfgpa2/synthesis/submodules/hps_sdram_p0_acv_hard_memphy.v Line: 554
Warning (10036): Verilog HDL or VHDL warning at hps_sdram_p0_acv_ldc.v(45): object "phy_clk_dq" assigned a value but never read File: D:/Projects/OrCAD/FMMA/Software/HPSfgpa2/synthesis/submodules/hps_sdram_p0_acv_ldc.v Line: 45
Warning (10036): Verilog HDL or VHDL warning at hps_sdram_p0_acv_ldc.v(47): object "phy_clk_dqs_2x" assigned a value but never read File: D:/Projects/OrCAD/FMMA/Software/HPSfgpa2/synthesis/submodules/hps_sdram_p0_acv_ldc.v Line: 47
Info (12128): Elaborating entity "hps_sdram_p0_acv_hard_io_pads" for hierarchy "HPSfgpa2:u0|HPSfgpa2_hps_0:hps_0|HPSfgpa2_hps_0_hps_io:hps_io|HPSfgpa2_hps_0_hps_io_border:border|hps_sdram:hps_sdram_inst|hps_sdram_p0:p0|hps_sdram_p0_acv_hard_memphy:umemphy|hps_sdram_p0_acv_hard_io_pads:uio_pads" File: D:/Projects/OrCAD/FMMA/Software/HPSfgpa2/synthesis/submodules/hps_sdram_p0_acv_hard_memphy.v Line: 780
Warning (10034): Output port "ddio_phy_dqdin[179..32]" at hps_sdram_p0_acv_hard_io_pads.v(191) has no driver File: D:/Projects/OrCAD/FMMA/Software/HPSfgpa2/synthesis/submodules/hps_sdram_p0_acv_hard_io_pads.v Line: 191
Info (12128): Elaborating entity "hps_sdram_p0_acv_hard_addr_cmd_pads" for hierarchy "HPSfgpa2:u0|HPSfgpa2_hps_0:hps_0|HPSfgpa2_hps_0_hps_io:hps_io|HPSfgpa2_hps_0_hps_io_border:border|hps_sdram:hps_sdram_inst|hps_sdram_p0:p0|hps_sdram_p0_acv_hard_memphy:umemphy|hps_sdram_p0_acv_hard_io_pads:uio_pads|hps_sdram_p0_acv_hard_addr_cmd_pads:uaddr_cmd_pads" File: D:/Projects/OrCAD/FMMA/Software/HPSfgpa2/synthesis/submodules/hps_sdram_p0_acv_hard_io_pads.v Line: 244
Info (12128): Elaborating entity "hps_sdram_p0_generic_ddio" for hierarchy "HPSfgpa2:u0|HPSfgpa2_hps_0:hps_0|HPSfgpa2_hps_0_hps_io:hps_io|HPSfgpa2_hps_0_hps_io_border:border|hps_sdram:hps_sdram_inst|hps_sdram_p0:p0|hps_sdram_p0_acv_hard_memphy:umemphy|hps_sdram_p0_acv_hard_io_pads:uio_pads|hps_sdram_p0_acv_hard_addr_cmd_pads:uaddr_cmd_pads|hps_sdram_p0_generic_ddio:uaddress_pad" File: D:/Projects/OrCAD/FMMA/Software/HPSfgpa2/synthesis/submodules/hps_sdram_p0_acv_hard_addr_cmd_pads.v Line: 157
Info (12128): Elaborating entity "hps_sdram_p0_generic_ddio" for hierarchy "HPSfgpa2:u0|HPSfgpa2_hps_0:hps_0|HPSfgpa2_hps_0_hps_io:hps_io|HPSfgpa2_hps_0_hps_io_border:border|hps_sdram:hps_sdram_inst|hps_sdram_p0:p0|hps_sdram_p0_acv_hard_memphy:umemphy|hps_sdram_p0_acv_hard_io_pads:uio_pads|hps_sdram_p0_acv_hard_addr_cmd_pads:uaddr_cmd_pads|hps_sdram_p0_generic_ddio:ubank_pad" File: D:/Projects/OrCAD/FMMA/Software/HPSfgpa2/synthesis/submodules/hps_sdram_p0_acv_hard_addr_cmd_pads.v Line: 166
Info (12128): Elaborating entity "hps_sdram_p0_generic_ddio" for hierarchy "HPSfgpa2:u0|HPSfgpa2_hps_0:hps_0|HPSfgpa2_hps_0_hps_io:hps_io|HPSfgpa2_hps_0_hps_io_border:border|hps_sdram:hps_sdram_inst|hps_sdram_p0:p0|hps_sdram_p0_acv_hard_memphy:umemphy|hps_sdram_p0_acv_hard_io_pads:uio_pads|hps_sdram_p0_acv_hard_addr_cmd_pads:uaddr_cmd_pads|hps_sdram_p0_generic_ddio:ucmd_pad" File: D:/Projects/OrCAD/FMMA/Software/HPSfgpa2/synthesis/submodules/hps_sdram_p0_acv_hard_addr_cmd_pads.v Line: 189
Info (12128): Elaborating entity "hps_sdram_p0_generic_ddio" for hierarchy "HPSfgpa2:u0|HPSfgpa2_hps_0:hps_0|HPSfgpa2_hps_0_hps_io:hps_io|HPSfgpa2_hps_0_hps_io_border:border|hps_sdram:hps_sdram_inst|hps_sdram_p0:p0|hps_sdram_p0_acv_hard_memphy:umemphy|hps_sdram_p0_acv_hard_io_pads:uio_pads|hps_sdram_p0_acv_hard_addr_cmd_pads:uaddr_cmd_pads|hps_sdram_p0_generic_ddio:ureset_n_pad" File: D:/Projects/OrCAD/FMMA/Software/HPSfgpa2/synthesis/submodules/hps_sdram_p0_acv_hard_addr_cmd_pads.v Line: 198
Info (12128): Elaborating entity "altddio_out" for hierarchy "HPSfgpa2:u0|HPSfgpa2_hps_0:hps_0|HPSfgpa2_hps_0_hps_io:hps_io|HPSfgpa2_hps_0_hps_io_border:border|hps_sdram:hps_sdram_inst|hps_sdram_p0:p0|hps_sdram_p0_acv_hard_memphy:umemphy|hps_sdram_p0_acv_hard_io_pads:uio_pads|hps_sdram_p0_acv_hard_addr_cmd_pads:uaddr_cmd_pads|altddio_out:clock_gen[0].umem_ck_pad" File: D:/Projects/OrCAD/FMMA/Software/HPSfgpa2/synthesis/submodules/hps_sdram_p0_acv_hard_addr_cmd_pads.v Line: 317
Info (12130): Elaborated megafunction instantiation "HPSfgpa2:u0|HPSfgpa2_hps_0:hps_0|HPSfgpa2_hps_0_hps_io:hps_io|HPSfgpa2_hps_0_hps_io_border:border|hps_sdram:hps_sdram_inst|hps_sdram_p0:p0|hps_sdram_p0_acv_hard_memphy:umemphy|hps_sdram_p0_acv_hard_io_pads:uio_pads|hps_sdram_p0_acv_hard_addr_cmd_pads:uaddr_cmd_pads|altddio_out:clock_gen[0].umem_ck_pad" File: D:/Projects/OrCAD/FMMA/Software/HPSfgpa2/synthesis/submodules/hps_sdram_p0_acv_hard_addr_cmd_pads.v Line: 317
Info (12133): Instantiated megafunction "HPSfgpa2:u0|HPSfgpa2_hps_0:hps_0|HPSfgpa2_hps_0_hps_io:hps_io|HPSfgpa2_hps_0_hps_io_border:border|hps_sdram:hps_sdram_inst|hps_sdram_p0:p0|hps_sdram_p0_acv_hard_memphy:umemphy|hps_sdram_p0_acv_hard_io_pads:uio_pads|hps_sdram_p0_acv_hard_addr_cmd_pads:uaddr_cmd_pads|altddio_out:clock_gen[0].umem_ck_pad" with the following parameter: File: D:/Projects/OrCAD/FMMA/Software/HPSfgpa2/synthesis/submodules/hps_sdram_p0_acv_hard_addr_cmd_pads.v Line: 317
    Info (12134): Parameter "extend_oe_disable" = "UNUSED"
    Info (12134): Parameter "intended_device_family" = "Cyclone V"
    Info (12134): Parameter "invert_output" = "OFF"
    Info (12134): Parameter "lpm_hint" = "UNUSED"
    Info (12134): Parameter "lpm_type" = "altddio_out"
    Info (12134): Parameter "oe_reg" = "UNUSED"
    Info (12134): Parameter "power_up_high" = "OFF"
    Info (12134): Parameter "width" = "1"
Info (12021): Found 1 design units, including 1 entities, in source file db/ddio_out_uqe.tdf
    Info (12023): Found entity 1: ddio_out_uqe File: D:/Projects/OrCAD/FMMA/db/ddio_out_uqe.tdf Line: 28
Info (12128): Elaborating entity "ddio_out_uqe" for hierarchy "HPSfgpa2:u0|HPSfgpa2_hps_0:hps_0|HPSfgpa2_hps_0_hps_io:hps_io|HPSfgpa2_hps_0_hps_io_border:border|hps_sdram:hps_sdram_inst|hps_sdram_p0:p0|hps_sdram_p0_acv_hard_memphy:umemphy|hps_sdram_p0_acv_hard_io_pads:uio_pads|hps_sdram_p0_acv_hard_addr_cmd_pads:uaddr_cmd_pads|altddio_out:clock_gen[0].umem_ck_pad|ddio_out_uqe:auto_generated" File: d:/software/quartus/libraries/megafunctions/altddio_out.tdf Line: 101
Info (12128): Elaborating entity "hps_sdram_p0_clock_pair_generator" for hierarchy "HPSfgpa2:u0|HPSfgpa2_hps_0:hps_0|HPSfgpa2_hps_0_hps_io:hps_io|HPSfgpa2_hps_0_hps_io_border:border|hps_sdram:hps_sdram_inst|hps_sdram_p0:p0|hps_sdram_p0_acv_hard_memphy:umemphy|hps_sdram_p0_acv_hard_io_pads:uio_pads|hps_sdram_p0_acv_hard_addr_cmd_pads:uaddr_cmd_pads|hps_sdram_p0_clock_pair_generator:clock_gen[0].uclk_generator" File: D:/Projects/OrCAD/FMMA/Software/HPSfgpa2/synthesis/submodules/hps_sdram_p0_acv_hard_addr_cmd_pads.v Line: 337
Info (12128): Elaborating entity "hps_sdram_p0_altdqdqs" for hierarchy "HPSfgpa2:u0|HPSfgpa2_hps_0:hps_0|HPSfgpa2_hps_0_hps_io:hps_io|HPSfgpa2_hps_0_hps_io_border:border|hps_sdram:hps_sdram_inst|hps_sdram_p0:p0|hps_sdram_p0_acv_hard_memphy:umemphy|hps_sdram_p0_acv_hard_io_pads:uio_pads|hps_sdram_p0_altdqdqs:dq_ddio[0].ubidir_dq_dqs" File: D:/Projects/OrCAD/FMMA/Software/HPSfgpa2/synthesis/submodules/hps_sdram_p0_acv_hard_io_pads.v Line: 317
Info (12128): Elaborating entity "altdq_dqs2_acv_connect_to_hard_phy_cyclonev" for hierarchy "HPSfgpa2:u0|HPSfgpa2_hps_0:hps_0|HPSfgpa2_hps_0_hps_io:hps_io|HPSfgpa2_hps_0_hps_io_border:border|hps_sdram:hps_sdram_inst|hps_sdram_p0:p0|hps_sdram_p0_acv_hard_memphy:umemphy|hps_sdram_p0_acv_hard_io_pads:uio_pads|hps_sdram_p0_altdqdqs:dq_ddio[0].ubidir_dq_dqs|altdq_dqs2_acv_connect_to_hard_phy_cyclonev:altdq_dqs2_inst" File: D:/Projects/OrCAD/FMMA/Software/HPSfgpa2/synthesis/submodules/hps_sdram_p0_altdqdqs.v Line: 146
Info (12128): Elaborating entity "altera_mem_if_hhp_qseq_synth_top" for hierarchy "HPSfgpa2:u0|HPSfgpa2_hps_0:hps_0|HPSfgpa2_hps_0_hps_io:hps_io|HPSfgpa2_hps_0_hps_io_border:border|hps_sdram:hps_sdram_inst|altera_mem_if_hhp_qseq_synth_top:seq" File: D:/Projects/OrCAD/FMMA/Software/HPSfgpa2/synthesis/submodules/hps_sdram.v Line: 238
Info (12128): Elaborating entity "altera_mem_if_hard_memory_controller_top_cyclonev" for hierarchy "HPSfgpa2:u0|HPSfgpa2_hps_0:hps_0|HPSfgpa2_hps_0_hps_io:hps_io|HPSfgpa2_hps_0_hps_io_border:border|hps_sdram:hps_sdram_inst|altera_mem_if_hard_memory_controller_top_cyclonev:c0" File: D:/Projects/OrCAD/FMMA/Software/HPSfgpa2/synthesis/submodules/hps_sdram.v Line: 794
Warning (10230): Verilog HDL assignment warning at altera_mem_if_hard_memory_controller_top_cyclonev.sv(1166): truncated value with size 320 to match size of target (1) File: D:/Projects/OrCAD/FMMA/Software/HPSfgpa2/synthesis/submodules/altera_mem_if_hard_memory_controller_top_cyclonev.sv Line: 1166
Warning (10230): Verilog HDL assignment warning at altera_mem_if_hard_memory_controller_top_cyclonev.sv(1167): truncated value with size 320 to match size of target (1) File: D:/Projects/OrCAD/FMMA/Software/HPSfgpa2/synthesis/submodules/altera_mem_if_hard_memory_controller_top_cyclonev.sv Line: 1167
Warning (10230): Verilog HDL assignment warning at altera_mem_if_hard_memory_controller_top_cyclonev.sv(1168): truncated value with size 320 to match size of target (1) File: D:/Projects/OrCAD/FMMA/Software/HPSfgpa2/synthesis/submodules/altera_mem_if_hard_memory_controller_top_cyclonev.sv Line: 1168
Warning (10230): Verilog HDL assignment warning at altera_mem_if_hard_memory_controller_top_cyclonev.sv(1169): truncated value with size 320 to match size of target (1) File: D:/Projects/OrCAD/FMMA/Software/HPSfgpa2/synthesis/submodules/altera_mem_if_hard_memory_controller_top_cyclonev.sv Line: 1169
Warning (10230): Verilog HDL assignment warning at altera_mem_if_hard_memory_controller_top_cyclonev.sv(1170): truncated value with size 320 to match size of target (1) File: D:/Projects/OrCAD/FMMA/Software/HPSfgpa2/synthesis/submodules/altera_mem_if_hard_memory_controller_top_cyclonev.sv Line: 1170
Warning (10230): Verilog HDL assignment warning at altera_mem_if_hard_memory_controller_top_cyclonev.sv(1171): truncated value with size 320 to match size of target (1) File: D:/Projects/OrCAD/FMMA/Software/HPSfgpa2/synthesis/submodules/altera_mem_if_hard_memory_controller_top_cyclonev.sv Line: 1171
Info (12128): Elaborating entity "altera_mem_if_oct_cyclonev" for hierarchy "HPSfgpa2:u0|HPSfgpa2_hps_0:hps_0|HPSfgpa2_hps_0_hps_io:hps_io|HPSfgpa2_hps_0_hps_io_border:border|hps_sdram:hps_sdram_inst|altera_mem_if_oct_cyclonev:oct" File: D:/Projects/OrCAD/FMMA/Software/HPSfgpa2/synthesis/submodules/hps_sdram.v Line: 802
Info (12128): Elaborating entity "altera_mem_if_dll_cyclonev" for hierarchy "HPSfgpa2:u0|HPSfgpa2_hps_0:hps_0|HPSfgpa2_hps_0_hps_io:hps_io|HPSfgpa2_hps_0_hps_io_border:border|hps_sdram:hps_sdram_inst|altera_mem_if_dll_cyclonev:dll" File: D:/Projects/OrCAD/FMMA/Software/HPSfgpa2/synthesis/submodules/hps_sdram.v Line: 814
Info (12128): Elaborating entity "HPSfgpa2_onchip_memory2_0" for hierarchy "HPSfgpa2:u0|HPSfgpa2_onchip_memory2_0:onchip_memory2_0" File: D:/Projects/OrCAD/FMMA/Software/HPSfgpa2/synthesis/HPSfgpa2.v Line: 281
Info (12128): Elaborating entity "altsyncram" for hierarchy "HPSfgpa2:u0|HPSfgpa2_onchip_memory2_0:onchip_memory2_0|altsyncram:the_altsyncram" File: D:/Projects/OrCAD/FMMA/Software/HPSfgpa2/synthesis/submodules/HPSfgpa2_onchip_memory2_0.v Line: 103
Info (12130): Elaborated megafunction instantiation "HPSfgpa2:u0|HPSfgpa2_onchip_memory2_0:onchip_memory2_0|altsyncram:the_altsyncram" File: D:/Projects/OrCAD/FMMA/Software/HPSfgpa2/synthesis/submodules/HPSfgpa2_onchip_memory2_0.v Line: 103
Info (12133): Instantiated megafunction "HPSfgpa2:u0|HPSfgpa2_onchip_memory2_0:onchip_memory2_0|altsyncram:the_altsyncram" with the following parameter: File: D:/Projects/OrCAD/FMMA/Software/HPSfgpa2/synthesis/submodules/HPSfgpa2_onchip_memory2_0.v Line: 103
    Info (12134): Parameter "address_reg_b" = "CLOCK0"
    Info (12134): Parameter "byte_size" = "8"
    Info (12134): Parameter "byteena_reg_b" = "CLOCK0"
    Info (12134): Parameter "indata_reg_b" = "CLOCK0"
    Info (12134): Parameter "init_file" = "UNUSED"
    Info (12134): Parameter "lpm_type" = "altsyncram"
    Info (12134): Parameter "maximum_depth" = "1024"
    Info (12134): Parameter "numwords_a" = "1024"
    Info (12134): Parameter "numwords_b" = "1024"
    Info (12134): Parameter "operation_mode" = "BIDIR_DUAL_PORT"
    Info (12134): Parameter "outdata_reg_a" = "UNREGISTERED"
    Info (12134): Parameter "outdata_reg_b" = "UNREGISTERED"
    Info (12134): Parameter "ram_block_type" = "AUTO"
    Info (12134): Parameter "read_during_write_mode_mixed_ports" = "OLD_DATA"
    Info (12134): Parameter "width_a" = "32"
    Info (12134): Parameter "width_b" = "32"
    Info (12134): Parameter "width_byteena_a" = "4"
    Info (12134): Parameter "width_byteena_b" = "4"
    Info (12134): Parameter "widthad_a" = "10"
    Info (12134): Parameter "widthad_b" = "10"
    Info (12134): Parameter "wrcontrol_wraddress_reg_b" = "CLOCK0"
Info (12021): Found 1 design units, including 1 entities, in source file db/altsyncram_m872.tdf
    Info (12023): Found entity 1: altsyncram_m872 File: D:/Projects/OrCAD/FMMA/db/altsyncram_m872.tdf Line: 28
Info (12128): Elaborating entity "altsyncram_m872" for hierarchy "HPSfgpa2:u0|HPSfgpa2_onchip_memory2_0:onchip_memory2_0|altsyncram:the_altsyncram|altsyncram_m872:auto_generated" File: d:/software/quartus/libraries/megafunctions/altsyncram.tdf Line: 792
Info (12128): Elaborating entity "HPSfgpa2_mm_interconnect_0" for hierarchy "HPSfgpa2:u0|HPSfgpa2_mm_interconnect_0:mm_interconnect_0" File: D:/Projects/OrCAD/FMMA/Software/HPSfgpa2/synthesis/HPSfgpa2.v Line: 330
Info (12128): Elaborating entity "altera_merlin_slave_translator" for hierarchy "HPSfgpa2:u0|HPSfgpa2_mm_interconnect_0:mm_interconnect_0|altera_merlin_slave_translator:onchip_memory2_0_s1_translator" File: D:/Projects/OrCAD/FMMA/Software/HPSfgpa2/synthesis/submodules/HPSfgpa2_mm_interconnect_0.v Line: 233
Info (12128): Elaborating entity "altera_merlin_axi_master_ni" for hierarchy "HPSfgpa2:u0|HPSfgpa2_mm_interconnect_0:mm_interconnect_0|altera_merlin_axi_master_ni:hps_0_h2f_lw_axi_master_agent" File: D:/Projects/OrCAD/FMMA/Software/HPSfgpa2/synthesis/submodules/HPSfgpa2_mm_interconnect_0.v Line: 361
Info (12128): Elaborating entity "altera_merlin_address_alignment" for hierarchy "HPSfgpa2:u0|HPSfgpa2_mm_interconnect_0:mm_interconnect_0|altera_merlin_axi_master_ni:hps_0_h2f_lw_axi_master_agent|altera_merlin_address_alignment:align_address_to_size" File: D:/Projects/OrCAD/FMMA/Software/HPSfgpa2/synthesis/submodules/altera_merlin_axi_master_ni.sv Line: 485
Info (12128): Elaborating entity "altera_merlin_slave_agent" for hierarchy "HPSfgpa2:u0|HPSfgpa2_mm_interconnect_0:mm_interconnect_0|altera_merlin_slave_agent:onchip_memory2_0_s1_agent" File: D:/Projects/OrCAD/FMMA/Software/HPSfgpa2/synthesis/submodules/HPSfgpa2_mm_interconnect_0.v Line: 445
Info (12128): Elaborating entity "altera_merlin_burst_uncompressor" for hierarchy "HPSfgpa2:u0|HPSfgpa2_mm_interconnect_0:mm_interconnect_0|altera_merlin_slave_agent:onchip_memory2_0_s1_agent|altera_merlin_burst_uncompressor:uncompressor" File: D:/Projects/OrCAD/FMMA/Software/HPSfgpa2/synthesis/submodules/altera_merlin_slave_agent.sv Line: 608
Info (12128): Elaborating entity "altera_avalon_sc_fifo" for hierarchy "HPSfgpa2:u0|HPSfgpa2_mm_interconnect_0:mm_interconnect_0|altera_avalon_sc_fifo:onchip_memory2_0_s1_agent_rsp_fifo" File: D:/Projects/OrCAD/FMMA/Software/HPSfgpa2/synthesis/submodules/HPSfgpa2_mm_interconnect_0.v Line: 486
Info (12128): Elaborating entity "altera_avalon_sc_fifo" for hierarchy "HPSfgpa2:u0|HPSfgpa2_mm_interconnect_0:mm_interconnect_0|altera_avalon_sc_fifo:onchip_memory2_0_s1_agent_rdata_fifo" File: D:/Projects/OrCAD/FMMA/Software/HPSfgpa2/synthesis/submodules/HPSfgpa2_mm_interconnect_0.v Line: 527
Info (12128): Elaborating entity "HPSfgpa2_mm_interconnect_0_router" for hierarchy "HPSfgpa2:u0|HPSfgpa2_mm_interconnect_0:mm_interconnect_0|HPSfgpa2_mm_interconnect_0_router:router" File: D:/Projects/OrCAD/FMMA/Software/HPSfgpa2/synthesis/submodules/HPSfgpa2_mm_interconnect_0.v Line: 543
Info (12128): Elaborating entity "HPSfgpa2_mm_interconnect_0_router_default_decode" for hierarchy "HPSfgpa2:u0|HPSfgpa2_mm_interconnect_0:mm_interconnect_0|HPSfgpa2_mm_interconnect_0_router:router|HPSfgpa2_mm_interconnect_0_router_default_decode:the_default_decode" File: D:/Projects/OrCAD/FMMA/Software/HPSfgpa2/synthesis/submodules/HPSfgpa2_mm_interconnect_0_router.sv Line: 174
Info (12128): Elaborating entity "HPSfgpa2_mm_interconnect_0_router_002" for hierarchy "HPSfgpa2:u0|HPSfgpa2_mm_interconnect_0:mm_interconnect_0|HPSfgpa2_mm_interconnect_0_router_002:router_002" File: D:/Projects/OrCAD/FMMA/Software/HPSfgpa2/synthesis/submodules/HPSfgpa2_mm_interconnect_0.v Line: 575
Info (12128): Elaborating entity "HPSfgpa2_mm_interconnect_0_router_002_default_decode" for hierarchy "HPSfgpa2:u0|HPSfgpa2_mm_interconnect_0:mm_interconnect_0|HPSfgpa2_mm_interconnect_0_router_002:router_002|HPSfgpa2_mm_interconnect_0_router_002_default_decode:the_default_decode" File: D:/Projects/OrCAD/FMMA/Software/HPSfgpa2/synthesis/submodules/HPSfgpa2_mm_interconnect_0_router_002.sv Line: 181
Info (12128): Elaborating entity "altera_merlin_burst_adapter" for hierarchy "HPSfgpa2:u0|HPSfgpa2_mm_interconnect_0:mm_interconnect_0|altera_merlin_burst_adapter:onchip_memory2_0_s1_burst_adapter" File: D:/Projects/OrCAD/FMMA/Software/HPSfgpa2/synthesis/submodules/HPSfgpa2_mm_interconnect_0.v Line: 625
Info (12128): Elaborating entity "altera_merlin_burst_adapter_13_1" for hierarchy "HPSfgpa2:u0|HPSfgpa2_mm_interconnect_0:mm_interconnect_0|altera_merlin_burst_adapter:onchip_memory2_0_s1_burst_adapter|altera_merlin_burst_adapter_13_1:altera_merlin_burst_adapter_13_1.burst_adapter" File: D:/Projects/OrCAD/FMMA/Software/HPSfgpa2/synthesis/submodules/altera_merlin_burst_adapter.sv Line: 181
Info (12128): Elaborating entity "altera_merlin_address_alignment" for hierarchy "HPSfgpa2:u0|HPSfgpa2_mm_interconnect_0:mm_interconnect_0|altera_merlin_burst_adapter:onchip_memory2_0_s1_burst_adapter|altera_merlin_burst_adapter_13_1:altera_merlin_burst_adapter_13_1.burst_adapter|altera_merlin_address_alignment:align_address_to_size" File: D:/Projects/OrCAD/FMMA/Software/HPSfgpa2/synthesis/submodules/altera_merlin_burst_adapter_13_1.sv Line: 778
Info (12128): Elaborating entity "altera_merlin_burst_adapter_burstwrap_increment" for hierarchy "HPSfgpa2:u0|HPSfgpa2_mm_interconnect_0:mm_interconnect_0|altera_merlin_burst_adapter:onchip_memory2_0_s1_burst_adapter|altera_merlin_burst_adapter_13_1:altera_merlin_burst_adapter_13_1.burst_adapter|altera_merlin_burst_adapter_burstwrap_increment:the_burstwrap_increment" File: D:/Projects/OrCAD/FMMA/Software/HPSfgpa2/synthesis/submodules/altera_merlin_burst_adapter_13_1.sv Line: 979
Info (12128): Elaborating entity "altera_merlin_burst_adapter_min" for hierarchy "HPSfgpa2:u0|HPSfgpa2_mm_interconnect_0:mm_interconnect_0|altera_merlin_burst_adapter:onchip_memory2_0_s1_burst_adapter|altera_merlin_burst_adapter_13_1:altera_merlin_burst_adapter_13_1.burst_adapter|altera_merlin_burst_adapter_min:the_min" File: D:/Projects/OrCAD/FMMA/Software/HPSfgpa2/synthesis/submodules/altera_merlin_burst_adapter_13_1.sv Line: 1004
Info (12128): Elaborating entity "altera_merlin_burst_adapter_subtractor" for hierarchy "HPSfgpa2:u0|HPSfgpa2_mm_interconnect_0:mm_interconnect_0|altera_merlin_burst_adapter:onchip_memory2_0_s1_burst_adapter|altera_merlin_burst_adapter_13_1:altera_merlin_burst_adapter_13_1.burst_adapter|altera_merlin_burst_adapter_min:the_min|altera_merlin_burst_adapter_subtractor:ab_sub" File: D:/Projects/OrCAD/FMMA/Software/HPSfgpa2/synthesis/submodules/altera_merlin_burst_adapter_13_1.sv Line: 157
Info (12128): Elaborating entity "altera_merlin_burst_adapter_adder" for hierarchy "HPSfgpa2:u0|HPSfgpa2_mm_interconnect_0:mm_interconnect_0|altera_merlin_burst_adapter:onchip_memory2_0_s1_burst_adapter|altera_merlin_burst_adapter_13_1:altera_merlin_burst_adapter_13_1.burst_adapter|altera_merlin_burst_adapter_min:the_min|altera_merlin_burst_adapter_subtractor:ab_sub|altera_merlin_burst_adapter_adder:subtract" File: D:/Projects/OrCAD/FMMA/Software/HPSfgpa2/synthesis/submodules/altera_merlin_burst_adapter_13_1.sv Line: 88
Info (12128): Elaborating entity "HPSfgpa2_mm_interconnect_0_cmd_demux" for hierarchy "HPSfgpa2:u0|HPSfgpa2_mm_interconnect_0:mm_interconnect_0|HPSfgpa2_mm_interconnect_0_cmd_demux:cmd_demux" File: D:/Projects/OrCAD/FMMA/Software/HPSfgpa2/synthesis/submodules/HPSfgpa2_mm_interconnect_0.v Line: 642
Info (12128): Elaborating entity "HPSfgpa2_mm_interconnect_0_cmd_mux" for hierarchy "HPSfgpa2:u0|HPSfgpa2_mm_interconnect_0:mm_interconnect_0|HPSfgpa2_mm_interconnect_0_cmd_mux:cmd_mux" File: D:/Projects/OrCAD/FMMA/Software/HPSfgpa2/synthesis/submodules/HPSfgpa2_mm_interconnect_0.v Line: 682
Info (12128): Elaborating entity "altera_merlin_arbitrator" for hierarchy "HPSfgpa2:u0|HPSfgpa2_mm_interconnect_0:mm_interconnect_0|HPSfgpa2_mm_interconnect_0_cmd_mux:cmd_mux|altera_merlin_arbitrator:arb" File: D:/Projects/OrCAD/FMMA/Software/HPSfgpa2/synthesis/submodules/HPSfgpa2_mm_interconnect_0_cmd_mux.sv Line: 287
Info (12128): Elaborating entity "altera_merlin_arb_adder" for hierarchy "HPSfgpa2:u0|HPSfgpa2_mm_interconnect_0:mm_interconnect_0|HPSfgpa2_mm_interconnect_0_cmd_mux:cmd_mux|altera_merlin_arbitrator:arb|altera_merlin_arb_adder:adder" File: D:/Projects/OrCAD/FMMA/Software/HPSfgpa2/synthesis/submodules/altera_merlin_arbitrator.sv Line: 169
Info (12128): Elaborating entity "HPSfgpa2_mm_interconnect_0_rsp_demux" for hierarchy "HPSfgpa2:u0|HPSfgpa2_mm_interconnect_0:mm_interconnect_0|HPSfgpa2_mm_interconnect_0_rsp_demux:rsp_demux" File: D:/Projects/OrCAD/FMMA/Software/HPSfgpa2/synthesis/submodules/HPSfgpa2_mm_interconnect_0.v Line: 705
Info (12128): Elaborating entity "HPSfgpa2_mm_interconnect_0_rsp_mux" for hierarchy "HPSfgpa2:u0|HPSfgpa2_mm_interconnect_0:mm_interconnect_0|HPSfgpa2_mm_interconnect_0_rsp_mux:rsp_mux" File: D:/Projects/OrCAD/FMMA/Software/HPSfgpa2/synthesis/submodules/HPSfgpa2_mm_interconnect_0.v Line: 722
Info (12128): Elaborating entity "HPSfgpa2_mm_interconnect_0_avalon_st_adapter" for hierarchy "HPSfgpa2:u0|HPSfgpa2_mm_interconnect_0:mm_interconnect_0|HPSfgpa2_mm_interconnect_0_avalon_st_adapter:avalon_st_adapter" File: D:/Projects/OrCAD/FMMA/Software/HPSfgpa2/synthesis/submodules/HPSfgpa2_mm_interconnect_0.v Line: 768
Info (12128): Elaborating entity "HPSfgpa2_mm_interconnect_0_avalon_st_adapter_error_adapter_0" for hierarchy "HPSfgpa2:u0|HPSfgpa2_mm_interconnect_0:mm_interconnect_0|HPSfgpa2_mm_interconnect_0_avalon_st_adapter:avalon_st_adapter|HPSfgpa2_mm_interconnect_0_avalon_st_adapter_error_adapter_0:error_adapter_0" File: D:/Projects/OrCAD/FMMA/Software/HPSfgpa2/synthesis/submodules/HPSfgpa2_mm_interconnect_0_avalon_st_adapter.v Line: 200
Info (12128): Elaborating entity "altera_reset_controller" for hierarchy "HPSfgpa2:u0|altera_reset_controller:rst_controller" File: D:/Projects/OrCAD/FMMA/Software/HPSfgpa2/synthesis/HPSfgpa2.v Line: 393
Info (12128): Elaborating entity "altera_reset_synchronizer" for hierarchy "HPSfgpa2:u0|altera_reset_controller:rst_controller|altera_reset_synchronizer:alt_rst_sync_uq1" File: D:/Projects/OrCAD/FMMA/Software/HPSfgpa2/synthesis/submodules/altera_reset_controller.v Line: 208
Info (12128): Elaborating entity "altera_reset_synchronizer" for hierarchy "HPSfgpa2:u0|altera_reset_controller:rst_controller|altera_reset_synchronizer:alt_rst_req_sync_uq1" File: D:/Projects/OrCAD/FMMA/Software/HPSfgpa2/synthesis/submodules/altera_reset_controller.v Line: 220
Info (12128): Elaborating entity "altera_reset_controller" for hierarchy "HPSfgpa2:u0|altera_reset_controller:rst_controller_001" File: D:/Projects/OrCAD/FMMA/Software/HPSfgpa2/synthesis/HPSfgpa2.v Line: 456
Info (12128): Elaborating entity "MUX16to1" for hierarchy "MUX16to1:srcMUX" File: D:/Projects/OrCAD/FMMA/Software/HFTtop.v Line: 179
Info (12128): Elaborating entity "MUX2to1" for hierarchy "MUX2to1:immMUX" File: D:/Projects/OrCAD/FMMA/Software/HFTtop.v Line: 228
Info (12128): Elaborating entity "RegBank" for hierarchy "RegBank:regBank" File: D:/Projects/OrCAD/FMMA/Software/HFTtop.v Line: 246
Info (12128): Elaborating entity "register" for hierarchy "RegBank:regBank|register:R0" File: D:/Projects/OrCAD/FMMA/Code/registerFinal Line: 45
Info (12128): Elaborating entity "ALUFinal" for hierarchy "ALUFinal:ALU" File: D:/Projects/OrCAD/FMMA/Software/HFTtop.v Line: 259
Warning (10036): Verilog HDL or VHDL warning at ALUFinal(41): object "i" assigned a value but never read File: D:/Projects/OrCAD/FMMA/Code/ALUFinal Line: 41
Info (12128): Elaborating entity "FSMtrial" for hierarchy "FSMtrial:FSM" File: D:/Projects/OrCAD/FMMA/Software/HFTtop.v Line: 281
Info (12128): Elaborating entity "PC" for hierarchy "PC:PC" File: D:/Projects/OrCAD/FMMA/Software/HFTtop.v Line: 289
Info (12128): Elaborating entity "Disp" for hierarchy "Disp:Disp" File: D:/Projects/OrCAD/FMMA/Software/HFTtop.v Line: 297
Info (12128): Elaborating entity "IR" for hierarchy "IR:IR" File: D:/Projects/OrCAD/FMMA/Software/HFTtop.v Line: 305
Info (12128): Elaborating entity "FR" for hierarchy "FR:FR" File: D:/Projects/OrCAD/FMMA/Software/HFTtop.v Line: 313
Info (12128): Elaborating entity "Encoder4to16" for hierarchy "Encoder4to16:Encoder" File: D:/Projects/OrCAD/FMMA/Software/HFTtop.v Line: 319
Warning (12241): 31 hierarchies have connectivity warnings - see the Connectivity Checks report folder
Warning (13009): TRI or OPNDRN buffers permanently enabled
    Warning (13010): Node "HPS_DDR3_DQ[0]~synth" File: D:/Projects/OrCAD/FMMA/Software/HFTtop.v Line: 51
    Warning (13010): Node "HPS_DDR3_DQ[1]~synth" File: D:/Projects/OrCAD/FMMA/Software/HFTtop.v Line: 51
    Warning (13010): Node "HPS_DDR3_DQ[2]~synth" File: D:/Projects/OrCAD/FMMA/Software/HFTtop.v Line: 51
    Warning (13010): Node "HPS_DDR3_DQ[3]~synth" File: D:/Projects/OrCAD/FMMA/Software/HFTtop.v Line: 51
    Warning (13010): Node "HPS_DDR3_DQ[4]~synth" File: D:/Projects/OrCAD/FMMA/Software/HFTtop.v Line: 51
    Warning (13010): Node "HPS_DDR3_DQ[5]~synth" File: D:/Projects/OrCAD/FMMA/Software/HFTtop.v Line: 51
    Warning (13010): Node "HPS_DDR3_DQ[6]~synth" File: D:/Projects/OrCAD/FMMA/Software/HFTtop.v Line: 51
    Warning (13010): Node "HPS_DDR3_DQ[7]~synth" File: D:/Projects/OrCAD/FMMA/Software/HFTtop.v Line: 51
    Warning (13010): Node "HPS_DDR3_DQS_N~synth" File: D:/Projects/OrCAD/FMMA/Software/HFTtop.v Line: 52
    Warning (13010): Node "HPS_DDR3_DQS_P~synth" File: D:/Projects/OrCAD/FMMA/Software/HFTtop.v Line: 53
Info (286031): Timing-Driven Synthesis is running on partition "Top"
Info (17049): 35 registers lost all their fanouts during netlist optimizations.
Info (286031): Timing-Driven Synthesis is running on partition "HPSfgpa2_hps_0_hps_io_border:border"
Info (144001): Generated suppressed messages file D:/Projects/OrCAD/FMMA/output_files/HFTTop.map.smsg
Info (16010): Generating hard_block partition "hard_block:auto_generated_inst"
    Info (16011): Adding 11 node(s), including 0 DDIO, 0 PLL, 0 transceiver and 0 LCELL
Info (21057): Implemented 2681 device resources after synthesis - the final resource count might be different
    Info (21058): Implemented 3 input pins
    Info (21059): Implemented 33 output pins
    Info (21060): Implemented 10 bidirectional pins
    Info (21061): Implemented 2341 logic cells
    Info (21064): Implemented 32 RAM segments
    Info (21066): Implemented 1 delay-locked loops
    Info (21062): Implemented 2 DSP elements
Info: Quartus Prime Analysis & Synthesis was successful. 0 errors, 30 warnings
    Info: Peak virtual memory: 5078 megabytes
    Info: Processing ended: Fri Sep 11 13:48:20 2026
    Info: Elapsed time: 00:04:20
    Info: Total CPU time (on all processors): 00:04:28


+------------------------------------------+
; Analysis & Synthesis Suppressed Messages ;
+------------------------------------------+
The suppressed messages can be found in D:/Projects/OrCAD/FMMA/output_files/HFTTop.map.smsg.


